Parameters Labels,Par_0,Wavelength0,Exp_0,,,
Scanner X,0.0000000E+0,0.0000000E+0,0.0000000E+0,,,
Scanner Y,0.0000000E+0,4.0003324E-3,6.0000000E+0,,,
Excitation Power,4.8712621E-4,8.0006649E-3,3.0000000E+0,,,
V_A,2.7170140E-6,1.2000997E-2,0.0000000E+0,,,
I_A,-1.6166410E-13,1.6001330E-2,6.0000000E+0,,,
V_B,1.5382880E-6,2.0001662E-2,5.0000000E+0,,,
I_B,5.8272660E-13,2.4001995E-2,3.0000000E+0,,,
PD_V,1.0512639E+1,2.8002327E-2,1.3000000E+1,,,
T,-1.0000000E+0,3.2002659E-2,8.0000000E+0,,,
SR865_R,-1.0000000E+0,3.6002992E-2,7.0000000E+0,,,
SR865_T,-1.0000000E+0,4.0003324E-2,6.0000000E+0,,,
SR865_AUX4,-1.0000000E+0,4.4003657E-2,7.0000000E+0,,,
Fianium_Varia_Central_Wavelength,7.3000000E+2,4.8003989E-2,7.0000000E+0,,,
Fianium_Varia_Bandwidth,1.0000000E+1,5.2004322E-2,1.1000000E+1,,,
Fianium_Laser_Power,9.0000000E+1,5.6004654E-2,1.1000000E+1,,,
Fianium_Varia_ND,0.0000000E+0,6.0004986E-2,8.0000000E+0,,,
NKT - Pulse Picker Ratio,1.0000000E+0,6.4005319E-2,4.0000000E+0,,,
Fianium_Select_W0,-1.0000000E+0,6.8005651E-2,5.0000000E+0,,,
Fianium_Select_W1,-1.0000000E+0,7.2005984E-2,1.0000000E+1,,,
Fianium_Select_W2,-1.0000000E+0,7.6006316E-2,1.1000000E+1,,,
Fianium_Select_W3,-1.0000000E+0,8.0006649E-2,3.0000000E+0,,,
Fianium_Select_W4,-1.0000000E+0,8.4006981E-2,3.0000000E+0,,,
Fianium_Select_W5,-1.0000000E+0,8.8007314E-2,7.0000000E+0,,,
Fianium_Select_W6,-1.0000000E+0,9.2007646E-2,9.0000000E+0,,,
Fianium_Select_W7,-1.0000000E+0,9.6007978E-2,5.0000000E+0,,,
Fianium_Select_A0,-1.0000000E+0,1.0000831E-1,1.0000000E+1,,,
Fianium_Select_A1,-1.0000000E+0,1.0400864E-1,6.0000000E+0,,,
Fianium_Select_A2,-1.0000000E+0,1.0800898E-1,8.0000000E+0,,,
Fianium_Select_A3,-1.0000000E+0,1.1200931E-1,7.0000000E+0,,,
Fianium_Select_A4,9.3000000E+4,1.1600964E-1,4.0000000E+0,,,
Fianium_Select_A5,7.7996720E+7,1.2000997E-1,6.0000000E+0,,,
Fianium_Select_A6,2.1000000E+2,1.2401031E-1,6.0000000E+0,,,
Fianium_Select_A7,3.0002000E+2,1.2801064E-1,8.0000000E+0,,,
33600A_Ch1_Vpp,-1.0000000E+0,1.3201097E-1,1.0000000E+1,,,
33600A_Ch1_Vdc,-1.0000000E+0,1.3601130E-1,8.0000000E+0,,,
33600A_Ch1_freq,-1.0000000E+0,1.4001164E-1,9.0000000E+0,,,
33600A_Ch2_Vpp,-1.0000000E+0,1.4401197E-1,9.0000000E+0,,,
33600A_Ch2_Vdc,-1.0000000E+0,1.4801230E-1,1.0000000E+1,,,
33600A_Ch2_freq,0.0000000E+0,1.5201263E-1,7.0000000E+0,,,
PG1072_V_High,0.0000000E+0,1.5601296E-1,8.0000000E+0,,,
PG1072_V_Low,0.0000000E+0,1.6001330E-1,6.0000000E+0,,,
PG1072_PulseWidth,0.0000000E+0,1.6401363E-1,8.0000000E+0,,,
PG1072_PulseDelay,0.0000000E+0,1.6801396E-1,1.0000000E+1,,,
PG1072_Frequency,0.0000000E+0,1.7201429E-1,6.0000000E+0,,,
Galvo_X,0.0000000E+0,1.7601463E-1,6.0000000E+0,,,
Galvo_Y,0.0000000E+0,1.8001496E-1,8.0000000E+0,,,
TCML - Actual Position,0.0000000E+0,1.8401529E-1,4.0000000E+0,,,
Picoharp - RepRate,0.0000000E+0,1.8801562E-1,1.2000000E+1,,,
Picoharp - Counts,0.0000000E+0,1.9201596E-1,9.0000000E+0,,,
Picoharp - Actual Measurement Time,0.0000000E+0,1.9601629E-1,4.0000000E+0,,,
Solstis - Target Wavelength,0.0000000E+0,2.0001662E-1,7.0000000E+0,,,
Solstis - Actual Wavelength from Wavemeter,0.0000000E+0,2.0401695E-1,2.0000000E+0,,,
Rotation Axis - Value,0.0000000E+0,2.0801729E-1,4.0000000E+0,,,
ZI Vpp1,0.0000000E+0,2.1201762E-1,8.0000000E+0,,,
ZI Voff1,0.0000000E+0,2.1601795E-1,6.0000000E+0,,,
ZI Vpp2,0.0000000E+0,2.2001828E-1,2.0000000E+0,,,
ZI Voff2,0.0000000E+0,2.2401862E-1,5.0000000E+0,,,
,0.0000000E+0,2.2801895E-1,3.0000000E+0,,,
,0.0000000E+0,2.3201928E-1,5.0000000E+0,,,
,0.0000000E+0,2.3601961E-1,1.0000000E+1,,,
,0.0000000E+0,2.4001995E-1,9.0000000E+0,,,
,0.0000000E+0,2.4402028E-1,1.0000000E+0,,,
,0.0000000E+0,2.4802061E-1,1.0000000E+1,,,
,0.0000000E+0,2.5202094E-1,7.0000000E+0,,,
,0.0000000E+0,2.5602128E-1,3.0000000E+0,,,
,0.0000000E+0,2.6002161E-1,8.0000000E+0,,,
,0.0000000E+0,2.6402194E-1,1.1000000E+1,,,
,0.0000000E+0,2.6802227E-1,1.4000000E+1,,,
,0.0000000E+0,2.7202261E-1,6.0000000E+0,,,
,0.0000000E+0,2.7602294E-1,6.0000000E+0,,,
,0.0000000E+0,2.8002327E-1,4.0000000E+0,,,
,0.0000000E+0,2.8402360E-1,7.0000000E+0,,,
,0.0000000E+0,2.8802394E-1,4.0000000E+0,,,
,0.0000000E+0,2.9202427E-1,8.0000000E+0,,,
,0.0000000E+0,2.9602460E-1,6.0000000E+0,,,
,0.0000000E+0,3.0002493E-1,6.0000000E+0,,,
,0.0000000E+0,3.0402526E-1,6.0000000E+0,,,
,0.0000000E+0,3.0802560E-1,6.0000000E+0,,,
,0.0000000E+0,3.1202593E-1,1.2000000E+1,,,
,0.0000000E+0,3.1602626E-1,1.0000000E+1,,,
,0.0000000E+0,3.2002659E-1,9.0000000E+0,,,
,0.0000000E+0,3.2402693E-1,5.0000000E+0,,,
,0.0000000E+0,3.2802726E-1,6.0000000E+0,,,
,0.0000000E+0,3.3202759E-1,1.1000000E+1,,,
,0.0000000E+0,3.3602792E-1,8.0000000E+0,,,
,0.0000000E+0,3.4002826E-1,5.0000000E+0,,,
,0.0000000E+0,3.4402859E-1,7.0000000E+0,,,
,0.0000000E+0,3.4802892E-1,6.0000000E+0,,,
,0.0000000E+0,3.5202925E-1,3.0000000E+0,,,
,0.0000000E+0,3.5602959E-1,6.0000000E+0,,,
,0.0000000E+0,3.6002992E-1,5.0000000E+0,,,
,0.0000000E+0,3.6403025E-1,5.0000000E+0,,,
,0.0000000E+0,3.6803058E-1,3.0000000E+0,,,
,0.0000000E+0,3.7203092E-1,7.0000000E+0,,,
,0.0000000E+0,3.7603125E-1,1.2000000E+1,,,
,0.0000000E+0,3.8003158E-1,5.0000000E+0,,,
,0.0000000E+0,3.8403191E-1,7.0000000E+0,,,
,0.0000000E+0,3.8803225E-1,5.0000000E+0,,,
,0.0000000E+0,3.9203258E-1,2.0000000E+0,,,
,0.0000000E+0,3.9603291E-1,2.0000000E+0,,,
,0.0000000E+0,4.0003324E-1,6.0000000E+0,,,
,0.0000000E+0,4.0403358E-1,5.0000000E+0,,,
,0.0000000E+0,4.0803391E-1,4.0000000E+0,,,
,0.0000000E+0,4.1203424E-1,4.0000000E+0,,,
,0.0000000E+0,4.1603457E-1,1.1000000E+1,,,
,0.0000000E+0,4.2003491E-1,7.0000000E+0,,,
,0.0000000E+0,4.2403524E-1,3.0000000E+0,,,
,0.0000000E+0,4.2803557E-1,4.0000000E+0,,,
,0.0000000E+0,4.3203590E-1,9.0000000E+0,,,
,0.0000000E+0,4.3603624E-1,8.0000000E+0,,,
,0.0000000E+0,4.4003657E-1,8.0000000E+0,,,
,0.0000000E+0,4.4403690E-1,7.0000000E+0,,,
,0.0000000E+0,4.4803723E-1,5.0000000E+0,,,
,0.0000000E+0,4.5203756E-1,8.0000000E+0,,,
,0.0000000E+0,4.5603790E-1,4.0000000E+0,,,
,0.0000000E+0,4.6003823E-1,4.0000000E+0,,,
,0.0000000E+0,4.6403856E-1,5.0000000E+0,,,
,0.0000000E+0,4.6803889E-1,6.0000000E+0,,,
,0.0000000E+0,4.7203923E-1,1.2000000E+1,,,
,0.0000000E+0,4.7603956E-1,8.0000000E+0,,,
,0.0000000E+0,4.8003989E-1,1.0000000E+1,,,
,0.0000000E+0,4.8404022E-1,6.0000000E+0,,,
,0.0000000E+0,4.8804056E-1,9.0000000E+0,,,
,0.0000000E+0,4.9204089E-1,7.0000000E+0,,,
,0.0000000E+0,4.9604122E-1,8.0000000E+0,,,
,0.0000000E+0,5.0004155E-1,2.0000000E+0,,,
,0.0000000E+0,5.0404189E-1,8.0000000E+0,,,
,0.0000000E+0,5.0804222E-1,6.0000000E+0,,,
,0.0000000E+0,5.1204255E-1,6.0000000E+0,,,
,0.0000000E+0,5.1604288E-1,3.0000000E+0,,,
,0.0000000E+0,5.2004322E-1,7.0000000E+0,,,
,0.0000000E+0,5.2404355E-1,4.0000000E+0,,,
,0.0000000E+0,5.2804388E-1,9.0000000E+0,,,
,0.0000000E+0,5.3204421E-1,7.0000000E+0,,,
,0.0000000E+0,5.3604455E-1,5.0000000E+0,,,
,0.0000000E+0,5.4004488E-1,6.0000000E+0,,,
,0.0000000E+0,5.4404521E-1,5.0000000E+0,,,
,0.0000000E+0,5.4804554E-1,8.0000000E+0,,,
,0.0000000E+0,5.5204588E-1,8.0000000E+0,,,
,0.0000000E+0,5.5604621E-1,5.0000000E+0,,,
,0.0000000E+0,5.6004654E-1,5.0000000E+0,,,
,0.0000000E+0,5.6404687E-1,6.0000000E+0,,,
,0.0000000E+0,5.6804721E-1,1.0000000E+1,,,
,0.0000000E+0,5.7204754E-1,6.0000000E+0,,,
,0.0000000E+0,5.7604787E-1,4.0000000E+0,,,
,0.0000000E+0,5.8004820E-1,5.0000000E+0,,,
,0.0000000E+0,5.8404854E-1,3.0000000E+0,,,
,0.0000000E+0,5.8804887E-1,1.0000000E+0,,,
,0.0000000E+0,5.9204920E-1,3.0000000E+0,,,
,0.0000000E+0,5.9604953E-1,5.0000000E+0,,,
,0.0000000E+0,6.0004986E-1,7.0000000E+0,,,
,0.0000000E+0,6.0405020E-1,4.0000000E+0,,,
,0.0000000E+0,6.0805053E-1,4.0000000E+0,,,
,0.0000000E+0,6.1205086E-1,8.0000000E+0,,,
,0.0000000E+0,6.1605119E-1,2.0000000E+0,,,
,0.0000000E+0,6.2005153E-1,2.0000000E+0,,,
,0.0000000E+0,6.2405186E-1,7.0000000E+0,,,
,0.0000000E+0,6.2805219E-1,9.0000000E+0,,,
,0.0000000E+0,6.3205252E-1,4.0000000E+0,,,
,0.0000000E+0,6.3605286E-1,4.0000000E+0,,,
,0.0000000E+0,6.4005319E-1,6.0000000E+0,,,
,0.0000000E+0,6.4405352E-1,5.0000000E+0,,,
,0.0000000E+0,6.4805385E-1,8.0000000E+0,,,
,0.0000000E+0,6.5205419E-1,9.0000000E+0,,,
,0.0000000E+0,6.5605452E-1,5.0000000E+0,,,
,0.0000000E+0,6.6005485E-1,6.0000000E+0,,,
,0.0000000E+0,6.6405518E-1,1.0000000E+1,,,
,0.0000000E+0,6.6805552E-1,5.0000000E+0,,,
,0.0000000E+0,6.7205585E-1,5.0000000E+0,,,
,0.0000000E+0,6.7605618E-1,4.0000000E+0,,,
,0.0000000E+0,6.8005651E-1,7.0000000E+0,,,
,0.0000000E+0,6.8405685E-1,4.0000000E+0,,,
,0.0000000E+0,6.8805718E-1,8.0000000E+0,,,
,0.0000000E+0,6.9205751E-1,6.0000000E+0,,,
,0.0000000E+0,6.9605784E-1,5.0000000E+0,,,
,0.0000000E+0,7.0005818E-1,5.0000000E+0,,,
,0.0000000E+0,7.0405851E-1,1.0000000E+0,,,
,0.0000000E+0,7.0805884E-1,7.0000000E+0,,,
,0.0000000E+0,7.1205917E-1,2.0000000E+0,,,
,0.0000000E+0,7.1605951E-1,7.0000000E+0,,,
,0.0000000E+0,7.2005984E-1,6.0000000E+0,,,
,0.0000000E+0,7.2406017E-1,6.0000000E+0,,,
,0.0000000E+0,7.2806050E-1,3.0000000E+0,,,
,0.0000000E+0,7.3206084E-1,6.0000000E+0,,,
,0.0000000E+0,7.3606117E-1,4.0000000E+0,,,
,0.0000000E+0,7.4006150E-1,6.0000000E+0,,,
,0.0000000E+0,7.4406183E-1,3.0000000E+0,,,
,0.0000000E+0,7.4806216E-1,5.0000000E+0,,,
,0.0000000E+0,7.5206250E-1,1.0000000E+1,,,
,0.0000000E+0,7.5606283E-1,8.0000000E+0,,,
,0.0000000E+0,7.6006316E-1,8.0000000E+0,,,
,0.0000000E+0,7.6406349E-1,1.0000000E+0,,,
,0.0000000E+0,7.6806383E-1,5.0000000E+0,,,
,0.0000000E+0,7.7206416E-1,3.0000000E+0,,,
,0.0000000E+0,7.7606449E-1,5.0000000E+0,,,
,0.0000000E+0,7.8006482E-1,8.0000000E+0,,,
,0.0000000E+0,7.8406516E-1,3.0000000E+0,,,
,0.0000000E+0,7.8806549E-1,5.0000000E+0,,,
,0.0000000E+0,7.9206582E-1,4.0000000E+0,,,
,0.0000000E+0,7.9606615E-1,7.0000000E+0,,,
,0.0000000E+0,8.0006649E-1,8.0000000E+0,,,
,0.0000000E+0,8.0406682E-1,9.0000000E+0,,,
,0.0000000E+0,8.0806715E-1,4.0000000E+0,,,
,0.0000000E+0,8.1206748E-1,2.0000000E+0,,,
,0.0000000E+0,8.1606782E-1,4.0000000E+0,,,
,0.0000000E+0,8.2006815E-1,3.0000000E+0,,,
,0.0000000E+0,8.2406848E-1,2.0000000E+0,,,
,0.0000000E+0,8.2806881E-1,5.0000000E+0,,,
,0.0000000E+0,8.3206915E-1,7.0000000E+0,,,
,0.0000000E+0,8.3606948E-1,6.0000000E+0,,,
,0.0000000E+0,8.4006981E-1,6.0000000E+0,,,
,0.0000000E+0,8.4407014E-1,2.0000000E+0,,,
,0.0000000E+0,8.4807048E-1,4.0000000E+0,,,
,0.0000000E+0,8.5207081E-1,7.0000000E+0,,,
,0.0000000E+0,8.5607114E-1,8.0000000E+0,,,
,0.0000000E+0,8.6007147E-1,4.0000000E+0,,,
,0.0000000E+0,8.6407181E-1,6.0000000E+0,,,
,0.0000000E+0,8.6807214E-1,6.0000000E+0,,,
,0.0000000E+0,8.7207247E-1,1.2000000E+1,,,
,0.0000000E+0,8.7607280E-1,4.0000000E+0,,,
,0.0000000E+0,8.8007314E-1,4.0000000E+0,,,
,0.0000000E+0,8.8407347E-1,4.0000000E+0,,,
,0.0000000E+0,8.8807380E-1,8.0000000E+0,,,
,0.0000000E+0,8.9207413E-1,5.0000000E+0,,,
,0.0000000E+0,8.9607446E-1,6.0000000E+0,,,
,0.0000000E+0,9.0007480E-1,7.0000000E+0,,,
,0.0000000E+0,9.0407513E-1,4.0000000E+0,,,
,0.0000000E+0,9.0807546E-1,2.0000000E+0,,,
,0.0000000E+0,9.1207579E-1,4.0000000E+0,,,
,0.0000000E+0,9.1607613E-1,1.0000000E+0,,,
,0.0000000E+0,9.2007646E-1,6.0000000E+0,,,
,0.0000000E+0,9.2407679E-1,4.0000000E+0,,,
,0.0000000E+0,9.2807712E-1,7.0000000E+0,,,
,0.0000000E+0,9.3207746E-1,8.0000000E+0,,,
,0.0000000E+0,9.3607779E-1,4.0000000E+0,,,
,0.0000000E+0,9.4007812E-1,5.0000000E+0,,,
,0.0000000E+0,9.4407845E-1,4.0000000E+0,,,
,0.0000000E+0,9.4807879E-1,4.0000000E+0,,,
,0.0000000E+0,9.5207912E-1,3.0000000E+0,,,
,0.0000000E+0,9.5607945E-1,3.0000000E+0,,,
,0.0000000E+0,9.6007978E-1,4.0000000E+0,,,
,0.0000000E+0,9.6408012E-1,5.0000000E+0,,,
,0.0000000E+0,9.6808045E-1,1.0000000E+0,,,
,0.0000000E+0,9.7208078E-1,7.0000000E+0,,,
,0.0000000E+0,9.7608111E-1,7.0000000E+0,,,
,0.0000000E+0,9.8008145E-1,7.0000000E+0,,,
,0.0000000E+0,9.8408178E-1,4.0000000E+0,,,
,0.0000000E+0,9.8808211E-1,3.0000000E+0,,,
,0.0000000E+0,9.9208244E-1,6.0000000E+0,,,
,0.0000000E+0,9.9608278E-1,8.0000000E+0,,,
,0.0000000E+0,1.0000831E+0,2.0000000E+0,,,
,0.0000000E+0,1.0040834E+0,1.1000000E+1,,,
,0.0000000E+0,1.0080838E+0,5.0000000E+0,,,
,0.0000000E+0,1.0120841E+0,6.0000000E+0,,,
,0.0000000E+0,1.0160844E+0,2.0000000E+0,,,
,0.0000000E+0,1.0200848E+0,3.0000000E+0,,,
,0.0000000E+0,1.0240851E+0,7.0000000E+0,,,
,0.0000000E+0,1.0280854E+0,6.0000000E+0,,,
,0.0000000E+0,1.0320858E+0,5.0000000E+0,,,
,0.0000000E+0,1.0360861E+0,7.0000000E+0,,,
,0.0000000E+0,1.0400864E+0,4.0000000E+0,,,
,0.0000000E+0,1.0440868E+0,1.0000000E+1,,,
,0.0000000E+0,1.0480871E+0,9.0000000E+0,,,
,0.0000000E+0,1.0520874E+0,2.0000000E+0,,,
,0.0000000E+0,1.0560878E+0,9.0000000E+0,,,
,0.0000000E+0,1.0600881E+0,3.0000000E+0,,,
,0.0000000E+0,1.0640884E+0,5.0000000E+0,,,
,0.0000000E+0,1.0680888E+0,2.0000000E+0,,,
,0.0000000E+0,1.0720891E+0,5.0000000E+0,,,
,0.0000000E+0,1.0760894E+0,6.0000000E+0,,,
,0.0000000E+0,1.0800898E+0,7.0000000E+0,,,
,0.0000000E+0,1.0840901E+0,9.0000000E+0,,,
,0.0000000E+0,1.0880904E+0,4.0000000E+0,,,
,0.0000000E+0,1.0920908E+0,6.0000000E+0,,,
,0.0000000E+0,1.0960911E+0,4.0000000E+0,,,
,0.0000000E+0,1.1000914E+0,7.0000000E+0,,,
,0.0000000E+0,1.1040918E+0,3.0000000E+0,,,
,0.0000000E+0,1.1080921E+0,3.0000000E+0,,,
,0.0000000E+0,1.1120924E+0,1.0000000E+0,,,
,0.0000000E+0,1.1160927E+0,2.0000000E+0,,,
,0.0000000E+0,1.1200931E+0,7.0000000E+0,,,
,0.0000000E+0,1.1240934E+0,6.0000000E+0,,,
,0.0000000E+0,1.1280937E+0,4.0000000E+0,,,
,0.0000000E+0,1.1320941E+0,3.0000000E+0,,,
,0.0000000E+0,1.1360944E+0,1.1000000E+1,,,
,0.0000000E+0,1.1400947E+0,6.0000000E+0,,,
,0.0000000E+0,1.1440951E+0,6.0000000E+0,,,
,0.0000000E+0,1.1480954E+0,3.0000000E+0,,,
,0.0000000E+0,1.1520957E+0,3.0000000E+0,,,
,0.0000000E+0,1.1560961E+0,4.0000000E+0,,,
,0.0000000E+0,1.1600964E+0,2.0000000E+0,,,
,0.0000000E+0,1.1640967E+0,4.0000000E+0,,,
,0.0000000E+0,1.1680971E+0,3.0000000E+0,,,
,0.0000000E+0,1.1720974E+0,8.0000000E+0,,,
,0.0000000E+0,1.1760977E+0,4.0000000E+0,,,
,0.0000000E+0,1.1800981E+0,9.0000000E+0,,,
,0.0000000E+0,1.1840984E+0,6.0000000E+0,,,
,0.0000000E+0,1.1880987E+0,9.0000000E+0,,,
,0.0000000E+0,1.1920991E+0,5.0000000E+0,,,
,0.0000000E+0,1.1960994E+0,6.0000000E+0,,,
,0.0000000E+0,1.2000997E+0,3.0000000E+0,,,
,0.0000000E+0,1.2041001E+0,2.0000000E+0,,,
,0.0000000E+0,1.2081004E+0,6.0000000E+0,,,
,0.0000000E+0,1.2121007E+0,5.0000000E+0,,,
,0.0000000E+0,1.2161011E+0,5.0000000E+0,,,
,0.0000000E+0,1.2201014E+0,9.0000000E+0,,,
,0.0000000E+0,1.2241017E+0,4.0000000E+0,,,
,0.0000000E+0,1.2281021E+0,8.0000000E+0,,,
,0.0000000E+0,1.2321024E+0,2.0000000E+0,,,
,0.0000000E+0,1.2361027E+0,2.0000000E+0,,,
,0.0000000E+0,1.2401031E+0,7.0000000E+0,,,
,0.0000000E+0,1.2441034E+0,7.0000000E+0,,,
,0.0000000E+0,1.2481037E+0,3.0000000E+0,,,
,0.0000000E+0,1.2521041E+0,6.0000000E+0,,,
,0.0000000E+0,1.2561044E+0,7.0000000E+0,,,
,0.0000000E+0,1.2601047E+0,0.0000000E+0,,,
,0.0000000E+0,1.2641050E+0,8.0000000E+0,,,
,0.0000000E+0,1.2681054E+0,6.0000000E+0,,,
,0.0000000E+0,1.2721057E+0,4.0000000E+0,,,
,0.0000000E+0,1.2761060E+0,3.0000000E+0,,,
,0.0000000E+0,1.2801064E+0,1.0000000E+1,,,
,0.0000000E+0,1.2841067E+0,3.0000000E+0,,,
,0.0000000E+0,1.2881070E+0,7.0000000E+0,,,
,0.0000000E+0,1.2921074E+0,3.0000000E+0,,,
,0.0000000E+0,1.2961077E+0,9.0000000E+0,,,
,0.0000000E+0,1.3001080E+0,0.0000000E+0,,,
,0.0000000E+0,1.3041084E+0,4.0000000E+0,,,
,0.0000000E+0,1.3081087E+0,7.0000000E+0,,,
,0.0000000E+0,1.3121090E+0,8.0000000E+0,,,
,0.0000000E+0,1.3161094E+0,4.0000000E+0,,,
,0.0000000E+0,1.3201097E+0,2.0000000E+0,,,
,0.0000000E+0,1.3241100E+0,7.0000000E+0,,,
,0.0000000E+0,1.3281104E+0,3.0000000E+0,,,
,0.0000000E+0,1.3321107E+0,6.0000000E+0,,,
,0.0000000E+0,1.3361110E+0,4.0000000E+0,,,
,0.0000000E+0,1.3401114E+0,5.0000000E+0,,,
,0.0000000E+0,1.3441117E+0,3.0000000E+0,,,
,0.0000000E+0,1.3481120E+0,7.0000000E+0,,,
,0.0000000E+0,1.3521124E+0,4.0000000E+0,,,
,0.0000000E+0,1.3561127E+0,4.0000000E+0,,,
,0.0000000E+0,1.3601130E+0,3.0000000E+0,,,
,0.0000000E+0,1.3641134E+0,3.0000000E+0,,,
,0.0000000E+0,1.3681137E+0,6.0000000E+0,,,
,0.0000000E+0,1.3721140E+0,4.0000000E+0,,,
,0.0000000E+0,1.3761144E+0,2.0000000E+0,,,
,0.0000000E+0,1.3801147E+0,5.0000000E+0,,,
,0.0000000E+0,1.3841150E+0,4.0000000E+0,,,
,0.0000000E+0,1.3881154E+0,6.0000000E+0,,,
,0.0000000E+0,1.3921157E+0,2.0000000E+0,,,
,0.0000000E+0,1.3961160E+0,5.0000000E+0,,,
,0.0000000E+0,1.4001164E+0,5.0000000E+0,,,
,0.0000000E+0,1.4041167E+0,3.0000000E+0,,,
,0.0000000E+0,1.4081170E+0,9.0000000E+0,,,
,0.0000000E+0,1.4121173E+0,1.0000000E+0,,,
,0.0000000E+0,1.4161177E+0,4.0000000E+0,,,
,0.0000000E+0,1.4201180E+0,1.1000000E+1,,,
,0.0000000E+0,1.4241183E+0,6.0000000E+0,,,
,0.0000000E+0,1.4281187E+0,6.0000000E+0,,,
,0.0000000E+0,1.4321190E+0,4.0000000E+0,,,
,0.0000000E+0,1.4361193E+0,4.0000000E+0,,,
,0.0000000E+0,1.4401197E+0,7.0000000E+0,,,
,0.0000000E+0,1.4441200E+0,3.0000000E+0,,,
,0.0000000E+0,1.4481203E+0,3.0000000E+0,,,
,0.0000000E+0,1.4521207E+0,3.0000000E+0,,,
,0.0000000E+0,1.4561210E+0,8.0000000E+0,,,
,0.0000000E+0,1.4601213E+0,1.3000000E+1,,,
,0.0000000E+0,1.4641217E+0,3.0000000E+0,,,
,0.0000000E+0,1.4681220E+0,5.0000000E+0,,,
,0.0000000E+0,1.4721223E+0,5.0000000E+0,,,
,0.0000000E+0,1.4761227E+0,4.0000000E+0,,,
,0.0000000E+0,1.4801230E+0,3.0000000E+0,,,
,0.0000000E+0,1.4841233E+0,4.0000000E+0,,,
,0.0000000E+0,1.4881237E+0,4.0000000E+0,,,
,0.0000000E+0,1.4921240E+0,6.0000000E+0,,,
,0.0000000E+0,1.4961243E+0,8.0000000E+0,,,
,0.0000000E+0,1.5001247E+0,2.0000000E+0,,,
,0.0000000E+0,1.5041250E+0,3.0000000E+0,,,
,0.0000000E+0,1.5081253E+0,3.0000000E+0,,,
,0.0000000E+0,1.5121257E+0,4.0000000E+0,,,
,0.0000000E+0,1.5161260E+0,1.0000000E+0,,,
,0.0000000E+0,1.5201263E+0,8.0000000E+0,,,
,0.0000000E+0,1.5241267E+0,1.0000000E+1,,,
,0.0000000E+0,1.5281270E+0,7.0000000E+0,,,
,0.0000000E+0,1.5321273E+0,6.0000000E+0,,,
,0.0000000E+0,1.5361277E+0,6.0000000E+0,,,
,0.0000000E+0,1.5401280E+0,4.0000000E+0,,,
,0.0000000E+0,1.5441283E+0,7.0000000E+0,,,
,0.0000000E+0,1.5481287E+0,6.0000000E+0,,,
,0.0000000E+0,1.5521290E+0,7.0000000E+0,,,
,0.0000000E+0,1.5561293E+0,7.0000000E+0,,,
,0.0000000E+0,1.5601296E+0,4.0000000E+0,,,
,0.0000000E+0,1.5641300E+0,6.0000000E+0,,,
,0.0000000E+0,1.5681303E+0,9.0000000E+0,,,
,0.0000000E+0,1.5721306E+0,7.0000000E+0,,,
,0.0000000E+0,1.5761310E+0,6.0000000E+0,,,
,0.0000000E+0,1.5801313E+0,9.0000000E+0,,,
,0.0000000E+0,1.5841316E+0,6.0000000E+0,,,
,0.0000000E+0,1.5881320E+0,7.0000000E+0,,,
,0.0000000E+0,1.5921323E+0,7.0000000E+0,,,
,0.0000000E+0,1.5961326E+0,7.0000000E+0,,,
,0.0000000E+0,1.6001330E+0,9.0000000E+0,,,
,0.0000000E+0,1.6041333E+0,6.0000000E+0,,,
,0.0000000E+0,1.6081336E+0,7.0000000E+0,,,
,0.0000000E+0,1.6121340E+0,5.0000000E+0,,,
,0.0000000E+0,1.6161343E+0,5.0000000E+0,,,
,0.0000000E+0,1.6201346E+0,2.0000000E+0,,,
,0.0000000E+0,1.6241350E+0,4.0000000E+0,,,
,0.0000000E+0,1.6281353E+0,2.0000000E+0,,,
,0.0000000E+0,1.6321356E+0,2.0000000E+0,,,
,0.0000000E+0,1.6361360E+0,1.0000000E+0,,,
,0.0000000E+0,1.6401363E+0,8.0000000E+0,,,
,0.0000000E+0,1.6441366E+0,9.0000000E+0,,,
,0.0000000E+0,1.6481370E+0,7.0000000E+0,,,
,0.0000000E+0,1.6521373E+0,5.0000000E+0,,,
,0.0000000E+0,1.6561376E+0,1.0000000E+0,,,
,0.0000000E+0,1.6601380E+0,6.0000000E+0,,,
,0.0000000E+0,1.6641383E+0,2.0000000E+0,,,
,0.0000000E+0,1.6681386E+0,4.0000000E+0,,,
,0.0000000E+0,1.6721390E+0,7.0000000E+0,,,
,0.0000000E+0,1.6761393E+0,1.0000000E+0,,,
,0.0000000E+0,1.6801396E+0,5.0000000E+0,,,
,0.0000000E+0,1.6841400E+0,8.0000000E+0,,,
,0.0000000E+0,1.6881403E+0,2.0000000E+0,,,
,0.0000000E+0,1.6921406E+0,5.0000000E+0,,,
,0.0000000E+0,1.6961410E+0,8.0000000E+0,,,
,0.0000000E+0,1.7001413E+0,2.0000000E+0,,,
,0.0000000E+0,1.7041416E+0,6.0000000E+0,,,
,0.0000000E+0,1.7081419E+0,5.0000000E+0,,,
,0.0000000E+0,1.7121423E+0,4.0000000E+0,,,
,0.0000000E+0,1.7161426E+0,8.0000000E+0,,,
,0.0000000E+0,1.7201429E+0,7.0000000E+0,,,
,0.0000000E+0,1.7241433E+0,6.0000000E+0,,,
,0.0000000E+0,1.7281436E+0,7.0000000E+0,,,
,0.0000000E+0,1.7321439E+0,5.0000000E+0,,,
,0.0000000E+0,1.7361443E+0,4.0000000E+0,,,
,0.0000000E+0,1.7401446E+0,1.0000000E+0,,,
,0.0000000E+0,1.7441449E+0,6.0000000E+0,,,
,0.0000000E+0,1.7481453E+0,8.0000000E+0,,,
,0.0000000E+0,1.7521456E+0,1.1000000E+1,,,
,0.0000000E+0,1.7561459E+0,5.0000000E+0,,,
,0.0000000E+0,1.7601463E+0,4.0000000E+0,,,
,0.0000000E+0,1.7641466E+0,6.0000000E+0,,,
,0.0000000E+0,1.7681469E+0,6.0000000E+0,,,
,0.0000000E+0,1.7721473E+0,1.0000000E+1,,,
,0.0000000E+0,1.7761476E+0,9.0000000E+0,,,
,0.0000000E+0,1.7801479E+0,6.0000000E+0,,,
,0.0000000E+0,1.7841483E+0,1.0000000E+1,,,
,0.0000000E+0,1.7881486E+0,8.0000000E+0,,,
,0.0000000E+0,1.7921489E+0,7.0000000E+0,,,
,0.0000000E+0,1.7961493E+0,7.0000000E+0,,,
,0.0000000E+0,1.8001496E+0,7.0000000E+0,,,
,0.0000000E+0,1.8041499E+0,1.1000000E+1,,,
,0.0000000E+0,1.8081503E+0,7.0000000E+0,,,
,0.0000000E+0,1.8121506E+0,1.0000000E+1,,,
,0.0000000E+0,1.8161509E+0,8.0000000E+0,,,
,0.0000000E+0,1.8201513E+0,7.0000000E+0,,,
,0.0000000E+0,1.8241516E+0,5.0000000E+0,,,
,0.0000000E+0,1.8281519E+0,9.0000000E+0,,,
,0.0000000E+0,1.8321523E+0,5.0000000E+0,,,
,0.0000000E+0,1.8361526E+0,1.0000000E+1,,,
,0.0000000E+0,1.8401529E+0,6.0000000E+0,,,
,0.0000000E+0,1.8441533E+0,8.0000000E+0,,,
,0.0000000E+0,1.8481536E+0,4.0000000E+0,,,
,0.0000000E+0,1.8521539E+0,4.0000000E+0,,,
,0.0000000E+0,1.8561542E+0,9.0000000E+0,,,
,0.0000000E+0,1.8601546E+0,5.0000000E+0,,,
,0.0000000E+0,1.8641549E+0,8.0000000E+0,,,
,0.0000000E+0,1.8681552E+0,5.0000000E+0,,,
,0.0000000E+0,1.8721556E+0,7.0000000E+0,,,
,0.0000000E+0,1.8761559E+0,7.0000000E+0,,,
,0.0000000E+0,1.8801562E+0,1.1000000E+1,,,
,0.0000000E+0,1.8841566E+0,7.0000000E+0,,,
,0.0000000E+0,1.8881569E+0,6.0000000E+0,,,
,0.0000000E+0,1.8921572E+0,7.0000000E+0,,,
,0.0000000E+0,1.8961576E+0,1.0000000E+1,,,
,0.0000000E+0,1.9001579E+0,4.0000000E+0,,,
,0.0000000E+0,1.9041582E+0,9.0000000E+0,,,
,0.0000000E+0,1.9081586E+0,9.0000000E+0,,,
,0.0000000E+0,1.9121589E+0,4.0000000E+0,,,
,0.0000000E+0,1.9161592E+0,8.0000000E+0,,,
,0.0000000E+0,1.9201596E+0,3.0000000E+0,,,
,0.0000000E+0,1.9241599E+0,6.0000000E+0,,,
,0.0000000E+0,1.9281602E+0,4.0000000E+0,,,
,0.0000000E+0,1.9321606E+0,7.0000000E+0,,,
,0.0000000E+0,1.9361609E+0,4.0000000E+0,,,
,0.0000000E+0,1.9401612E+0,6.0000000E+0,,,
,0.0000000E+0,1.9441616E+0,8.0000000E+0,,,
,0.0000000E+0,1.9481619E+0,4.0000000E+0,,,
,0.0000000E+0,1.9521622E+0,5.0000000E+0,,,
,0.0000000E+0,1.9561626E+0,6.0000000E+0,,,
,0.0000000E+0,1.9601629E+0,2.0000000E+0,,,
,0.0000000E+0,1.9641632E+0,3.0000000E+0,,,
,0.0000000E+0,1.9681636E+0,9.0000000E+0,,,
,0.0000000E+0,1.9721639E+0,3.0000000E+0,,,
,0.0000000E+0,1.9761642E+0,6.0000000E+0,,,
,0.0000000E+0,1.9801646E+0,6.0000000E+0,,,
,0.0000000E+0,1.9841649E+0,1.0000000E+1,,,
,0.0000000E+0,1.9881652E+0,3.0000000E+0,,,
,0.0000000E+0,1.9921656E+0,6.0000000E+0,,,
,0.0000000E+0,1.9961659E+0,8.0000000E+0,,,
,0.0000000E+0,2.0001662E+0,6.0000000E+0,,,
,0.0000000E+0,2.0041665E+0,7.0000000E+0,,,
,0.0000000E+0,2.0081669E+0,4.0000000E+0,,,
,0.0000000E+0,2.0121672E+0,9.0000000E+0,,,
,0.0000000E+0,2.0161675E+0,2.0000000E+0,,,
,0.0000000E+0,2.0201679E+0,1.0000000E+0,,,
,0.0000000E+0,2.0241682E+0,8.0000000E+0,,,
,0.0000000E+0,2.0281685E+0,6.0000000E+0,,,
,0.0000000E+0,2.0321689E+0,5.0000000E+0,,,
,0.0000000E+0,2.0361692E+0,1.2000000E+1,,,
,0.0000000E+0,2.0401695E+0,4.0000000E+0,,,
,0.0000000E+0,2.0441699E+0,8.0000000E+0,,,
,0.0000000E+0,2.0481702E+0,6.0000000E+0,,,
,0.0000000E+0,2.0521705E+0,7.0000000E+0,,,
,0.0000000E+0,2.0561709E+0,9.0000000E+0,,,
,0.0000000E+0,2.0601712E+0,6.0000000E+0,,,
,0.0000000E+0,2.0641715E+0,8.0000000E+0,,,
,0.0000000E+0,2.0681719E+0,9.0000000E+0,,,
,0.0000000E+0,2.0721722E+0,8.0000000E+0,,,
,0.0000000E+0,2.0761725E+0,8.0000000E+0,,,
,0.0000000E+0,2.0801729E+0,6.0000000E+0,,,
,0.0000000E+0,2.0841732E+0,8.0000000E+0,,,
,0.0000000E+0,2.0881735E+0,8.0000000E+0,,,
,0.0000000E+0,2.0921739E+0,7.0000000E+0,,,
,0.0000000E+0,2.0961742E+0,8.0000000E+0,,,
,0.0000000E+0,2.1001745E+0,1.0000000E+1,,,
,0.0000000E+0,2.1041749E+0,4.0000000E+0,,,
,0.0000000E+0,2.1081752E+0,7.0000000E+0,,,
,0.0000000E+0,2.1121755E+0,1.1000000E+1,,,
,0.0000000E+0,2.1161759E+0,1.0000000E+1,,,
,0.0000000E+0,2.1201762E+0,7.0000000E+0,,,
,0.0000000E+0,2.1241765E+0,1.4000000E+1,,,
,0.0000000E+0,2.1281769E+0,1.0000000E+1,,,
,0.0000000E+0,2.1321772E+0,7.0000000E+0,,,
,0.0000000E+0,2.1361775E+0,1.0000000E+1,,,
,0.0000000E+0,2.1401779E+0,6.0000000E+0,,,
,0.0000000E+0,2.1441782E+0,5.0000000E+0,,,
,0.0000000E+0,2.1481785E+0,3.0000000E+0,,,
,0.0000000E+0,2.1521788E+0,2.0000000E+0,,,
,0.0000000E+0,2.1561792E+0,7.0000000E+0,,,
,0.0000000E+0,2.1601795E+0,1.0000000E+1,,,
,0.0000000E+0,2.1641798E+0,1.3000000E+1,,,
,0.0000000E+0,2.1681802E+0,5.0000000E+0,,,
,0.0000000E+0,2.1721805E+0,1.1000000E+1,,,
,0.0000000E+0,2.1761808E+0,3.0000000E+0,,,
,0.0000000E+0,2.1801812E+0,3.0000000E+0,,,
,0.0000000E+0,2.1841815E+0,3.0000000E+0,,,
,0.0000000E+0,2.1881818E+0,6.0000000E+0,,,
,0.0000000E+0,2.1921822E+0,9.0000000E+0,,,
,0.0000000E+0,2.1961825E+0,6.0000000E+0,,,
,0.0000000E+0,2.2001828E+0,9.0000000E+0,,,
,0.0000000E+0,2.2041832E+0,4.0000000E+0,,,
,0.0000000E+0,2.2081835E+0,7.0000000E+0,,,
,0.0000000E+0,2.2121838E+0,9.0000000E+0,,,
,0.0000000E+0,2.2161842E+0,6.0000000E+0,,,
,0.0000000E+0,2.2201845E+0,7.0000000E+0,,,
,0.0000000E+0,2.2241848E+0,7.0000000E+0,,,
,0.0000000E+0,2.2281852E+0,7.0000000E+0,,,
,0.0000000E+0,2.2321855E+0,6.0000000E+0,,,
,0.0000000E+0,2.2361858E+0,1.4000000E+1,,,
,0.0000000E+0,2.2401862E+0,8.0000000E+0,,,
,0.0000000E+0,2.2441865E+0,5.0000000E+0,,,
,0.0000000E+0,2.2481868E+0,5.0000000E+0,,,
,0.0000000E+0,2.2521872E+0,8.0000000E+0,,,
,0.0000000E+0,2.2561875E+0,1.1000000E+1,,,
,0.0000000E+0,2.2601878E+0,4.0000000E+0,,,
,0.0000000E+0,2.2641882E+0,8.0000000E+0,,,
,0.0000000E+0,2.2681885E+0,6.0000000E+0,,,
,0.0000000E+0,2.2721888E+0,1.0000000E+1,,,
,0.0000000E+0,2.2761892E+0,4.0000000E+0,,,
,0.0000000E+0,2.2801895E+0,5.0000000E+0,,,
,0.0000000E+0,2.2841898E+0,1.0000000E+1,,,
,0.0000000E+0,2.2881902E+0,3.0000000E+0,,,
,0.0000000E+0,2.2921905E+0,1.0000000E+1,,,
,0.0000000E+0,2.2961908E+0,5.0000000E+0,,,
,0.0000000E+0,2.3001911E+0,4.0000000E+0,,,
,0.0000000E+0,2.3041915E+0,1.0000000E+1,,,
,0.0000000E+0,2.3081918E+0,6.0000000E+0,,,
,0.0000000E+0,2.3121921E+0,7.0000000E+0,,,
,0.0000000E+0,2.3161925E+0,9.0000000E+0,,,
,0.0000000E+0,2.3201928E+0,7.0000000E+0,,,
,0.0000000E+0,2.3241931E+0,5.0000000E+0,,,
,0.0000000E+0,2.3281935E+0,6.0000000E+0,,,
,0.0000000E+0,2.3321938E+0,6.0000000E+0,,,
,0.0000000E+0,2.3361941E+0,7.0000000E+0,,,
,0.0000000E+0,2.3401945E+0,1.3000000E+1,,,
,0.0000000E+0,2.3441948E+0,6.0000000E+0,,,
,0.0000000E+0,2.3481951E+0,4.0000000E+0,,,
,0.0000000E+0,2.3521955E+0,5.0000000E+0,,,
,0.0000000E+0,2.3561958E+0,9.0000000E+0,,,
,0.0000000E+0,2.3601961E+0,6.0000000E+0,,,
,0.0000000E+0,2.3641965E+0,6.0000000E+0,,,
,0.0000000E+0,2.3681968E+0,7.0000000E+0,,,
,0.0000000E+0,2.3721971E+0,1.0000000E+1,,,
,0.0000000E+0,2.3761975E+0,7.0000000E+0,,,
,0.0000000E+0,2.3801978E+0,1.1000000E+1,,,
,0.0000000E+0,2.3841981E+0,9.0000000E+0,,,
,0.0000000E+0,2.3881985E+0,6.0000000E+0,,,
,0.0000000E+0,2.3921988E+0,7.0000000E+0,,,
,0.0000000E+0,2.3961991E+0,6.0000000E+0,,,
,0.0000000E+0,2.4001995E+0,1.2000000E+1,,,
,0.0000000E+0,2.4041998E+0,6.0000000E+0,,,
,0.0000000E+0,2.4082001E+0,1.1000000E+1,,,
,0.0000000E+0,2.4122005E+0,6.0000000E+0,,,
,0.0000000E+0,2.4162008E+0,5.0000000E+0,,,
,0.0000000E+0,2.4202011E+0,5.0000000E+0,,,
,0.0000000E+0,2.4242015E+0,4.0000000E+0,,,
,0.0000000E+0,2.4282018E+0,9.0000000E+0,,,
,0.0000000E+0,2.4322021E+0,9.0000000E+0,,,
,0.0000000E+0,2.4362025E+0,7.0000000E+0,,,
,0.0000000E+0,2.4402028E+0,1.1000000E+1,,,
,0.0000000E+0,2.4442031E+0,4.0000000E+0,,,
,0.0000000E+0,2.4482034E+0,6.0000000E+0,,,
,0.0000000E+0,2.4522038E+0,1.0000000E+1,,,
,0.0000000E+0,2.4562041E+0,6.0000000E+0,,,
,0.0000000E+0,2.4602044E+0,1.0000000E+1,,,
,0.0000000E+0,2.4642048E+0,6.0000000E+0,,,
,0.0000000E+0,2.4682051E+0,7.0000000E+0,,,
,0.0000000E+0,2.4722054E+0,1.1000000E+1,,,
,0.0000000E+0,2.4762058E+0,4.0000000E+0,,,
,0.0000000E+0,2.4802061E+0,1.1000000E+1,,,
,0.0000000E+0,2.4842064E+0,7.0000000E+0,,,
,0.0000000E+0,2.4882068E+0,9.0000000E+0,,,
,0.0000000E+0,2.4922071E+0,1.0000000E+1,,,
,0.0000000E+0,2.4962074E+0,6.0000000E+0,,,
,0.0000000E+0,2.5002078E+0,5.0000000E+0,,,
,0.0000000E+0,2.5042081E+0,1.2000000E+1,,,
,0.0000000E+0,2.5082084E+0,3.0000000E+0,,,
,0.0000000E+0,2.5122088E+0,6.0000000E+0,,,
,0.0000000E+0,2.5162091E+0,5.0000000E+0,,,
,0.0000000E+0,2.5202094E+0,1.2000000E+1,,,
,0.0000000E+0,2.5242098E+0,5.0000000E+0,,,
,0.0000000E+0,2.5282101E+0,5.0000000E+0,,,
,0.0000000E+0,2.5322104E+0,9.0000000E+0,,,
,0.0000000E+0,2.5362108E+0,8.0000000E+0,,,
,0.0000000E+0,2.5402111E+0,7.0000000E+0,,,
,0.0000000E+0,2.5442114E+0,7.0000000E+0,,,
,0.0000000E+0,2.5482118E+0,1.0000000E+1,,,
,0.0000000E+0,2.5522121E+0,1.3000000E+1,,,
,0.0000000E+0,2.5562124E+0,8.0000000E+0,,,
,0.0000000E+0,2.5602128E+0,8.0000000E+0,,,
,0.0000000E+0,2.5642131E+0,1.1000000E+1,,,
,0.0000000E+0,2.5682134E+0,6.0000000E+0,,,
,0.0000000E+0,2.5722138E+0,7.0000000E+0,,,
,0.0000000E+0,2.5762141E+0,5.0000000E+0,,,
,0.0000000E+0,2.5802144E+0,8.0000000E+0,,,
,0.0000000E+0,2.5842148E+0,7.0000000E+0,,,
,0.0000000E+0,2.5882151E+0,9.0000000E+0,,,
,0.0000000E+0,2.5922154E+0,5.0000000E+0,,,
,0.0000000E+0,2.5962157E+0,9.0000000E+0,,,
,0.0000000E+0,2.6002161E+0,9.0000000E+0,,,
,0.0000000E+0,2.6042164E+0,4.0000000E+0,,,
,0.0000000E+0,2.6082167E+0,5.0000000E+0,,,
,0.0000000E+0,2.6122171E+0,1.0000000E+0,,,
,0.0000000E+0,2.6162174E+0,1.3000000E+1,,,
,0.0000000E+0,2.6202177E+0,9.0000000E+0,,,
,0.0000000E+0,2.6242181E+0,1.0000000E+1,,,
,0.0000000E+0,2.6282184E+0,8.0000000E+0,,,
,0.0000000E+0,2.6322187E+0,1.4000000E+1,,,
,0.0000000E+0,2.6362191E+0,4.0000000E+0,,,
,0.0000000E+0,2.6402194E+0,8.0000000E+0,,,
,0.0000000E+0,2.6442197E+0,5.0000000E+0,,,
,0.0000000E+0,2.6482201E+0,4.0000000E+0,,,
,0.0000000E+0,2.6522204E+0,1.2000000E+1,,,
,0.0000000E+0,2.6562207E+0,1.0000000E+1,,,
,0.0000000E+0,2.6602211E+0,6.0000000E+0,,,
,0.0000000E+0,2.6642214E+0,1.0000000E+1,,,
,0.0000000E+0,2.6682217E+0,6.0000000E+0,,,
,0.0000000E+0,2.6722221E+0,5.0000000E+0,,,
,0.0000000E+0,2.6762224E+0,5.0000000E+0,,,
,0.0000000E+0,2.6802227E+0,8.0000000E+0,,,
,0.0000000E+0,2.6842231E+0,6.0000000E+0,,,
,0.0000000E+0,2.6882234E+0,8.0000000E+0,,,
,0.0000000E+0,2.6922237E+0,9.0000000E+0,,,
,0.0000000E+0,2.6962241E+0,8.0000000E+0,,,
,0.0000000E+0,2.7002244E+0,5.0000000E+0,,,
,0.0000000E+0,2.7042247E+0,6.0000000E+0,,,
,0.0000000E+0,2.7082251E+0,8.0000000E+0,,,
,0.0000000E+0,2.7122254E+0,1.3000000E+1,,,
,0.0000000E+0,2.7162257E+0,1.0000000E+1,,,
,0.0000000E+0,2.7202261E+0,1.1000000E+1,,,
,0.0000000E+0,2.7242264E+0,1.1000000E+1,,,
,0.0000000E+0,2.7282267E+0,7.0000000E+0,,,
,0.0000000E+0,2.7322271E+0,3.0000000E+0,,,
,0.0000000E+0,2.7362274E+0,1.1000000E+1,,,
,0.0000000E+0,2.7402277E+0,8.0000000E+0,,,
,0.0000000E+0,2.7442280E+0,9.0000000E+0,,,
,0.0000000E+0,2.7482284E+0,1.1000000E+1,,,
,0.0000000E+0,2.7522287E+0,8.0000000E+0,,,
,0.0000000E+0,2.7562290E+0,8.0000000E+0,,,
,0.0000000E+0,2.7602294E+0,9.0000000E+0,,,
,0.0000000E+0,2.7642297E+0,6.0000000E+0,,,
,0.0000000E+0,2.7682300E+0,1.2000000E+1,,,
,0.0000000E+0,2.7722304E+0,1.0000000E+1,,,
,0.0000000E+0,2.7762307E+0,7.0000000E+0,,,
,0.0000000E+0,2.7802310E+0,6.0000000E+0,,,
,0.0000000E+0,2.7842314E+0,6.0000000E+0,,,
,0.0000000E+0,2.7882317E+0,5.0000000E+0,,,
,0.0000000E+0,2.7922320E+0,8.0000000E+0,,,
,0.0000000E+0,2.7962324E+0,9.0000000E+0,,,
,0.0000000E+0,2.8002327E+0,7.0000000E+0,,,
,0.0000000E+0,2.8042330E+0,9.0000000E+0,,,
,0.0000000E+0,2.8082334E+0,1.3000000E+1,,,
,0.0000000E+0,2.8122337E+0,8.0000000E+0,,,
,0.0000000E+0,2.8162340E+0,1.2000000E+1,,,
,0.0000000E+0,2.8202344E+0,5.0000000E+0,,,
,0.0000000E+0,2.8242347E+0,9.0000000E+0,,,
,0.0000000E+0,2.8282350E+0,6.0000000E+0,,,
,0.0000000E+0,2.8322354E+0,4.0000000E+0,,,
,0.0000000E+0,2.8362357E+0,1.7000000E+1,,,
,0.0000000E+0,2.8402360E+0,8.0000000E+0,,,
,0.0000000E+0,2.8442364E+0,1.3000000E+1,,,
,0.0000000E+0,2.8482367E+0,7.0000000E+0,,,
,0.0000000E+0,2.8522370E+0,1.1000000E+1,,,
,0.0000000E+0,2.8562374E+0,1.2000000E+1,,,
,0.0000000E+0,2.8602377E+0,4.0000000E+0,,,
,0.0000000E+0,2.8642380E+0,8.0000000E+0,,,
,0.0000000E+0,2.8682384E+0,9.0000000E+0,,,
,0.0000000E+0,2.8722387E+0,1.1000000E+1,,,
,0.0000000E+0,2.8762390E+0,1.4000000E+1,,,
,0.0000000E+0,2.8802394E+0,1.4000000E+1,,,
,0.0000000E+0,2.8842397E+0,1.5000000E+1,,,
,0.0000000E+0,2.8882400E+0,1.6000000E+1,,,
,0.0000000E+0,2.8922403E+0,1.7000000E+1,,,
,0.0000000E+0,2.8962407E+0,2.0000000E+1,,,
,0.0000000E+0,2.9002410E+0,1.1000000E+1,,,
,0.0000000E+0,2.9042413E+0,1.9000000E+1,,,
,0.0000000E+0,2.9082417E+0,2.0000000E+1,,,
,0.0000000E+0,2.9122420E+0,1.2000000E+1,,,
,0.0000000E+0,2.9162423E+0,2.7000000E+1,,,
,0.0000000E+0,2.9202427E+0,2.2000000E+1,,,
,0.0000000E+0,2.9242430E+0,2.8000000E+1,,,
,0.0000000E+0,2.9282433E+0,2.5000000E+1,,,
,0.0000000E+0,2.9322437E+0,2.5000000E+1,,,
,0.0000000E+0,2.9362440E+0,3.0000000E+1,,,
,0.0000000E+0,2.9402443E+0,3.4000000E+1,,,
,0.0000000E+0,2.9442447E+0,4.3000000E+1,,,
,0.0000000E+0,2.9482450E+0,2.7000000E+1,,,
,0.0000000E+0,2.9522453E+0,4.0000000E+1,,,
,0.0000000E+0,2.9562457E+0,5.0000000E+1,,,
,0.0000000E+0,2.9602460E+0,5.5000000E+1,,,
,0.0000000E+0,2.9642463E+0,6.3000000E+1,,,
,0.0000000E+0,2.9682467E+0,8.1000000E+1,,,
,0.0000000E+0,2.9722470E+0,8.5000000E+1,,,
,0.0000000E+0,2.9762473E+0,9.0000000E+1,,,
,0.0000000E+0,2.9802477E+0,9.2000000E+1,,,
,0.0000000E+0,2.9842480E+0,9.0000000E+1,,,
,0.0000000E+0,2.9882483E+0,8.1000000E+1,,,
,0.0000000E+0,2.9922487E+0,9.9000000E+1,,,
,0.0000000E+0,2.9962490E+0,1.0300000E+2,,,
,0.0000000E+0,3.0002493E+0,9.6000000E+1,,,
,0.0000000E+0,3.0042497E+0,9.3000000E+1,,,
,0.0000000E+0,3.0082500E+0,8.7000000E+1,,,
,0.0000000E+0,3.0122503E+0,1.0000000E+2,,,
,0.0000000E+0,3.0162507E+0,9.2000000E+1,,,
,0.0000000E+0,3.0202510E+0,9.1000000E+1,,,
,0.0000000E+0,3.0242513E+0,1.0900000E+2,,,
,0.0000000E+0,3.0282517E+0,8.1000000E+1,,,
,0.0000000E+0,3.0322520E+0,8.4000000E+1,,,
,0.0000000E+0,3.0362523E+0,7.2000000E+1,,,
,0.0000000E+0,3.0402526E+0,8.0000000E+1,,,
,0.0000000E+0,3.0442530E+0,6.1000000E+1,,,
,0.0000000E+0,3.0482533E+0,7.0000000E+1,,,
,0.0000000E+0,3.0522536E+0,6.0000000E+1,,,
,0.0000000E+0,3.0562540E+0,7.2000000E+1,,,
,0.0000000E+0,3.0602543E+0,7.6000000E+1,,,
,0.0000000E+0,3.0642546E+0,7.3000000E+1,,,
,0.0000000E+0,3.0682550E+0,6.3000000E+1,,,
,0.0000000E+0,3.0722553E+0,4.6000000E+1,,,
,0.0000000E+0,3.0762556E+0,6.9000000E+1,,,
,0.0000000E+0,3.0802560E+0,5.4000000E+1,,,
,0.0000000E+0,3.0842563E+0,6.5000000E+1,,,
,0.0000000E+0,3.0882566E+0,4.4000000E+1,,,
,0.0000000E+0,3.0922570E+0,5.0000000E+1,,,
,0.0000000E+0,3.0962573E+0,6.1000000E+1,,,
,0.0000000E+0,3.1002576E+0,5.5000000E+1,,,
,0.0000000E+0,3.1042580E+0,5.4000000E+1,,,
,0.0000000E+0,3.1082583E+0,5.2000000E+1,,,
,0.0000000E+0,3.1122586E+0,4.1000000E+1,,,
,0.0000000E+0,3.1162590E+0,4.4000000E+1,,,
,0.0000000E+0,3.1202593E+0,5.2000000E+1,,,
,0.0000000E+0,3.1242596E+0,4.2000000E+1,,,
,0.0000000E+0,3.1282600E+0,3.0000000E+1,,,
,0.0000000E+0,3.1322603E+0,3.9000000E+1,,,
,0.0000000E+0,3.1362606E+0,4.3000000E+1,,,
,0.0000000E+0,3.1402610E+0,4.9000000E+1,,,
,0.0000000E+0,3.1442613E+0,4.4000000E+1,,,
,0.0000000E+0,3.1482616E+0,4.1000000E+1,,,
,0.0000000E+0,3.1522620E+0,5.0000000E+1,,,
,0.0000000E+0,3.1562623E+0,4.0000000E+1,,,
,0.0000000E+0,3.1602626E+0,4.0000000E+1,,,
,0.0000000E+0,3.1642630E+0,3.1000000E+1,,,
,0.0000000E+0,3.1682633E+0,4.4000000E+1,,,
,0.0000000E+0,3.1722636E+0,3.6000000E+1,,,
,0.0000000E+0,3.1762640E+0,4.5000000E+1,,,
,0.0000000E+0,3.1802643E+0,4.6000000E+1,,,
,0.0000000E+0,3.1842646E+0,4.2000000E+1,,,
,0.0000000E+0,3.1882649E+0,4.1000000E+1,,,
,0.0000000E+0,3.1922653E+0,3.7000000E+1,,,
,0.0000000E+0,3.1962656E+0,3.3000000E+1,,,
,0.0000000E+0,3.2002659E+0,3.4000000E+1,,,
,0.0000000E+0,3.2042663E+0,3.0000000E+1,,,
,0.0000000E+0,3.2082666E+0,4.0000000E+1,,,
,0.0000000E+0,3.2122669E+0,3.9000000E+1,,,
,0.0000000E+0,3.2162673E+0,3.1000000E+1,,,
,0.0000000E+0,3.2202676E+0,3.3000000E+1,,,
,0.0000000E+0,3.2242679E+0,3.8000000E+1,,,
,0.0000000E+0,3.2282683E+0,3.2000000E+1,,,
,0.0000000E+0,3.2322686E+0,3.2000000E+1,,,
,0.0000000E+0,3.2362689E+0,2.9000000E+1,,,
,0.0000000E+0,3.2402693E+0,3.6000000E+1,,,
,0.0000000E+0,3.2442696E+0,3.8000000E+1,,,
,0.0000000E+0,3.2482699E+0,4.3000000E+1,,,
,0.0000000E+0,3.2522703E+0,3.4000000E+1,,,
,0.0000000E+0,3.2562706E+0,3.1000000E+1,,,
,0.0000000E+0,3.2602709E+0,3.3000000E+1,,,
,0.0000000E+0,3.2642713E+0,2.8000000E+1,,,
,0.0000000E+0,3.2682716E+0,2.7000000E+1,,,
,0.0000000E+0,3.2722719E+0,4.2000000E+1,,,
,0.0000000E+0,3.2762723E+0,2.6000000E+1,,,
,0.0000000E+0,3.2802726E+0,3.8000000E+1,,,
,0.0000000E+0,3.2842729E+0,3.9000000E+1,,,
,0.0000000E+0,3.2882733E+0,3.9000000E+1,,,
,0.0000000E+0,3.2922736E+0,2.7000000E+1,,,
,0.0000000E+0,3.2962739E+0,2.7000000E+1,,,
,0.0000000E+0,3.3002743E+0,3.0000000E+1,,,
,0.0000000E+0,3.3042746E+0,2.0000000E+1,,,
,0.0000000E+0,3.3082749E+0,3.0000000E+1,,,
,0.0000000E+0,3.3122753E+0,3.0000000E+1,,,
,0.0000000E+0,3.3162756E+0,2.9000000E+1,,,
,0.0000000E+0,3.3202759E+0,3.0000000E+1,,,
,0.0000000E+0,3.3242763E+0,2.5000000E+1,,,
,0.0000000E+0,3.3282766E+0,2.3000000E+1,,,
,0.0000000E+0,3.3322769E+0,2.7000000E+1,,,
,0.0000000E+0,3.3362772E+0,2.3000000E+1,,,
,0.0000000E+0,3.3402776E+0,2.3000000E+1,,,
,0.0000000E+0,3.3442779E+0,2.1000000E+1,,,
,0.0000000E+0,3.3482782E+0,3.4000000E+1,,,
,0.0000000E+0,3.3522786E+0,2.4000000E+1,,,
,0.0000000E+0,3.3562789E+0,2.7000000E+1,,,
,0.0000000E+0,3.3602792E+0,2.1000000E+1,,,
,0.0000000E+0,3.3642796E+0,1.8000000E+1,,,
,0.0000000E+0,3.3682799E+0,2.3000000E+1,,,
,0.0000000E+0,3.3722802E+0,3.5000000E+1,,,
,0.0000000E+0,3.3762806E+0,2.9000000E+1,,,
,0.0000000E+0,3.3802809E+0,2.5000000E+1,,,
,0.0000000E+0,3.3842812E+0,3.0000000E+1,,,
,0.0000000E+0,3.3882816E+0,3.2000000E+1,,,
,0.0000000E+0,3.3922819E+0,2.2000000E+1,,,
,0.0000000E+0,3.3962822E+0,2.2000000E+1,,,
,0.0000000E+0,3.4002826E+0,1.8000000E+1,,,
,0.0000000E+0,3.4042829E+0,2.5000000E+1,,,
,0.0000000E+0,3.4082832E+0,2.6000000E+1,,,
,0.0000000E+0,3.4122836E+0,3.3000000E+1,,,
,0.0000000E+0,3.4162839E+0,2.5000000E+1,,,
,0.0000000E+0,3.4202842E+0,2.3000000E+1,,,
,0.0000000E+0,3.4242846E+0,1.9000000E+1,,,
,0.0000000E+0,3.4282849E+0,3.8000000E+1,,,
,0.0000000E+0,3.4322852E+0,1.3000000E+1,,,
,0.0000000E+0,3.4362856E+0,2.1000000E+1,,,
,0.0000000E+0,3.4402859E+0,1.8000000E+1,,,
,0.0000000E+0,3.4442862E+0,2.3000000E+1,,,
,0.0000000E+0,3.4482866E+0,2.2000000E+1,,,
,0.0000000E+0,3.4522869E+0,2.1000000E+1,,,
,0.0000000E+0,3.4562872E+0,2.1000000E+1,,,
,0.0000000E+0,3.4602876E+0,1.9000000E+1,,,
,0.0000000E+0,3.4642879E+0,1.9000000E+1,,,
,0.0000000E+0,3.4682882E+0,2.7000000E+1,,,
,0.0000000E+0,3.4722886E+0,1.6000000E+1,,,
,0.0000000E+0,3.4762889E+0,2.2000000E+1,,,
,0.0000000E+0,3.4802892E+0,2.0000000E+1,,,
,0.0000000E+0,3.4842895E+0,2.7000000E+1,,,
,0.0000000E+0,3.4882899E+0,2.0000000E+1,,,
,0.0000000E+0,3.4922902E+0,1.8000000E+1,,,
,0.0000000E+0,3.4962905E+0,2.0000000E+1,,,
,0.0000000E+0,3.5002909E+0,2.2000000E+1,,,
,0.0000000E+0,3.5042912E+0,1.7000000E+1,,,
,0.0000000E+0,3.5082915E+0,1.6000000E+1,,,
,0.0000000E+0,3.5122919E+0,1.0000000E+1,,,
,0.0000000E+0,3.5162922E+0,1.5000000E+1,,,
,0.0000000E+0,3.5202925E+0,1.7000000E+1,,,
,0.0000000E+0,3.5242929E+0,2.0000000E+1,,,
,0.0000000E+0,3.5282932E+0,1.5000000E+1,,,
,0.0000000E+0,3.5322935E+0,2.1000000E+1,,,
,0.0000000E+0,3.5362939E+0,1.0000000E+1,,,
,0.0000000E+0,3.5402942E+0,2.3000000E+1,,,
,0.0000000E+0,3.5442945E+0,2.5000000E+1,,,
,0.0000000E+0,3.5482949E+0,2.1000000E+1,,,
,0.0000000E+0,3.5522952E+0,1.2000000E+1,,,
,0.0000000E+0,3.5562955E+0,1.3000000E+1,,,
,0.0000000E+0,3.5602959E+0,2.4000000E+1,,,
,0.0000000E+0,3.5642962E+0,1.8000000E+1,,,
,0.0000000E+0,3.5682965E+0,2.0000000E+1,,,
,0.0000000E+0,3.5722969E+0,1.7000000E+1,,,
,0.0000000E+0,3.5762972E+0,1.6000000E+1,,,
,0.0000000E+0,3.5802975E+0,1.9000000E+1,,,
,0.0000000E+0,3.5842979E+0,1.3000000E+1,,,
,0.0000000E+0,3.5882982E+0,1.8000000E+1,,,
,0.0000000E+0,3.5922985E+0,1.7000000E+1,,,
,0.0000000E+0,3.5962989E+0,1.6000000E+1,,,
,0.0000000E+0,3.6002992E+0,2.3000000E+1,,,
,0.0000000E+0,3.6042995E+0,1.7000000E+1,,,
,0.0000000E+0,3.6082999E+0,1.5000000E+1,,,
,0.0000000E+0,3.6123002E+0,1.9000000E+1,,,
,0.0000000E+0,3.6163005E+0,2.0000000E+1,,,
,0.0000000E+0,3.6203009E+0,1.3000000E+1,,,
,0.0000000E+0,3.6243012E+0,1.0000000E+1,,,
,0.0000000E+0,3.6283015E+0,1.4000000E+1,,,
,0.0000000E+0,3.6323018E+0,2.2000000E+1,,,
,0.0000000E+0,3.6363022E+0,1.7000000E+1,,,
,0.0000000E+0,3.6403025E+0,1.5000000E+1,,,
,0.0000000E+0,3.6443028E+0,1.9000000E+1,,,
,0.0000000E+0,3.6483032E+0,1.0000000E+1,,,
,0.0000000E+0,3.6523035E+0,2.3000000E+1,,,
,0.0000000E+0,3.6563038E+0,2.0000000E+1,,,
,0.0000000E+0,3.6603042E+0,1.5000000E+1,,,
,0.0000000E+0,3.6643045E+0,1.7000000E+1,,,
,0.0000000E+0,3.6683048E+0,1.2000000E+1,,,
,0.0000000E+0,3.6723052E+0,6.0000000E+0,,,
,0.0000000E+0,3.6763055E+0,1.1000000E+1,,,
,0.0000000E+0,3.6803058E+0,1.7000000E+1,,,
,0.0000000E+0,3.6843062E+0,1.0000000E+1,,,
,0.0000000E+0,3.6883065E+0,1.2000000E+1,,,
,0.0000000E+0,3.6923068E+0,1.4000000E+1,,,
,0.0000000E+0,3.6963072E+0,1.7000000E+1,,,
,0.0000000E+0,3.7003075E+0,6.0000000E+0,,,
,0.0000000E+0,3.7043078E+0,1.7000000E+1,,,
,0.0000000E+0,3.7083082E+0,1.8000000E+1,,,
,0.0000000E+0,3.7123085E+0,7.0000000E+0,,,
,0.0000000E+0,3.7163088E+0,1.3000000E+1,,,
,0.0000000E+0,3.7203092E+0,1.5000000E+1,,,
,0.0000000E+0,3.7243095E+0,1.2000000E+1,,,
,0.0000000E+0,3.7283098E+0,1.5000000E+1,,,
,0.0000000E+0,3.7323102E+0,1.1000000E+1,,,
,0.0000000E+0,3.7363105E+0,1.4000000E+1,,,
,0.0000000E+0,3.7403108E+0,1.5000000E+1,,,
,0.0000000E+0,3.7443112E+0,1.6000000E+1,,,
,0.0000000E+0,3.7483115E+0,6.0000000E+0,,,
,0.0000000E+0,3.7523118E+0,9.0000000E+0,,,
,0.0000000E+0,3.7563122E+0,1.8000000E+1,,,
,0.0000000E+0,3.7603125E+0,1.0000000E+1,,,
,0.0000000E+0,3.7643128E+0,1.6000000E+1,,,
,0.0000000E+0,3.7683132E+0,1.1000000E+1,,,
,0.0000000E+0,3.7723135E+0,1.2000000E+1,,,
,0.0000000E+0,3.7763138E+0,1.3000000E+1,,,
,0.0000000E+0,3.7803141E+0,1.6000000E+1,,,
,0.0000000E+0,3.7843145E+0,9.0000000E+0,,,
,0.0000000E+0,3.7883148E+0,1.1000000E+1,,,
,0.0000000E+0,3.7923151E+0,1.5000000E+1,,,
,0.0000000E+0,3.7963155E+0,7.0000000E+0,,,
,0.0000000E+0,3.8003158E+0,1.2000000E+1,,,
,0.0000000E+0,3.8043161E+0,7.0000000E+0,,,
,0.0000000E+0,3.8083165E+0,1.7000000E+1,,,
,0.0000000E+0,3.8123168E+0,1.0000000E+1,,,
,0.0000000E+0,3.8163171E+0,1.2000000E+1,,,
,0.0000000E+0,3.8203175E+0,8.0000000E+0,,,
,0.0000000E+0,3.8243178E+0,1.1000000E+1,,,
,0.0000000E+0,3.8283181E+0,7.0000000E+0,,,
,0.0000000E+0,3.8323185E+0,1.0000000E+1,,,
,0.0000000E+0,3.8363188E+0,7.0000000E+0,,,
,0.0000000E+0,3.8403191E+0,6.0000000E+0,,,
,0.0000000E+0,3.8443195E+0,1.0000000E+1,,,
,0.0000000E+0,3.8483198E+0,5.0000000E+0,,,
,0.0000000E+0,3.8523201E+0,1.4000000E+1,,,
,0.0000000E+0,3.8563205E+0,1.1000000E+1,,,
,0.0000000E+0,3.8603208E+0,9.0000000E+0,,,
,0.0000000E+0,3.8643211E+0,1.0000000E+1,,,
,0.0000000E+0,3.8683215E+0,1.0000000E+1,,,
,0.0000000E+0,3.8723218E+0,1.5000000E+1,,,
,0.0000000E+0,3.8763221E+0,1.2000000E+1,,,
,0.0000000E+0,3.8803225E+0,5.0000000E+0,,,
,0.0000000E+0,3.8843228E+0,9.0000000E+0,,,
,0.0000000E+0,3.8883231E+0,1.1000000E+1,,,
,0.0000000E+0,3.8923235E+0,1.1000000E+1,,,
,0.0000000E+0,3.8963238E+0,1.0000000E+1,,,
,0.0000000E+0,3.9003241E+0,2.2000000E+1,,,
,0.0000000E+0,3.9043245E+0,1.3000000E+1,,,
,0.0000000E+0,3.9083248E+0,8.0000000E+0,,,
,0.0000000E+0,3.9123251E+0,7.0000000E+0,,,
,0.0000000E+0,3.9163255E+0,1.1000000E+1,,,
,0.0000000E+0,3.9203258E+0,8.0000000E+0,,,
,0.0000000E+0,3.9243261E+0,1.1000000E+1,,,
,0.0000000E+0,3.9283264E+0,1.4000000E+1,,,
,0.0000000E+0,3.9323268E+0,1.5000000E+1,,,
,0.0000000E+0,3.9363271E+0,1.1000000E+1,,,
,0.0000000E+0,3.9403274E+0,7.0000000E+0,,,
,0.0000000E+0,3.9443278E+0,9.0000000E+0,,,
,0.0000000E+0,3.9483281E+0,1.3000000E+1,,,
,0.0000000E+0,3.9523284E+0,1.1000000E+1,,,
,0.0000000E+0,3.9563288E+0,1.5000000E+1,,,
,0.0000000E+0,3.9603291E+0,4.0000000E+0,,,
,0.0000000E+0,3.9643294E+0,9.0000000E+0,,,
,0.0000000E+0,3.9683298E+0,9.0000000E+0,,,
,0.0000000E+0,3.9723301E+0,7.0000000E+0,,,
,0.0000000E+0,3.9763304E+0,1.0000000E+1,,,
,0.0000000E+0,3.9803308E+0,1.1000000E+1,,,
,0.0000000E+0,3.9843311E+0,1.4000000E+1,,,
,0.0000000E+0,3.9883314E+0,1.1000000E+1,,,
,0.0000000E+0,3.9923318E+0,1.2000000E+1,,,
,0.0000000E+0,3.9963321E+0,7.0000000E+0,,,
,0.0000000E+0,4.0003324E+0,1.2000000E+1,,,
,0.0000000E+0,4.0043328E+0,8.0000000E+0,,,
,0.0000000E+0,4.0083331E+0,8.0000000E+0,,,
,0.0000000E+0,4.0123334E+0,1.2000000E+1,,,
,0.0000000E+0,4.0163338E+0,8.0000000E+0,,,
,0.0000000E+0,4.0203341E+0,1.2000000E+1,,,
,0.0000000E+0,4.0243344E+0,1.2000000E+1,,,
,0.0000000E+0,4.0283348E+0,9.0000000E+0,,,
,0.0000000E+0,4.0323351E+0,7.0000000E+0,,,
,0.0000000E+0,4.0363354E+0,5.0000000E+0,,,
,0.0000000E+0,4.0403358E+0,5.0000000E+0,,,
,0.0000000E+0,4.0443361E+0,7.0000000E+0,,,
,0.0000000E+0,4.0483364E+0,8.0000000E+0,,,
,0.0000000E+0,4.0523368E+0,4.0000000E+0,,,
,0.0000000E+0,4.0563371E+0,8.0000000E+0,,,
,0.0000000E+0,4.0603374E+0,9.0000000E+0,,,
,0.0000000E+0,4.0643378E+0,9.0000000E+0,,,
,0.0000000E+0,4.0683381E+0,8.0000000E+0,,,
,0.0000000E+0,4.0723384E+0,9.0000000E+0,,,
,0.0000000E+0,4.0763387E+0,1.0000000E+1,,,
,0.0000000E+0,4.0803391E+0,1.2000000E+1,,,
,0.0000000E+0,4.0843394E+0,1.3000000E+1,,,
,0.0000000E+0,4.0883397E+0,9.0000000E+0,,,
,0.0000000E+0,4.0923401E+0,1.8000000E+1,,,
,0.0000000E+0,4.0963404E+0,6.0000000E+0,,,
,0.0000000E+0,4.1003407E+0,1.0000000E+1,,,
,0.0000000E+0,4.1043411E+0,7.0000000E+0,,,
,0.0000000E+0,4.1083414E+0,8.0000000E+0,,,
,0.0000000E+0,4.1123417E+0,1.4000000E+1,,,
,0.0000000E+0,4.1163421E+0,6.0000000E+0,,,
,0.0000000E+0,4.1203424E+0,1.0000000E+1,,,
,0.0000000E+0,4.1243427E+0,7.0000000E+0,,,
,0.0000000E+0,4.1283431E+0,7.0000000E+0,,,
,0.0000000E+0,4.1323434E+0,8.0000000E+0,,,
,0.0000000E+0,4.1363437E+0,6.0000000E+0,,,
,0.0000000E+0,4.1403441E+0,9.0000000E+0,,,
,0.0000000E+0,4.1443444E+0,7.0000000E+0,,,
,0.0000000E+0,4.1483447E+0,1.0000000E+1,,,
,0.0000000E+0,4.1523451E+0,5.0000000E+0,,,
,0.0000000E+0,4.1563454E+0,1.0000000E+1,,,
,0.0000000E+0,4.1603457E+0,9.0000000E+0,,,
,0.0000000E+0,4.1643461E+0,1.0000000E+1,,,
,0.0000000E+0,4.1683464E+0,0.0000000E+0,,,
,0.0000000E+0,4.1723467E+0,1.4000000E+1,,,
,0.0000000E+0,4.1763471E+0,6.0000000E+0,,,
,0.0000000E+0,4.1803474E+0,1.1000000E+1,,,
,0.0000000E+0,4.1843477E+0,8.0000000E+0,,,
,0.0000000E+0,4.1883481E+0,7.0000000E+0,,,
,0.0000000E+0,4.1923484E+0,1.2000000E+1,,,
,0.0000000E+0,4.1963487E+0,4.0000000E+0,,,
,0.0000000E+0,4.2003491E+0,7.0000000E+0,,,
,0.0000000E+0,4.2043494E+0,9.0000000E+0,,,
,0.0000000E+0,4.2083497E+0,1.1000000E+1,,,
,0.0000000E+0,4.2123501E+0,1.0000000E+1,,,
,0.0000000E+0,4.2163504E+0,1.3000000E+1,,,
,0.0000000E+0,4.2203507E+0,6.0000000E+0,,,
,0.0000000E+0,4.2243510E+0,1.0000000E+1,,,
,0.0000000E+0,4.2283514E+0,8.0000000E+0,,,
,0.0000000E+0,4.2323517E+0,1.2000000E+1,,,
,0.0000000E+0,4.2363520E+0,9.0000000E+0,,,
,0.0000000E+0,4.2403524E+0,5.0000000E+0,,,
,0.0000000E+0,4.2443527E+0,9.0000000E+0,,,
,0.0000000E+0,4.2483530E+0,1.0000000E+1,,,
,0.0000000E+0,4.2523534E+0,8.0000000E+0,,,
,0.0000000E+0,4.2563537E+0,3.0000000E+0,,,
,0.0000000E+0,4.2603540E+0,8.0000000E+0,,,
,0.0000000E+0,4.2643544E+0,8.0000000E+0,,,
,0.0000000E+0,4.2683547E+0,7.0000000E+0,,,
,0.0000000E+0,4.2723550E+0,1.1000000E+1,,,
,0.0000000E+0,4.2763554E+0,1.2000000E+1,,,
,0.0000000E+0,4.2803557E+0,9.0000000E+0,,,
,0.0000000E+0,4.2843560E+0,7.0000000E+0,,,
,0.0000000E+0,4.2883564E+0,1.2000000E+1,,,
,0.0000000E+0,4.2923567E+0,6.0000000E+0,,,
,0.0000000E+0,4.2963570E+0,4.0000000E+0,,,
,0.0000000E+0,4.3003574E+0,6.0000000E+0,,,
,0.0000000E+0,4.3043577E+0,8.0000000E+0,,,
,0.0000000E+0,4.3083580E+0,1.1000000E+1,,,
,0.0000000E+0,4.3123584E+0,7.0000000E+0,,,
,0.0000000E+0,4.3163587E+0,8.0000000E+0,,,
,0.0000000E+0,4.3203590E+0,6.0000000E+0,,,
,0.0000000E+0,4.3243594E+0,1.0000000E+1,,,
,0.0000000E+0,4.3283597E+0,6.0000000E+0,,,
,0.0000000E+0,4.3323600E+0,5.0000000E+0,,,
,0.0000000E+0,4.3363604E+0,1.1000000E+1,,,
,0.0000000E+0,4.3403607E+0,7.0000000E+0,,,
,0.0000000E+0,4.3443610E+0,8.0000000E+0,,,
,0.0000000E+0,4.3483614E+0,7.0000000E+0,,,
,0.0000000E+0,4.3523617E+0,4.0000000E+0,,,
,0.0000000E+0,4.3563620E+0,5.0000000E+0,,,
,0.0000000E+0,4.3603624E+0,5.0000000E+0,,,
,0.0000000E+0,4.3643627E+0,8.0000000E+0,,,
,0.0000000E+0,4.3683630E+0,5.0000000E+0,,,
,0.0000000E+0,4.3723633E+0,1.1000000E+1,,,
,0.0000000E+0,4.3763637E+0,7.0000000E+0,,,
,0.0000000E+0,4.3803640E+0,8.0000000E+0,,,
,0.0000000E+0,4.3843643E+0,6.0000000E+0,,,
,0.0000000E+0,4.3883647E+0,7.0000000E+0,,,
,0.0000000E+0,4.3923650E+0,8.0000000E+0,,,
,0.0000000E+0,4.3963653E+0,7.0000000E+0,,,
,0.0000000E+0,4.4003657E+0,8.0000000E+0,,,
,0.0000000E+0,4.4043660E+0,7.0000000E+0,,,
,0.0000000E+0,4.4083663E+0,1.1000000E+1,,,
,0.0000000E+0,4.4123667E+0,5.0000000E+0,,,
,0.0000000E+0,4.4163670E+0,7.0000000E+0,,,
,0.0000000E+0,4.4203673E+0,6.0000000E+0,,,
,0.0000000E+0,4.4243677E+0,9.0000000E+0,,,
,0.0000000E+0,4.4283680E+0,5.0000000E+0,,,
,0.0000000E+0,4.4323683E+0,7.0000000E+0,,,
,0.0000000E+0,4.4363687E+0,8.0000000E+0,,,
,0.0000000E+0,4.4403690E+0,8.0000000E+0,,,
,0.0000000E+0,4.4443693E+0,1.2000000E+1,,,
,0.0000000E+0,4.4483697E+0,9.0000000E+0,,,
,0.0000000E+0,4.4523700E+0,5.0000000E+0,,,
,0.0000000E+0,4.4563703E+0,7.0000000E+0,,,
,0.0000000E+0,4.4603707E+0,1.4000000E+1,,,
,0.0000000E+0,4.4643710E+0,1.3000000E+1,,,
,0.0000000E+0,4.4683713E+0,5.0000000E+0,,,
,0.0000000E+0,4.4723717E+0,1.1000000E+1,,,
,0.0000000E+0,4.4763720E+0,1.4000000E+1,,,
,0.0000000E+0,4.4803723E+0,4.0000000E+0,,,
,0.0000000E+0,4.4843727E+0,4.0000000E+0,,,
,0.0000000E+0,4.4883730E+0,1.0000000E+1,,,
,0.0000000E+0,4.4923733E+0,6.0000000E+0,,,
,0.0000000E+0,4.4963737E+0,6.0000000E+0,,,
,0.0000000E+0,4.5003740E+0,8.0000000E+0,,,
,0.0000000E+0,4.5043743E+0,1.4000000E+1,,,
,0.0000000E+0,4.5083747E+0,9.0000000E+0,,,
,0.0000000E+0,4.5123750E+0,7.0000000E+0,,,
,0.0000000E+0,4.5163753E+0,1.0000000E+1,,,
,0.0000000E+0,4.5203756E+0,1.0000000E+1,,,
,0.0000000E+0,4.5243760E+0,8.0000000E+0,,,
,0.0000000E+0,4.5283763E+0,7.0000000E+0,,,
,0.0000000E+0,4.5323766E+0,1.3000000E+1,,,
,0.0000000E+0,4.5363770E+0,4.0000000E+0,,,
,0.0000000E+0,4.5403773E+0,1.1000000E+1,,,
,0.0000000E+0,4.5443776E+0,1.4000000E+1,,,
,0.0000000E+0,4.5483780E+0,1.2000000E+1,,,
,0.0000000E+0,4.5523783E+0,1.7000000E+1,,,
,0.0000000E+0,4.5563786E+0,1.0000000E+1,,,
,0.0000000E+0,4.5603790E+0,1.5000000E+1,,,
,0.0000000E+0,4.5643793E+0,1.1000000E+1,,,
,0.0000000E+0,4.5683796E+0,1.3000000E+1,,,
,0.0000000E+0,4.5723800E+0,1.3000000E+1,,,
,0.0000000E+0,4.5763803E+0,1.4000000E+1,,,
,0.0000000E+0,4.5803806E+0,2.1000000E+1,,,
,0.0000000E+0,4.5843810E+0,1.8000000E+1,,,
,0.0000000E+0,4.5883813E+0,2.4000000E+1,,,
,0.0000000E+0,4.5923816E+0,1.8000000E+1,,,
,0.0000000E+0,4.5963820E+0,2.3000000E+1,,,
,0.0000000E+0,4.6003823E+0,2.0000000E+1,,,
,0.0000000E+0,4.6043826E+0,2.7000000E+1,,,
,0.0000000E+0,4.6083830E+0,1.9000000E+1,,,
,0.0000000E+0,4.6123833E+0,2.0000000E+1,,,
,0.0000000E+0,4.6163836E+0,2.0000000E+1,,,
,0.0000000E+0,4.6203840E+0,2.7000000E+1,,,
,0.0000000E+0,4.6243843E+0,2.4000000E+1,,,
,0.0000000E+0,4.6283846E+0,2.9000000E+1,,,
,0.0000000E+0,4.6323850E+0,2.1000000E+1,,,
,0.0000000E+0,4.6363853E+0,2.4000000E+1,,,
,0.0000000E+0,4.6403856E+0,2.0000000E+1,,,
,0.0000000E+0,4.6443860E+0,2.8000000E+1,,,
,0.0000000E+0,4.6483863E+0,2.7000000E+1,,,
,0.0000000E+0,4.6523866E+0,1.7000000E+1,,,
,0.0000000E+0,4.6563870E+0,2.1000000E+1,,,
,0.0000000E+0,4.6603873E+0,1.8000000E+1,,,
,0.0000000E+0,4.6643876E+0,2.4000000E+1,,,
,0.0000000E+0,4.6683879E+0,2.2000000E+1,,,
,0.0000000E+0,4.6723883E+0,1.6000000E+1,,,
,0.0000000E+0,4.6763886E+0,2.1000000E+1,,,
,0.0000000E+0,4.6803889E+0,1.7000000E+1,,,
,0.0000000E+0,4.6843893E+0,1.5000000E+1,,,
,0.0000000E+0,4.6883896E+0,1.7000000E+1,,,
,0.0000000E+0,4.6923899E+0,1.8000000E+1,,,
,0.0000000E+0,4.6963903E+0,2.0000000E+1,,,
,0.0000000E+0,4.7003906E+0,2.4000000E+1,,,
,0.0000000E+0,4.7043909E+0,2.1000000E+1,,,
,0.0000000E+0,4.7083913E+0,2.4000000E+1,,,
,0.0000000E+0,4.7123916E+0,1.5000000E+1,,,
,0.0000000E+0,4.7163919E+0,2.2000000E+1,,,
,0.0000000E+0,4.7203923E+0,1.8000000E+1,,,
,0.0000000E+0,4.7243926E+0,2.0000000E+1,,,
,0.0000000E+0,4.7283929E+0,2.5000000E+1,,,
,0.0000000E+0,4.7323933E+0,2.2000000E+1,,,
,0.0000000E+0,4.7363936E+0,2.3000000E+1,,,
,0.0000000E+0,4.7403939E+0,1.4000000E+1,,,
,0.0000000E+0,4.7443943E+0,1.8000000E+1,,,
,0.0000000E+0,4.7483946E+0,1.8000000E+1,,,
,0.0000000E+0,4.7523949E+0,1.6000000E+1,,,
,0.0000000E+0,4.7563953E+0,2.0000000E+1,,,
,0.0000000E+0,4.7603956E+0,1.9000000E+1,,,
,0.0000000E+0,4.7643959E+0,1.7000000E+1,,,
,0.0000000E+0,4.7683963E+0,2.3000000E+1,,,
,0.0000000E+0,4.7723966E+0,1.3000000E+1,,,
,0.0000000E+0,4.7763969E+0,1.3000000E+1,,,
,0.0000000E+0,4.7803973E+0,2.4000000E+1,,,
,0.0000000E+0,4.7843976E+0,2.2000000E+1,,,
,0.0000000E+0,4.7883979E+0,2.2000000E+1,,,
,0.0000000E+0,4.7923983E+0,1.1000000E+1,,,
,0.0000000E+0,4.7963986E+0,2.0000000E+1,,,
,0.0000000E+0,4.8003989E+0,1.7000000E+1,,,
,0.0000000E+0,4.8043993E+0,1.8000000E+1,,,
,0.0000000E+0,4.8083996E+0,1.3000000E+1,,,
,0.0000000E+0,4.8123999E+0,1.4000000E+1,,,
,0.0000000E+0,4.8164002E+0,1.1000000E+1,,,
,0.0000000E+0,4.8204006E+0,1.9000000E+1,,,
,0.0000000E+0,4.8244009E+0,1.5000000E+1,,,
,0.0000000E+0,4.8284012E+0,1.8000000E+1,,,
,0.0000000E+0,4.8324016E+0,1.6000000E+1,,,
,0.0000000E+0,4.8364019E+0,1.1000000E+1,,,
,0.0000000E+0,4.8404022E+0,1.4000000E+1,,,
,0.0000000E+0,4.8444026E+0,1.2000000E+1,,,
,0.0000000E+0,4.8484029E+0,2.0000000E+1,,,
,0.0000000E+0,4.8524032E+0,1.8000000E+1,,,
,0.0000000E+0,4.8564036E+0,1.2000000E+1,,,
,0.0000000E+0,4.8604039E+0,1.3000000E+1,,,
,0.0000000E+0,4.8644042E+0,1.6000000E+1,,,
,0.0000000E+0,4.8684046E+0,1.2000000E+1,,,
,0.0000000E+0,4.8724049E+0,1.6000000E+1,,,
,0.0000000E+0,4.8764052E+0,1.4000000E+1,,,
,0.0000000E+0,4.8804056E+0,1.8000000E+1,,,
,0.0000000E+0,4.8844059E+0,3.2000000E+1,,,
,0.0000000E+0,4.8884062E+0,1.8000000E+1,,,
,0.0000000E+0,4.8924066E+0,1.4000000E+1,,,
,0.0000000E+0,4.8964069E+0,8.0000000E+0,,,
,0.0000000E+0,4.9004072E+0,1.6000000E+1,,,
,0.0000000E+0,4.9044076E+0,1.3000000E+1,,,
,0.0000000E+0,4.9084079E+0,1.0000000E+1,,,
,0.0000000E+0,4.9124082E+0,1.6000000E+1,,,
,0.0000000E+0,4.9164086E+0,1.1000000E+1,,,
,0.0000000E+0,4.9204089E+0,1.9000000E+1,,,
,0.0000000E+0,4.9244092E+0,1.5000000E+1,,,
,0.0000000E+0,4.9284096E+0,1.2000000E+1,,,
,0.0000000E+0,4.9324099E+0,1.7000000E+1,,,
,0.0000000E+0,4.9364102E+0,1.5000000E+1,,,
,0.0000000E+0,4.9404106E+0,8.0000000E+0,,,
,0.0000000E+0,4.9444109E+0,1.6000000E+1,,,
,0.0000000E+0,4.9484112E+0,1.2000000E+1,,,
,0.0000000E+0,4.9524116E+0,1.2000000E+1,,,
,0.0000000E+0,4.9564119E+0,1.2000000E+1,,,
,0.0000000E+0,4.9604122E+0,9.0000000E+0,,,
,0.0000000E+0,4.9644125E+0,1.3000000E+1,,,
,0.0000000E+0,4.9684129E+0,1.2000000E+1,,,
,0.0000000E+0,4.9724132E+0,1.6000000E+1,,,
,0.0000000E+0,4.9764135E+0,1.5000000E+1,,,
,0.0000000E+0,4.9804139E+0,1.4000000E+1,,,
,0.0000000E+0,4.9844142E+0,1.7000000E+1,,,
,0.0000000E+0,4.9884145E+0,1.0000000E+1,,,
,0.0000000E+0,4.9924149E+0,1.1000000E+1,,,
,0.0000000E+0,4.9964152E+0,1.4000000E+1,,,
,0.0000000E+0,5.0004155E+0,1.3000000E+1,,,
,0.0000000E+0,5.0044159E+0,8.0000000E+0,,,
,0.0000000E+0,5.0084162E+0,1.4000000E+1,,,
,0.0000000E+0,5.0124165E+0,1.8000000E+1,,,
,0.0000000E+0,5.0164169E+0,1.8000000E+1,,,
,0.0000000E+0,5.0204172E+0,8.0000000E+0,,,
,0.0000000E+0,5.0244175E+0,7.0000000E+0,,,
,0.0000000E+0,5.0284179E+0,6.0000000E+0,,,
,0.0000000E+0,5.0324182E+0,9.0000000E+0,,,
,0.0000000E+0,5.0364185E+0,1.2000000E+1,,,
,0.0000000E+0,5.0404189E+0,7.0000000E+0,,,
,0.0000000E+0,5.0444192E+0,9.0000000E+0,,,
,0.0000000E+0,5.0484195E+0,1.9000000E+1,,,
,0.0000000E+0,5.0524199E+0,6.0000000E+0,,,
,0.0000000E+0,5.0564202E+0,1.3000000E+1,,,
,0.0000000E+0,5.0604205E+0,1.2000000E+1,,,
,0.0000000E+0,5.0644209E+0,1.2000000E+1,,,
,0.0000000E+0,5.0684212E+0,1.4000000E+1,,,
,0.0000000E+0,5.0724215E+0,1.5000000E+1,,,
,0.0000000E+0,5.0764219E+0,1.5000000E+1,,,
,0.0000000E+0,5.0804222E+0,1.0000000E+1,,,
,0.0000000E+0,5.0844225E+0,7.0000000E+0,,,
,0.0000000E+0,5.0884229E+0,9.0000000E+0,,,
,0.0000000E+0,5.0924232E+0,1.0000000E+1,,,
,0.0000000E+0,5.0964235E+0,1.8000000E+1,,,
,0.0000000E+0,5.1004239E+0,4.0000000E+0,,,
,0.0000000E+0,5.1044242E+0,9.0000000E+0,,,
,0.0000000E+0,5.1084245E+0,9.0000000E+0,,,
,0.0000000E+0,5.1124248E+0,1.5000000E+1,,,
,0.0000000E+0,5.1164252E+0,7.0000000E+0,,,
,0.0000000E+0,5.1204255E+0,1.1000000E+1,,,
,0.0000000E+0,5.1244258E+0,1.4000000E+1,,,
,0.0000000E+0,5.1284262E+0,1.8000000E+1,,,
,0.0000000E+0,5.1324265E+0,1.2000000E+1,,,
,0.0000000E+0,5.1364268E+0,1.5000000E+1,,,
,0.0000000E+0,5.1404272E+0,8.0000000E+0,,,
,0.0000000E+0,5.1444275E+0,1.5000000E+1,,,
,0.0000000E+0,5.1484278E+0,1.5000000E+1,,,
,0.0000000E+0,5.1524282E+0,1.5000000E+1,,,
,0.0000000E+0,5.1564285E+0,8.0000000E+0,,,
,0.0000000E+0,5.1604288E+0,9.0000000E+0,,,
,0.0000000E+0,5.1644292E+0,6.0000000E+0,,,
,0.0000000E+0,5.1684295E+0,8.0000000E+0,,,
,0.0000000E+0,5.1724298E+0,8.0000000E+0,,,
,0.0000000E+0,5.1764302E+0,1.1000000E+1,,,
,0.0000000E+0,5.1804305E+0,1.2000000E+1,,,
,0.0000000E+0,5.1844308E+0,1.3000000E+1,,,
,0.0000000E+0,5.1884312E+0,8.0000000E+0,,,
,0.0000000E+0,5.1924315E+0,8.0000000E+0,,,
,0.0000000E+0,5.1964318E+0,1.4000000E+1,,,
,0.0000000E+0,5.2004322E+0,4.0000000E+0,,,
,0.0000000E+0,5.2044325E+0,1.4000000E+1,,,
,0.0000000E+0,5.2084328E+0,1.1000000E+1,,,
,0.0000000E+0,5.2124332E+0,1.1000000E+1,,,
,0.0000000E+0,5.2164335E+0,1.2000000E+1,,,
,0.0000000E+0,5.2204338E+0,6.0000000E+0,,,
,0.0000000E+0,5.2244342E+0,1.4000000E+1,,,
,0.0000000E+0,5.2284345E+0,8.0000000E+0,,,
,0.0000000E+0,5.2324348E+0,1.2000000E+1,,,
,0.0000000E+0,5.2364352E+0,8.0000000E+0,,,
,0.0000000E+0,5.2404355E+0,1.0000000E+1,,,
,0.0000000E+0,5.2444358E+0,6.0000000E+0,,,
,0.0000000E+0,5.2484362E+0,1.0000000E+1,,,
,0.0000000E+0,5.2524365E+0,6.0000000E+0,,,
,0.0000000E+0,5.2564368E+0,9.0000000E+0,,,
,0.0000000E+0,5.2604371E+0,1.3000000E+1,,,
,0.0000000E+0,5.2644375E+0,7.0000000E+0,,,
,0.0000000E+0,5.2684378E+0,9.0000000E+0,,,
,0.0000000E+0,5.2724381E+0,8.0000000E+0,,,
,0.0000000E+0,5.2764385E+0,7.0000000E+0,,,
,0.0000000E+0,5.2804388E+0,1.4000000E+1,,,
,0.0000000E+0,5.2844391E+0,1.4000000E+1,,,
,0.0000000E+0,5.2884395E+0,1.3000000E+1,,,
,0.0000000E+0,5.2924398E+0,7.0000000E+0,,,
,0.0000000E+0,5.2964401E+0,3.0000000E+0,,,
,0.0000000E+0,5.3004405E+0,7.0000000E+0,,,
,0.0000000E+0,5.3044408E+0,8.0000000E+0,,,
,0.0000000E+0,5.3084411E+0,1.3000000E+1,,,
,0.0000000E+0,5.3124415E+0,1.3000000E+1,,,
,0.0000000E+0,5.3164418E+0,6.0000000E+0,,,
,0.0000000E+0,5.3204421E+0,1.2000000E+1,,,
,0.0000000E+0,5.3244425E+0,7.0000000E+0,,,
,0.0000000E+0,5.3284428E+0,9.0000000E+0,,,
,0.0000000E+0,5.3324431E+0,6.0000000E+0,,,
,0.0000000E+0,5.3364435E+0,1.0000000E+1,,,
,0.0000000E+0,5.3404438E+0,6.0000000E+0,,,
,0.0000000E+0,5.3444441E+0,1.2000000E+1,,,
,0.0000000E+0,5.3484445E+0,1.2000000E+1,,,
,0.0000000E+0,5.3524448E+0,9.0000000E+0,,,
,0.0000000E+0,5.3564451E+0,8.0000000E+0,,,
,0.0000000E+0,5.3604455E+0,1.7000000E+1,,,
,0.0000000E+0,5.3644458E+0,5.0000000E+0,,,
,0.0000000E+0,5.3684461E+0,5.0000000E+0,,,
,0.0000000E+0,5.3724465E+0,7.0000000E+0,,,
,0.0000000E+0,5.3764468E+0,7.0000000E+0,,,
,0.0000000E+0,5.3804471E+0,6.0000000E+0,,,
,0.0000000E+0,5.3844475E+0,9.0000000E+0,,,
,0.0000000E+0,5.3884478E+0,1.2000000E+1,,,
,0.0000000E+0,5.3924481E+0,1.2000000E+1,,,
,0.0000000E+0,5.3964485E+0,8.0000000E+0,,,
,0.0000000E+0,5.4004488E+0,5.0000000E+0,,,
,0.0000000E+0,5.4044491E+0,1.1000000E+1,,,
,0.0000000E+0,5.4084494E+0,7.0000000E+0,,,
,0.0000000E+0,5.4124498E+0,9.0000000E+0,,,
,0.0000000E+0,5.4164501E+0,1.0000000E+1,,,
,0.0000000E+0,5.4204504E+0,5.0000000E+0,,,
,0.0000000E+0,5.4244508E+0,9.0000000E+0,,,
,0.0000000E+0,5.4284511E+0,9.0000000E+0,,,
,0.0000000E+0,5.4324514E+0,1.0000000E+1,,,
,0.0000000E+0,5.4364518E+0,1.0000000E+1,,,
,0.0000000E+0,5.4404521E+0,5.0000000E+0,,,
,0.0000000E+0,5.4444524E+0,7.0000000E+0,,,
,0.0000000E+0,5.4484528E+0,8.0000000E+0,,,
,0.0000000E+0,5.4524531E+0,9.0000000E+0,,,
,0.0000000E+0,5.4564534E+0,1.0000000E+1,,,
,0.0000000E+0,5.4604538E+0,9.0000000E+0,,,
,0.0000000E+0,5.4644541E+0,1.0000000E+1,,,
,0.0000000E+0,5.4684544E+0,8.0000000E+0,,,
,0.0000000E+0,5.4724548E+0,5.0000000E+0,,,
,0.0000000E+0,5.4764551E+0,7.0000000E+0,,,
,0.0000000E+0,5.4804554E+0,9.0000000E+0,,,
,0.0000000E+0,5.4844558E+0,1.2000000E+1,,,
,0.0000000E+0,5.4884561E+0,9.0000000E+0,,,
,0.0000000E+0,5.4924564E+0,7.0000000E+0,,,
,0.0000000E+0,5.4964568E+0,5.0000000E+0,,,
,0.0000000E+0,5.5004571E+0,7.0000000E+0,,,
,0.0000000E+0,5.5044574E+0,9.0000000E+0,,,
,0.0000000E+0,5.5084578E+0,6.0000000E+0,,,
,0.0000000E+0,5.5124581E+0,7.0000000E+0,,,
,0.0000000E+0,5.5164584E+0,7.0000000E+0,,,
,0.0000000E+0,5.5204588E+0,9.0000000E+0,,,
,0.0000000E+0,5.5244591E+0,8.0000000E+0,,,
,0.0000000E+0,5.5284594E+0,9.0000000E+0,,,
,0.0000000E+0,5.5324598E+0,8.0000000E+0,,,
,0.0000000E+0,5.5364601E+0,5.0000000E+0,,,
,0.0000000E+0,5.5404604E+0,1.0000000E+1,,,
,0.0000000E+0,5.5444608E+0,9.0000000E+0,,,
,0.0000000E+0,5.5484611E+0,9.0000000E+0,,,
,0.0000000E+0,5.5524614E+0,7.0000000E+0,,,
,0.0000000E+0,5.5564617E+0,1.1000000E+1,,,
,0.0000000E+0,5.5604621E+0,6.0000000E+0,,,
,0.0000000E+0,5.5644624E+0,5.0000000E+0,,,
,0.0000000E+0,5.5684627E+0,1.1000000E+1,,,
,0.0000000E+0,5.5724631E+0,1.3000000E+1,,,
,0.0000000E+0,5.5764634E+0,1.1000000E+1,,,
,0.0000000E+0,5.5804637E+0,8.0000000E+0,,,
,0.0000000E+0,5.5844641E+0,8.0000000E+0,,,
,0.0000000E+0,5.5884644E+0,8.0000000E+0,,,
,0.0000000E+0,5.5924647E+0,7.0000000E+0,,,
,0.0000000E+0,5.5964651E+0,1.1000000E+1,,,
,0.0000000E+0,5.6004654E+0,3.0000000E+0,,,
,0.0000000E+0,5.6044657E+0,7.0000000E+0,,,
,0.0000000E+0,5.6084661E+0,1.0000000E+1,,,
,0.0000000E+0,5.6124664E+0,9.0000000E+0,,,
,0.0000000E+0,5.6164667E+0,5.0000000E+0,,,
,0.0000000E+0,5.6204671E+0,5.0000000E+0,,,
,0.0000000E+0,5.6244674E+0,9.0000000E+0,,,
,0.0000000E+0,5.6284677E+0,5.0000000E+0,,,
,0.0000000E+0,5.6324681E+0,5.0000000E+0,,,
,0.0000000E+0,5.6364684E+0,1.3000000E+1,,,
,0.0000000E+0,5.6404687E+0,6.0000000E+0,,,
,0.0000000E+0,5.6444691E+0,1.4000000E+1,,,
,0.0000000E+0,5.6484694E+0,1.2000000E+1,,,
,0.0000000E+0,5.6524697E+0,9.0000000E+0,,,
,0.0000000E+0,5.6564701E+0,7.0000000E+0,,,
,0.0000000E+0,5.6604704E+0,4.0000000E+0,,,
,0.0000000E+0,5.6644707E+0,8.0000000E+0,,,
,0.0000000E+0,5.6684711E+0,1.1000000E+1,,,
,0.0000000E+0,5.6724714E+0,5.0000000E+0,,,
,0.0000000E+0,5.6764717E+0,8.0000000E+0,,,
,0.0000000E+0,5.6804721E+0,1.0000000E+1,,,
,0.0000000E+0,5.6844724E+0,6.0000000E+0,,,
,0.0000000E+0,5.6884727E+0,6.0000000E+0,,,
,0.0000000E+0,5.6924731E+0,6.0000000E+0,,,
,0.0000000E+0,5.6964734E+0,9.0000000E+0,,,
,0.0000000E+0,5.7004737E+0,9.0000000E+0,,,
,0.0000000E+0,5.7044740E+0,1.1000000E+1,,,
,0.0000000E+0,5.7084744E+0,1.2000000E+1,,,
,0.0000000E+0,5.7124747E+0,8.0000000E+0,,,
,0.0000000E+0,5.7164750E+0,1.2000000E+1,,,
,0.0000000E+0,5.7204754E+0,6.0000000E+0,,,
,0.0000000E+0,5.7244757E+0,7.0000000E+0,,,
,0.0000000E+0,5.7284760E+0,3.0000000E+0,,,
,0.0000000E+0,5.7324764E+0,1.0000000E+1,,,
,0.0000000E+0,5.7364767E+0,4.0000000E+0,,,
,0.0000000E+0,5.7404770E+0,5.0000000E+0,,,
,0.0000000E+0,5.7444774E+0,1.0000000E+1,,,
,0.0000000E+0,5.7484777E+0,6.0000000E+0,,,
,0.0000000E+0,5.7524780E+0,7.0000000E+0,,,
,0.0000000E+0,5.7564784E+0,4.0000000E+0,,,
,0.0000000E+0,5.7604787E+0,2.0000000E+0,,,
,0.0000000E+0,5.7644790E+0,1.9000000E+1,,,
,0.0000000E+0,5.7684794E+0,1.2000000E+1,,,
,0.0000000E+0,5.7724797E+0,8.0000000E+0,,,
,0.0000000E+0,5.7764800E+0,9.0000000E+0,,,
,0.0000000E+0,5.7804804E+0,6.0000000E+0,,,
,0.0000000E+0,5.7844807E+0,7.0000000E+0,,,
,0.0000000E+0,5.7884810E+0,5.0000000E+0,,,
,0.0000000E+0,5.7924814E+0,9.0000000E+0,,,
,0.0000000E+0,5.7964817E+0,1.0000000E+1,,,
,0.0000000E+0,5.8004820E+0,7.0000000E+0,,,
,0.0000000E+0,5.8044824E+0,9.0000000E+0,,,
,0.0000000E+0,5.8084827E+0,6.0000000E+0,,,
,0.0000000E+0,5.8124830E+0,8.0000000E+0,,,
,0.0000000E+0,5.8164834E+0,3.0000000E+0,,,
,0.0000000E+0,5.8204837E+0,8.0000000E+0,,,
,0.0000000E+0,5.8244840E+0,8.0000000E+0,,,
,0.0000000E+0,5.8284844E+0,1.1000000E+1,,,
,0.0000000E+0,5.8324847E+0,9.0000000E+0,,,
,0.0000000E+0,5.8364850E+0,1.1000000E+1,,,
,0.0000000E+0,5.8404854E+0,7.0000000E+0,,,
,0.0000000E+0,5.8444857E+0,9.0000000E+0,,,
,0.0000000E+0,5.8484860E+0,1.1000000E+1,,,
,0.0000000E+0,5.8524863E+0,1.3000000E+1,,,
,0.0000000E+0,5.8564867E+0,7.0000000E+0,,,
,0.0000000E+0,5.8604870E+0,6.0000000E+0,,,
,0.0000000E+0,5.8644873E+0,8.0000000E+0,,,
,0.0000000E+0,5.8684877E+0,1.0000000E+1,,,
,0.0000000E+0,5.8724880E+0,1.3000000E+1,,,
,0.0000000E+0,5.8764883E+0,9.0000000E+0,,,
,0.0000000E+0,5.8804887E+0,8.0000000E+0,,,
,0.0000000E+0,5.8844890E+0,5.0000000E+0,,,
,0.0000000E+0,5.8884893E+0,7.0000000E+0,,,
,0.0000000E+0,5.8924897E+0,8.0000000E+0,,,
,0.0000000E+0,5.8964900E+0,1.0000000E+1,,,
,0.0000000E+0,5.9004903E+0,7.0000000E+0,,,
,0.0000000E+0,5.9044907E+0,9.0000000E+0,,,
,0.0000000E+0,5.9084910E+0,8.0000000E+0,,,
,0.0000000E+0,5.9124913E+0,6.0000000E+0,,,
,0.0000000E+0,5.9164917E+0,6.0000000E+0,,,
,0.0000000E+0,5.9204920E+0,5.0000000E+0,,,
,0.0000000E+0,5.9244923E+0,1.4000000E+1,,,
,0.0000000E+0,5.9284927E+0,1.1000000E+1,,,
,0.0000000E+0,5.9324930E+0,6.0000000E+0,,,
,0.0000000E+0,5.9364933E+0,1.0000000E+1,,,
,0.0000000E+0,5.9404937E+0,8.0000000E+0,,,
,0.0000000E+0,5.9444940E+0,6.0000000E+0,,,
,0.0000000E+0,5.9484943E+0,1.0000000E+1,,,
,0.0000000E+0,5.9524947E+0,4.0000000E+0,,,
,0.0000000E+0,5.9564950E+0,7.0000000E+0,,,
,0.0000000E+0,5.9604953E+0,6.0000000E+0,,,
,0.0000000E+0,5.9644957E+0,8.0000000E+0,,,
,0.0000000E+0,5.9684960E+0,7.0000000E+0,,,
,0.0000000E+0,5.9724963E+0,6.0000000E+0,,,
,0.0000000E+0,5.9764967E+0,1.1000000E+1,,,
,0.0000000E+0,5.9804970E+0,7.0000000E+0,,,
,0.0000000E+0,5.9844973E+0,1.1000000E+1,,,
,0.0000000E+0,5.9884977E+0,7.0000000E+0,,,
,0.0000000E+0,5.9924980E+0,7.0000000E+0,,,
,0.0000000E+0,5.9964983E+0,1.1000000E+1,,,
,0.0000000E+0,6.0004986E+0,9.0000000E+0,,,
,0.0000000E+0,6.0044990E+0,1.2000000E+1,,,
,0.0000000E+0,6.0084993E+0,8.0000000E+0,,,
,0.0000000E+0,6.0124996E+0,8.0000000E+0,,,
,0.0000000E+0,6.0165000E+0,7.0000000E+0,,,
,0.0000000E+0,6.0205003E+0,3.0000000E+0,,,
,0.0000000E+0,6.0245006E+0,8.0000000E+0,,,
,0.0000000E+0,6.0285010E+0,1.2000000E+1,,,
,0.0000000E+0,6.0325013E+0,7.0000000E+0,,,
,0.0000000E+0,6.0365016E+0,6.0000000E+0,,,
,0.0000000E+0,6.0405020E+0,5.0000000E+0,,,
,0.0000000E+0,6.0445023E+0,6.0000000E+0,,,
,0.0000000E+0,6.0485026E+0,8.0000000E+0,,,
,0.0000000E+0,6.0525030E+0,9.0000000E+0,,,
,0.0000000E+0,6.0565033E+0,5.0000000E+0,,,
,0.0000000E+0,6.0605036E+0,1.6000000E+1,,,
,0.0000000E+0,6.0645040E+0,9.0000000E+0,,,
,0.0000000E+0,6.0685043E+0,1.2000000E+1,,,
,0.0000000E+0,6.0725046E+0,1.5000000E+1,,,
,0.0000000E+0,6.0765050E+0,1.0000000E+1,,,
,0.0000000E+0,6.0805053E+0,1.2000000E+1,,,
,0.0000000E+0,6.0845056E+0,1.8000000E+1,,,
,0.0000000E+0,6.0885060E+0,1.7000000E+1,,,
,0.0000000E+0,6.0925063E+0,2.0000000E+1,,,
,0.0000000E+0,6.0965066E+0,2.1000000E+1,,,
,0.0000000E+0,6.1005070E+0,1.8000000E+1,,,
,0.0000000E+0,6.1045073E+0,1.8000000E+1,,,
,0.0000000E+0,6.1085076E+0,1.7000000E+1,,,
,0.0000000E+0,6.1125080E+0,1.2000000E+1,,,
,0.0000000E+0,6.1165083E+0,1.7000000E+1,,,
,0.0000000E+0,6.1205086E+0,2.0000000E+1,,,
,0.0000000E+0,6.1245090E+0,1.8000000E+1,,,
,0.0000000E+0,6.1285093E+0,1.6000000E+1,,,
,0.0000000E+0,6.1325096E+0,2.0000000E+1,,,
,0.0000000E+0,6.1365100E+0,2.0000000E+1,,,
,0.0000000E+0,6.1405103E+0,1.5000000E+1,,,
,0.0000000E+0,6.1445106E+0,1.4000000E+1,,,
,0.0000000E+0,6.1485109E+0,1.5000000E+1,,,
,0.0000000E+0,6.1525113E+0,2.0000000E+1,,,
,0.0000000E+0,6.1565116E+0,1.4000000E+1,,,
,0.0000000E+0,6.1605119E+0,2.0000000E+1,,,
,0.0000000E+0,6.1645123E+0,2.2000000E+1,,,
,0.0000000E+0,6.1685126E+0,2.3000000E+1,,,
,0.0000000E+0,6.1725129E+0,2.0000000E+1,,,
,0.0000000E+0,6.1765133E+0,2.0000000E+1,,,
,0.0000000E+0,6.1805136E+0,1.9000000E+1,,,
,0.0000000E+0,6.1845139E+0,2.1000000E+1,,,
,0.0000000E+0,6.1885143E+0,2.2000000E+1,,,
,0.0000000E+0,6.1925146E+0,1.6000000E+1,,,
,0.0000000E+0,6.1965149E+0,2.2000000E+1,,,
,0.0000000E+0,6.2005153E+0,2.4000000E+1,,,
,0.0000000E+0,6.2045156E+0,2.0000000E+1,,,
,0.0000000E+0,6.2085159E+0,2.5000000E+1,,,
,0.0000000E+0,6.2125163E+0,1.5000000E+1,,,
,0.0000000E+0,6.2165166E+0,2.7000000E+1,,,
,0.0000000E+0,6.2205169E+0,2.5000000E+1,,,
,0.0000000E+0,6.2245173E+0,2.5000000E+1,,,
,0.0000000E+0,6.2285176E+0,2.0000000E+1,,,
,0.0000000E+0,6.2325179E+0,3.0000000E+1,,,
,0.0000000E+0,6.2365183E+0,1.4000000E+1,,,
,0.0000000E+0,6.2405186E+0,2.4000000E+1,,,
,0.0000000E+0,6.2445189E+0,2.1000000E+1,,,
,0.0000000E+0,6.2485193E+0,1.5000000E+1,,,
,0.0000000E+0,6.2525196E+0,1.7000000E+1,,,
,0.0000000E+0,6.2565199E+0,1.6000000E+1,,,
,0.0000000E+0,6.2605203E+0,1.5000000E+1,,,
,0.0000000E+0,6.2645206E+0,1.5000000E+1,,,
,0.0000000E+0,6.2685209E+0,1.8000000E+1,,,
,0.0000000E+0,6.2725213E+0,1.0000000E+1,,,
,0.0000000E+0,6.2765216E+0,2.0000000E+1,,,
,0.0000000E+0,6.2805219E+0,1.7000000E+1,,,
,0.0000000E+0,6.2845223E+0,1.4000000E+1,,,
,0.0000000E+0,6.2885226E+0,1.4000000E+1,,,
,0.0000000E+0,6.2925229E+0,1.5000000E+1,,,
,0.0000000E+0,6.2965232E+0,1.5000000E+1,,,
,0.0000000E+0,6.3005236E+0,2.2000000E+1,,,
,0.0000000E+0,6.3045239E+0,1.6000000E+1,,,
,0.0000000E+0,6.3085242E+0,1.1000000E+1,,,
,0.0000000E+0,6.3125246E+0,1.8000000E+1,,,
,0.0000000E+0,6.3165249E+0,1.7000000E+1,,,
,0.0000000E+0,6.3205252E+0,2.4000000E+1,,,
,0.0000000E+0,6.3245256E+0,6.0000000E+0,,,
,0.0000000E+0,6.3285259E+0,1.2000000E+1,,,
,0.0000000E+0,6.3325262E+0,1.4000000E+1,,,
,0.0000000E+0,6.3365266E+0,2.3000000E+1,,,
,0.0000000E+0,6.3405269E+0,1.3000000E+1,,,
,0.0000000E+0,6.3445272E+0,1.7000000E+1,,,
,0.0000000E+0,6.3485276E+0,1.3000000E+1,,,
,0.0000000E+0,6.3525279E+0,1.6000000E+1,,,
,0.0000000E+0,6.3565282E+0,1.1000000E+1,,,
,0.0000000E+0,6.3605286E+0,8.0000000E+0,,,
,0.0000000E+0,6.3645289E+0,1.3000000E+1,,,
,0.0000000E+0,6.3685292E+0,1.4000000E+1,,,
,0.0000000E+0,6.3725296E+0,1.0000000E+1,,,
,0.0000000E+0,6.3765299E+0,8.0000000E+0,,,
,0.0000000E+0,6.3805302E+0,1.6000000E+1,,,
,0.0000000E+0,6.3845306E+0,1.2000000E+1,,,
,0.0000000E+0,6.3885309E+0,1.4000000E+1,,,
,0.0000000E+0,6.3925312E+0,1.2000000E+1,,,
,0.0000000E+0,6.3965316E+0,1.1000000E+1,,,
,0.0000000E+0,6.4005319E+0,1.5000000E+1,,,
,0.0000000E+0,6.4045322E+0,1.3000000E+1,,,
,0.0000000E+0,6.4085326E+0,7.0000000E+0,,,
,0.0000000E+0,6.4125329E+0,8.0000000E+0,,,
,0.0000000E+0,6.4165332E+0,9.0000000E+0,,,
,0.0000000E+0,6.4205336E+0,2.1000000E+1,,,
,0.0000000E+0,6.4245339E+0,1.8000000E+1,,,
,0.0000000E+0,6.4285342E+0,7.0000000E+0,,,
,0.0000000E+0,6.4325346E+0,1.6000000E+1,,,
,0.0000000E+0,6.4365349E+0,1.2000000E+1,,,
,0.0000000E+0,6.4405352E+0,1.7000000E+1,,,
,0.0000000E+0,6.4445355E+0,7.0000000E+0,,,
,0.0000000E+0,6.4485359E+0,1.7000000E+1,,,
,0.0000000E+0,6.4525362E+0,1.0000000E+1,,,
,0.0000000E+0,6.4565365E+0,1.4000000E+1,,,
,0.0000000E+0,6.4605369E+0,2.0000000E+1,,,
,0.0000000E+0,6.4645372E+0,2.0000000E+1,,,
,0.0000000E+0,6.4685375E+0,1.0000000E+1,,,
,0.0000000E+0,6.4725379E+0,1.0000000E+1,,,
,0.0000000E+0,6.4765382E+0,1.2000000E+1,,,
,0.0000000E+0,6.4805385E+0,1.5000000E+1,,,
,0.0000000E+0,6.4845389E+0,1.4000000E+1,,,
,0.0000000E+0,6.4885392E+0,1.2000000E+1,,,
,0.0000000E+0,6.4925395E+0,1.9000000E+1,,,
,0.0000000E+0,6.4965399E+0,1.7000000E+1,,,
,0.0000000E+0,6.5005402E+0,1.7000000E+1,,,
,0.0000000E+0,6.5045405E+0,1.9000000E+1,,,
,0.0000000E+0,6.5085409E+0,2.0000000E+1,,,
,0.0000000E+0,6.5125412E+0,1.8000000E+1,,,
,0.0000000E+0,6.5165415E+0,1.6000000E+1,,,
,0.0000000E+0,6.5205419E+0,2.2000000E+1,,,
,0.0000000E+0,6.5245422E+0,1.4000000E+1,,,
,0.0000000E+0,6.5285425E+0,1.2000000E+1,,,
,0.0000000E+0,6.5325429E+0,2.6000000E+1,,,
,0.0000000E+0,6.5365432E+0,1.7000000E+1,,,
,0.0000000E+0,6.5405435E+0,1.7000000E+1,,,
,0.0000000E+0,6.5445439E+0,1.7000000E+1,,,
,0.0000000E+0,6.5485442E+0,1.4000000E+1,,,
,0.0000000E+0,6.5525445E+0,1.7000000E+1,,,
,0.0000000E+0,6.5565449E+0,2.1000000E+1,,,
,0.0000000E+0,6.5605452E+0,1.4000000E+1,,,
,0.0000000E+0,6.5645455E+0,2.0000000E+1,,,
,0.0000000E+0,6.5685459E+0,1.5000000E+1,,,
,0.0000000E+0,6.5725462E+0,2.0000000E+1,,,
,0.0000000E+0,6.5765465E+0,1.9000000E+1,,,
,0.0000000E+0,6.5805469E+0,1.8000000E+1,,,
,0.0000000E+0,6.5845472E+0,2.0000000E+1,,,
,0.0000000E+0,6.5885475E+0,2.2000000E+1,,,
,0.0000000E+0,6.5925478E+0,2.2000000E+1,,,
,0.0000000E+0,6.5965482E+0,1.6000000E+1,,,
,0.0000000E+0,6.6005485E+0,2.2000000E+1,,,
,0.0000000E+0,6.6045488E+0,1.4000000E+1,,,
,0.0000000E+0,6.6085492E+0,1.5000000E+1,,,
,0.0000000E+0,6.6125495E+0,1.6000000E+1,,,
,0.0000000E+0,6.6165498E+0,2.1000000E+1,,,
,0.0000000E+0,6.6205502E+0,1.5000000E+1,,,
,0.0000000E+0,6.6245505E+0,2.1000000E+1,,,
,0.0000000E+0,6.6285508E+0,2.4000000E+1,,,
,0.0000000E+0,6.6325512E+0,2.1000000E+1,,,
,0.0000000E+0,6.6365515E+0,2.0000000E+1,,,
,0.0000000E+0,6.6405518E+0,1.5000000E+1,,,
,0.0000000E+0,6.6445522E+0,2.5000000E+1,,,
,0.0000000E+0,6.6485525E+0,2.2000000E+1,,,
,0.0000000E+0,6.6525528E+0,1.3000000E+1,,,
,0.0000000E+0,6.6565532E+0,3.0000000E+1,,,
,0.0000000E+0,6.6605535E+0,2.2000000E+1,,,
,0.0000000E+0,6.6645538E+0,2.2000000E+1,,,
,0.0000000E+0,6.6685542E+0,1.2000000E+1,,,
,0.0000000E+0,6.6725545E+0,2.2000000E+1,,,
,0.0000000E+0,6.6765548E+0,2.7000000E+1,,,
,0.0000000E+0,6.6805552E+0,1.4000000E+1,,,
,0.0000000E+0,6.6845555E+0,1.8000000E+1,,,
,0.0000000E+0,6.6885558E+0,1.9000000E+1,,,
,0.0000000E+0,6.6925562E+0,3.1000000E+1,,,
,0.0000000E+0,6.6965565E+0,1.9000000E+1,,,
,0.0000000E+0,6.7005568E+0,2.5000000E+1,,,
,0.0000000E+0,6.7045572E+0,1.4000000E+1,,,
,0.0000000E+0,6.7085575E+0,1.8000000E+1,,,
,0.0000000E+0,6.7125578E+0,2.5000000E+1,,,
,0.0000000E+0,6.7165582E+0,2.2000000E+1,,,
,0.0000000E+0,6.7205585E+0,1.5000000E+1,,,
,0.0000000E+0,6.7245588E+0,2.4000000E+1,,,
,0.0000000E+0,6.7285592E+0,2.1000000E+1,,,
,0.0000000E+0,6.7325595E+0,3.0000000E+1,,,
,0.0000000E+0,6.7365598E+0,3.3000000E+1,,,
,0.0000000E+0,6.7405601E+0,3.1000000E+1,,,
,0.0000000E+0,6.7445605E+0,2.2000000E+1,,,
,0.0000000E+0,6.7485608E+0,2.5000000E+1,,,
,0.0000000E+0,6.7525611E+0,1.9000000E+1,,,
,0.0000000E+0,6.7565615E+0,2.7000000E+1,,,
,0.0000000E+0,6.7605618E+0,2.5000000E+1,,,
,0.0000000E+0,6.7645621E+0,1.9000000E+1,,,
,0.0000000E+0,6.7685625E+0,1.7000000E+1,,,
,0.0000000E+0,6.7725628E+0,1.8000000E+1,,,
,0.0000000E+0,6.7765631E+0,1.8000000E+1,,,
,0.0000000E+0,6.7805635E+0,1.9000000E+1,,,
,0.0000000E+0,6.7845638E+0,2.4000000E+1,,,
,0.0000000E+0,6.7885641E+0,1.5000000E+1,,,
,0.0000000E+0,6.7925645E+0,2.1000000E+1,,,
,0.0000000E+0,6.7965648E+0,2.1000000E+1,,,
,0.0000000E+0,6.8005651E+0,2.0000000E+1,,,
,0.0000000E+0,6.8045655E+0,1.6000000E+1,,,
,0.0000000E+0,6.8085658E+0,2.3000000E+1,,,
,0.0000000E+0,6.8125661E+0,2.7000000E+1,,,
,0.0000000E+0,6.8165665E+0,2.2000000E+1,,,
,0.0000000E+0,6.8205668E+0,2.2000000E+1,,,
,0.0000000E+0,6.8245671E+0,2.1000000E+1,,,
,0.0000000E+0,6.8285675E+0,2.1000000E+1,,,
,0.0000000E+0,6.8325678E+0,2.1000000E+1,,,
,0.0000000E+0,6.8365681E+0,2.4000000E+1,,,
,0.0000000E+0,6.8405685E+0,2.3000000E+1,,,
,0.0000000E+0,6.8445688E+0,1.8000000E+1,,,
,0.0000000E+0,6.8485691E+0,2.3000000E+1,,,
,0.0000000E+0,6.8525695E+0,3.2000000E+1,,,
,0.0000000E+0,6.8565698E+0,1.9000000E+1,,,
,0.0000000E+0,6.8605701E+0,3.0000000E+1,,,
,0.0000000E+0,6.8645705E+0,1.5000000E+1,,,
,0.0000000E+0,6.8685708E+0,1.3000000E+1,,,
,0.0000000E+0,6.8725711E+0,1.7000000E+1,,,
,0.0000000E+0,6.8765715E+0,1.4000000E+1,,,
,0.0000000E+0,6.8805718E+0,1.7000000E+1,,,
,0.0000000E+0,6.8845721E+0,2.1000000E+1,,,
,0.0000000E+0,6.8885724E+0,1.5000000E+1,,,
,0.0000000E+0,6.8925728E+0,1.6000000E+1,,,
,0.0000000E+0,6.8965731E+0,3.2000000E+1,,,
,0.0000000E+0,6.9005734E+0,1.9000000E+1,,,
,0.0000000E+0,6.9045738E+0,2.6000000E+1,,,
,0.0000000E+0,6.9085741E+0,1.9000000E+1,,,
,0.0000000E+0,6.9125744E+0,2.6000000E+1,,,
,0.0000000E+0,6.9165748E+0,1.6000000E+1,,,
,0.0000000E+0,6.9205751E+0,1.7000000E+1,,,
,0.0000000E+0,6.9245754E+0,2.4000000E+1,,,
,0.0000000E+0,6.9285758E+0,2.4000000E+1,,,
,0.0000000E+0,6.9325761E+0,2.0000000E+1,,,
,0.0000000E+0,6.9365764E+0,2.0000000E+1,,,
,0.0000000E+0,6.9405768E+0,1.9000000E+1,,,
,0.0000000E+0,6.9445771E+0,2.1000000E+1,,,
,0.0000000E+0,6.9485774E+0,9.0000000E+0,,,
,0.0000000E+0,6.9525778E+0,2.6000000E+1,,,
,0.0000000E+0,6.9565781E+0,1.5000000E+1,,,
,0.0000000E+0,6.9605784E+0,1.6000000E+1,,,
,0.0000000E+0,6.9645788E+0,2.4000000E+1,,,
,0.0000000E+0,6.9685791E+0,1.7000000E+1,,,
,0.0000000E+0,6.9725794E+0,2.1000000E+1,,,
,0.0000000E+0,6.9765798E+0,2.1000000E+1,,,
,0.0000000E+0,6.9805801E+0,1.5000000E+1,,,
,0.0000000E+0,6.9845804E+0,1.6000000E+1,,,
,0.0000000E+0,6.9885808E+0,1.5000000E+1,,,
,0.0000000E+0,6.9925811E+0,9.0000000E+0,,,
,0.0000000E+0,6.9965814E+0,2.1000000E+1,,,
,0.0000000E+0,7.0005818E+0,1.6000000E+1,,,
,0.0000000E+0,7.0045821E+0,1.9000000E+1,,,
,0.0000000E+0,7.0085824E+0,2.0000000E+1,,,
,0.0000000E+0,7.0125828E+0,1.1000000E+1,,,
,0.0000000E+0,7.0165831E+0,2.1000000E+1,,,
,0.0000000E+0,7.0205834E+0,8.0000000E+0,,,
,0.0000000E+0,7.0245838E+0,1.7000000E+1,,,
,0.0000000E+0,7.0285841E+0,1.0000000E+1,,,
,0.0000000E+0,7.0325844E+0,1.8000000E+1,,,
,0.0000000E+0,7.0365847E+0,2.4000000E+1,,,
,0.0000000E+0,7.0405851E+0,2.1000000E+1,,,
,0.0000000E+0,7.0445854E+0,2.3000000E+1,,,
,0.0000000E+0,7.0485857E+0,2.0000000E+1,,,
,0.0000000E+0,7.0525861E+0,2.0000000E+1,,,
,0.0000000E+0,7.0565864E+0,2.0000000E+1,,,
,0.0000000E+0,7.0605867E+0,1.9000000E+1,,,
,0.0000000E+0,7.0645871E+0,1.8000000E+1,,,
,0.0000000E+0,7.0685874E+0,1.4000000E+1,,,
,0.0000000E+0,7.0725877E+0,2.6000000E+1,,,
,0.0000000E+0,7.0765881E+0,2.5000000E+1,,,
,0.0000000E+0,7.0805884E+0,2.4000000E+1,,,
,0.0000000E+0,7.0845887E+0,2.3000000E+1,,,
,0.0000000E+0,7.0885891E+0,1.9000000E+1,,,
,0.0000000E+0,7.0925894E+0,2.2000000E+1,,,
,0.0000000E+0,7.0965897E+0,1.6000000E+1,,,
,0.0000000E+0,7.1005901E+0,2.2000000E+1,,,
,0.0000000E+0,7.1045904E+0,2.1000000E+1,,,
,0.0000000E+0,7.1085907E+0,2.8000000E+1,,,
,0.0000000E+0,7.1125911E+0,2.1000000E+1,,,
,0.0000000E+0,7.1165914E+0,1.7000000E+1,,,
,0.0000000E+0,7.1205917E+0,2.8000000E+1,,,
,0.0000000E+0,7.1245921E+0,1.7000000E+1,,,
,0.0000000E+0,7.1285924E+0,1.9000000E+1,,,
,0.0000000E+0,7.1325927E+0,2.2000000E+1,,,
,0.0000000E+0,7.1365931E+0,2.5000000E+1,,,
,0.0000000E+0,7.1405934E+0,2.7000000E+1,,,
,0.0000000E+0,7.1445937E+0,2.4000000E+1,,,
,0.0000000E+0,7.1485941E+0,2.6000000E+1,,,
,0.0000000E+0,7.1525944E+0,1.9000000E+1,,,
,0.0000000E+0,7.1565947E+0,2.1000000E+1,,,
,0.0000000E+0,7.1605951E+0,2.0000000E+1,,,
,0.0000000E+0,7.1645954E+0,1.6000000E+1,,,
,0.0000000E+0,7.1685957E+0,2.1000000E+1,,,
,0.0000000E+0,7.1725961E+0,2.1000000E+1,,,
,0.0000000E+0,7.1765964E+0,1.3000000E+1,,,
,0.0000000E+0,7.1805967E+0,1.9000000E+1,,,
,0.0000000E+0,7.1845970E+0,2.8000000E+1,,,
,0.0000000E+0,7.1885974E+0,2.1000000E+1,,,
,0.0000000E+0,7.1925977E+0,2.4000000E+1,,,
,0.0000000E+0,7.1965980E+0,3.0000000E+1,,,
,0.0000000E+0,7.2005984E+0,2.5000000E+1,,,
,0.0000000E+0,7.2045987E+0,2.8000000E+1,,,
,0.0000000E+0,7.2085990E+0,1.7000000E+1,,,
,0.0000000E+0,7.2125994E+0,1.6000000E+1,,,
,0.0000000E+0,7.2165997E+0,2.7000000E+1,,,
,0.0000000E+0,7.2206000E+0,3.1000000E+1,,,
,0.0000000E+0,7.2246004E+0,2.0000000E+1,,,
,0.0000000E+0,7.2286007E+0,2.4000000E+1,,,
,0.0000000E+0,7.2326010E+0,3.0000000E+1,,,
,0.0000000E+0,7.2366014E+0,2.4000000E+1,,,
,0.0000000E+0,7.2406017E+0,3.0000000E+1,,,
,0.0000000E+0,7.2446020E+0,3.8000000E+1,,,
,0.0000000E+0,7.2486024E+0,2.8000000E+1,,,
,0.0000000E+0,7.2526027E+0,3.0000000E+1,,,
,0.0000000E+0,7.2566030E+0,2.4000000E+1,,,
,0.0000000E+0,7.2606034E+0,3.3000000E+1,,,
,0.0000000E+0,7.2646037E+0,2.7000000E+1,,,
,0.0000000E+0,7.2686040E+0,2.7000000E+1,,,
,0.0000000E+0,7.2726044E+0,2.8000000E+1,,,
,0.0000000E+0,7.2766047E+0,2.7000000E+1,,,
,0.0000000E+0,7.2806050E+0,2.5000000E+1,,,
,0.0000000E+0,7.2846054E+0,2.6000000E+1,,,
,0.0000000E+0,7.2886057E+0,2.4000000E+1,,,
,0.0000000E+0,7.2926060E+0,3.1000000E+1,,,
,0.0000000E+0,7.2966064E+0,2.6000000E+1,,,
,0.0000000E+0,7.3006067E+0,2.9000000E+1,,,
,0.0000000E+0,7.3046070E+0,3.4000000E+1,,,
,0.0000000E+0,7.3086074E+0,3.3000000E+1,,,
,0.0000000E+0,7.3126077E+0,3.6000000E+1,,,
,0.0000000E+0,7.3166080E+0,3.7000000E+1,,,
,0.0000000E+0,7.3206084E+0,2.8000000E+1,,,
,0.0000000E+0,7.3246087E+0,2.7000000E+1,,,
,0.0000000E+0,7.3286090E+0,4.0000000E+1,,,
,0.0000000E+0,7.3326093E+0,1.9000000E+1,,,
,0.0000000E+0,7.3366097E+0,3.6000000E+1,,,
,0.0000000E+0,7.3406100E+0,2.5000000E+1,,,
,0.0000000E+0,7.3446103E+0,2.7000000E+1,,,
,0.0000000E+0,7.3486107E+0,2.6000000E+1,,,
,0.0000000E+0,7.3526110E+0,3.2000000E+1,,,
,0.0000000E+0,7.3566113E+0,2.4000000E+1,,,
,0.0000000E+0,7.3606117E+0,2.4000000E+1,,,
,0.0000000E+0,7.3646120E+0,3.0000000E+1,,,
,0.0000000E+0,7.3686123E+0,2.0000000E+1,,,
,0.0000000E+0,7.3726127E+0,2.1000000E+1,,,
,0.0000000E+0,7.3766130E+0,2.6000000E+1,,,
,0.0000000E+0,7.3806133E+0,2.6000000E+1,,,
,0.0000000E+0,7.3846137E+0,3.4000000E+1,,,
,0.0000000E+0,7.3886140E+0,2.2000000E+1,,,
,0.0000000E+0,7.3926143E+0,1.9000000E+1,,,
,0.0000000E+0,7.3966147E+0,3.8000000E+1,,,
,0.0000000E+0,7.4006150E+0,2.5000000E+1,,,
,0.0000000E+0,7.4046153E+0,2.4000000E+1,,,
,0.0000000E+0,7.4086157E+0,3.1000000E+1,,,
,0.0000000E+0,7.4126160E+0,2.6000000E+1,,,
,0.0000000E+0,7.4166163E+0,3.8000000E+1,,,
,0.0000000E+0,7.4206167E+0,3.6000000E+1,,,
,0.0000000E+0,7.4246170E+0,4.9000000E+1,,,
,0.0000000E+0,7.4286173E+0,3.9000000E+1,,,
,0.0000000E+0,7.4326177E+0,3.6000000E+1,,,
,0.0000000E+0,7.4366180E+0,4.4000000E+1,,,
,0.0000000E+0,7.4406183E+0,4.3000000E+1,,,
,0.0000000E+0,7.4446187E+0,4.1000000E+1,,,
,0.0000000E+0,7.4486190E+0,4.5000000E+1,,,
,0.0000000E+0,7.4526193E+0,6.1000000E+1,,,
,0.0000000E+0,7.4566197E+0,5.3000000E+1,,,
,0.0000000E+0,7.4606200E+0,4.8000000E+1,,,
,0.0000000E+0,7.4646203E+0,6.5000000E+1,,,
,0.0000000E+0,7.4686207E+0,6.3000000E+1,,,
,0.0000000E+0,7.4726210E+0,7.2000000E+1,,,
,0.0000000E+0,7.4766213E+0,5.3000000E+1,,,
,0.0000000E+0,7.4806216E+0,7.7000000E+1,,,
,0.0000000E+0,7.4846220E+0,7.2000000E+1,,,
,0.0000000E+0,7.4886223E+0,7.2000000E+1,,,
,0.0000000E+0,7.4926226E+0,7.7000000E+1,,,
,0.0000000E+0,7.4966230E+0,6.8000000E+1,,,
,0.0000000E+0,7.5006233E+0,8.4000000E+1,,,
,0.0000000E+0,7.5046236E+0,7.2000000E+1,,,
,0.0000000E+0,7.5086240E+0,9.1000000E+1,,,
,0.0000000E+0,7.5126243E+0,9.3000000E+1,,,
,0.0000000E+0,7.5166246E+0,9.6000000E+1,,,
,0.0000000E+0,7.5206250E+0,1.2200000E+2,,,
,0.0000000E+0,7.5246253E+0,1.2900000E+2,,,
,0.0000000E+0,7.5286256E+0,1.4700000E+2,,,
,0.0000000E+0,7.5326260E+0,1.6000000E+2,,,
,0.0000000E+0,7.5366263E+0,1.5400000E+2,,,
,0.0000000E+0,7.5406266E+0,1.8400000E+2,,,
,0.0000000E+0,7.5446270E+0,1.9700000E+2,,,
,0.0000000E+0,7.5486273E+0,2.1800000E+2,,,
,0.0000000E+0,7.5526276E+0,2.3000000E+2,,,
,0.0000000E+0,7.5566280E+0,2.5400000E+2,,,
,0.0000000E+0,7.5606283E+0,2.8200000E+2,,,
,0.0000000E+0,7.5646286E+0,2.5100000E+2,,,
,0.0000000E+0,7.5686290E+0,2.7500000E+2,,,
,0.0000000E+0,7.5726293E+0,2.7800000E+2,,,
,0.0000000E+0,7.5766296E+0,3.1100000E+2,,,
,0.0000000E+0,7.5806300E+0,2.7800000E+2,,,
,0.0000000E+0,7.5846303E+0,2.7600000E+2,,,
,0.0000000E+0,7.5886306E+0,3.3500000E+2,,,
,0.0000000E+0,7.5926310E+0,3.0300000E+2,,,
,0.0000000E+0,7.5966313E+0,2.9000000E+2,,,
,0.0000000E+0,7.6006316E+0,3.3000000E+2,,,
,0.0000000E+0,7.6046320E+0,2.9400000E+2,,,
,0.0000000E+0,7.6086323E+0,2.5800000E+2,,,
,0.0000000E+0,7.6126326E+0,2.9000000E+2,,,
,0.0000000E+0,7.6166330E+0,2.7700000E+2,,,
,0.0000000E+0,7.6206333E+0,2.6700000E+2,,,
,0.0000000E+0,7.6246336E+0,2.7200000E+2,,,
,0.0000000E+0,7.6286339E+0,2.6400000E+2,,,
,0.0000000E+0,7.6326343E+0,2.7300000E+2,,,
,0.0000000E+0,7.6366346E+0,2.7100000E+2,,,
,0.0000000E+0,7.6406349E+0,2.3700000E+2,,,
,0.0000000E+0,7.6446353E+0,2.4700000E+2,,,
,0.0000000E+0,7.6486356E+0,2.5600000E+2,,,
,0.0000000E+0,7.6526359E+0,2.2200000E+2,,,
,0.0000000E+0,7.6566363E+0,2.4400000E+2,,,
,0.0000000E+0,7.6606366E+0,2.5200000E+2,,,
,0.0000000E+0,7.6646369E+0,2.5500000E+2,,,
,0.0000000E+0,7.6686373E+0,2.4600000E+2,,,
,0.0000000E+0,7.6726376E+0,2.6900000E+2,,,
,0.0000000E+0,7.6766379E+0,2.3100000E+2,,,
,0.0000000E+0,7.6806383E+0,2.3100000E+2,,,
,0.0000000E+0,7.6846386E+0,2.0300000E+2,,,
,0.0000000E+0,7.6886389E+0,2.1300000E+2,,,
,0.0000000E+0,7.6926393E+0,2.0900000E+2,,,
,0.0000000E+0,7.6966396E+0,2.2600000E+2,,,
,0.0000000E+0,7.7006399E+0,1.8000000E+2,,,
,0.0000000E+0,7.7046403E+0,1.8900000E+2,,,
,0.0000000E+0,7.7086406E+0,1.9000000E+2,,,
,0.0000000E+0,7.7126409E+0,2.0100000E+2,,,
,0.0000000E+0,7.7166413E+0,1.9900000E+2,,,
,0.0000000E+0,7.7206416E+0,1.8000000E+2,,,
,0.0000000E+0,7.7246419E+0,1.8500000E+2,,,
,0.0000000E+0,7.7286423E+0,1.9400000E+2,,,
,0.0000000E+0,7.7326426E+0,1.8300000E+2,,,
,0.0000000E+0,7.7366429E+0,1.5900000E+2,,,
,0.0000000E+0,7.7406433E+0,1.9000000E+2,,,
,0.0000000E+0,7.7446436E+0,1.4700000E+2,,,
,0.0000000E+0,7.7486439E+0,1.7300000E+2,,,
,0.0000000E+0,7.7526443E+0,1.7800000E+2,,,
,0.0000000E+0,7.7566446E+0,1.8100000E+2,,,
,0.0000000E+0,7.7606449E+0,1.6600000E+2,,,
,0.0000000E+0,7.7646453E+0,1.7500000E+2,,,
,0.0000000E+0,7.7686456E+0,1.4100000E+2,,,
,0.0000000E+0,7.7726459E+0,1.3700000E+2,,,
,0.0000000E+0,7.7766462E+0,1.8100000E+2,,,
,0.0000000E+0,7.7806466E+0,1.2500000E+2,,,
,0.0000000E+0,7.7846469E+0,1.3500000E+2,,,
,0.0000000E+0,7.7886472E+0,1.5400000E+2,,,
,0.0000000E+0,7.7926476E+0,1.4300000E+2,,,
,0.0000000E+0,7.7966479E+0,1.5500000E+2,,,
,0.0000000E+0,7.8006482E+0,1.2300000E+2,,,
,0.0000000E+0,7.8046486E+0,1.5100000E+2,,,
,0.0000000E+0,7.8086489E+0,1.2000000E+2,,,
,0.0000000E+0,7.8126492E+0,1.0800000E+2,,,
,0.0000000E+0,7.8166496E+0,1.2900000E+2,,,
,0.0000000E+0,7.8206499E+0,1.3200000E+2,,,
,0.0000000E+0,7.8246502E+0,1.2000000E+2,,,
,0.0000000E+0,7.8286506E+0,1.2200000E+2,,,
,0.0000000E+0,7.8326509E+0,1.3200000E+2,,,
,0.0000000E+0,7.8366512E+0,1.1200000E+2,,,
,0.0000000E+0,7.8406516E+0,1.1800000E+2,,,
,0.0000000E+0,7.8446519E+0,1.2100000E+2,,,
,0.0000000E+0,7.8486522E+0,1.2700000E+2,,,
,0.0000000E+0,7.8526526E+0,1.1800000E+2,,,
,0.0000000E+0,7.8566529E+0,1.1800000E+2,,,
,0.0000000E+0,7.8606532E+0,1.0800000E+2,,,
,0.0000000E+0,7.8646536E+0,1.0200000E+2,,,
,0.0000000E+0,7.8686539E+0,1.2200000E+2,,,
,0.0000000E+0,7.8726542E+0,1.0500000E+2,,,
,0.0000000E+0,7.8766546E+0,9.7000000E+1,,,
,0.0000000E+0,7.8806549E+0,8.7000000E+1,,,
,0.0000000E+0,7.8846552E+0,1.0600000E+2,,,
,0.0000000E+0,7.8886556E+0,8.5000000E+1,,,
,0.0000000E+0,7.8926559E+0,8.3000000E+1,,,
,0.0000000E+0,7.8966562E+0,7.7000000E+1,,,
,0.0000000E+0,7.9006566E+0,9.9000000E+1,,,
,0.0000000E+0,7.9046569E+0,9.9000000E+1,,,
,0.0000000E+0,7.9086572E+0,7.8000000E+1,,,
,0.0000000E+0,7.9126576E+0,9.7000000E+1,,,
,0.0000000E+0,7.9166579E+0,8.7000000E+1,,,
,0.0000000E+0,7.9206582E+0,9.6000000E+1,,,
,0.0000000E+0,7.9246585E+0,1.0200000E+2,,,
,0.0000000E+0,7.9286589E+0,7.9000000E+1,,,
,0.0000000E+0,7.9326592E+0,8.0000000E+1,,,
,0.0000000E+0,7.9366595E+0,7.0000000E+1,,,
,0.0000000E+0,7.9406599E+0,7.3000000E+1,,,
,0.0000000E+0,7.9446602E+0,6.7000000E+1,,,
,0.0000000E+0,7.9486605E+0,7.2000000E+1,,,
,0.0000000E+0,7.9526609E+0,9.3000000E+1,,,
,0.0000000E+0,7.9566612E+0,9.1000000E+1,,,
,0.0000000E+0,7.9606615E+0,7.9000000E+1,,,
,0.0000000E+0,7.9646619E+0,6.8000000E+1,,,
,0.0000000E+0,7.9686622E+0,8.7000000E+1,,,
,0.0000000E+0,7.9726625E+0,7.1000000E+1,,,
,0.0000000E+0,7.9766629E+0,8.1000000E+1,,,
,0.0000000E+0,7.9806632E+0,8.7000000E+1,,,
,0.0000000E+0,7.9846635E+0,6.6000000E+1,,,
,0.0000000E+0,7.9886639E+0,8.8000000E+1,,,
,0.0000000E+0,7.9926642E+0,7.5000000E+1,,,
,0.0000000E+0,7.9966645E+0,7.2000000E+1,,,
,0.0000000E+0,8.0006649E+0,7.2000000E+1,,,
,0.0000000E+0,8.0046652E+0,8.1000000E+1,,,
,0.0000000E+0,8.0086655E+0,7.1000000E+1,,,
,0.0000000E+0,8.0126659E+0,6.1000000E+1,,,
,0.0000000E+0,8.0166662E+0,6.1000000E+1,,,
,0.0000000E+0,8.0206665E+0,6.6000000E+1,,,
,0.0000000E+0,8.0246669E+0,6.9000000E+1,,,
,0.0000000E+0,8.0286672E+0,5.9000000E+1,,,
,0.0000000E+0,8.0326675E+0,7.2000000E+1,,,
,0.0000000E+0,8.0366679E+0,6.5000000E+1,,,
,0.0000000E+0,8.0406682E+0,6.4000000E+1,,,
,0.0000000E+0,8.0446685E+0,5.5000000E+1,,,
,0.0000000E+0,8.0486689E+0,6.6000000E+1,,,
,0.0000000E+0,8.0526692E+0,5.7000000E+1,,,
,0.0000000E+0,8.0566695E+0,6.8000000E+1,,,
,0.0000000E+0,8.0606699E+0,6.0000000E+1,,,
,0.0000000E+0,8.0646702E+0,7.3000000E+1,,,
,0.0000000E+0,8.0686705E+0,5.2000000E+1,,,
,0.0000000E+0,8.0726708E+0,5.9000000E+1,,,
,0.0000000E+0,8.0766712E+0,7.1000000E+1,,,
,0.0000000E+0,8.0806715E+0,5.7000000E+1,,,
,0.0000000E+0,8.0846718E+0,5.5000000E+1,,,
,0.0000000E+0,8.0886722E+0,6.6000000E+1,,,
,0.0000000E+0,8.0926725E+0,6.5000000E+1,,,
,0.0000000E+0,8.0966728E+0,4.8000000E+1,,,
,0.0000000E+0,8.1006732E+0,4.9000000E+1,,,
,0.0000000E+0,8.1046735E+0,4.4000000E+1,,,
,0.0000000E+0,8.1086738E+0,6.3000000E+1,,,
,0.0000000E+0,8.1126742E+0,4.6000000E+1,,,
,0.0000000E+0,8.1166745E+0,5.8000000E+1,,,
,0.0000000E+0,8.1206748E+0,6.3000000E+1,,,
,0.0000000E+0,8.1246752E+0,5.6000000E+1,,,
,0.0000000E+0,8.1286755E+0,5.6000000E+1,,,
,0.0000000E+0,8.1326758E+0,4.0000000E+1,,,
,0.0000000E+0,8.1366762E+0,5.3000000E+1,,,
,0.0000000E+0,8.1406765E+0,5.2000000E+1,,,
,0.0000000E+0,8.1446768E+0,3.1000000E+1,,,
,0.0000000E+0,8.1486772E+0,5.1000000E+1,,,
,0.0000000E+0,8.1526775E+0,4.9000000E+1,,,
,0.0000000E+0,8.1566778E+0,4.7000000E+1,,,
,0.0000000E+0,8.1606782E+0,4.2000000E+1,,,
,0.0000000E+0,8.1646785E+0,5.7000000E+1,,,
,0.0000000E+0,8.1686788E+0,5.1000000E+1,,,
,0.0000000E+0,8.1726792E+0,4.2000000E+1,,,
,0.0000000E+0,8.1766795E+0,4.2000000E+1,,,
,0.0000000E+0,8.1806798E+0,4.8000000E+1,,,
,0.0000000E+0,8.1846802E+0,4.5000000E+1,,,
,0.0000000E+0,8.1886805E+0,4.9000000E+1,,,
,0.0000000E+0,8.1926808E+0,3.7000000E+1,,,
,0.0000000E+0,8.1966812E+0,5.4000000E+1,,,
,0.0000000E+0,8.2006815E+0,5.0000000E+1,,,
,0.0000000E+0,8.2046818E+0,4.3000000E+1,,,
,0.0000000E+0,8.2086822E+0,4.0000000E+1,,,
,0.0000000E+0,8.2126825E+0,4.6000000E+1,,,
,0.0000000E+0,8.2166828E+0,5.5000000E+1,,,
,0.0000000E+0,8.2206831E+0,4.9000000E+1,,,
,0.0000000E+0,8.2246835E+0,4.2000000E+1,,,
,0.0000000E+0,8.2286838E+0,4.1000000E+1,,,
,0.0000000E+0,8.2326841E+0,4.2000000E+1,,,
,0.0000000E+0,8.2366845E+0,5.3000000E+1,,,
,0.0000000E+0,8.2406848E+0,4.1000000E+1,,,
,0.0000000E+0,8.2446851E+0,4.9000000E+1,,,
,0.0000000E+0,8.2486855E+0,5.0000000E+1,,,
,0.0000000E+0,8.2526858E+0,2.7000000E+1,,,
,0.0000000E+0,8.2566861E+0,4.4000000E+1,,,
,0.0000000E+0,8.2606865E+0,4.5000000E+1,,,
,0.0000000E+0,8.2646868E+0,4.5000000E+1,,,
,0.0000000E+0,8.2686871E+0,3.5000000E+1,,,
,0.0000000E+0,8.2726875E+0,3.6000000E+1,,,
,0.0000000E+0,8.2766878E+0,3.6000000E+1,,,
,0.0000000E+0,8.2806881E+0,5.0000000E+1,,,
,0.0000000E+0,8.2846885E+0,5.3000000E+1,,,
,0.0000000E+0,8.2886888E+0,5.1000000E+1,,,
,0.0000000E+0,8.2926891E+0,3.6000000E+1,,,
,0.0000000E+0,8.2966895E+0,3.8000000E+1,,,
,0.0000000E+0,8.3006898E+0,4.8000000E+1,,,
,0.0000000E+0,8.3046901E+0,4.1000000E+1,,,
,0.0000000E+0,8.3086905E+0,4.2000000E+1,,,
,0.0000000E+0,8.3126908E+0,4.4000000E+1,,,
,0.0000000E+0,8.3166911E+0,3.7000000E+1,,,
,0.0000000E+0,8.3206915E+0,5.8000000E+1,,,
,0.0000000E+0,8.3246918E+0,4.2000000E+1,,,
,0.0000000E+0,8.3286921E+0,4.6000000E+1,,,
,0.0000000E+0,8.3326925E+0,3.6000000E+1,,,
,0.0000000E+0,8.3366928E+0,4.1000000E+1,,,
,0.0000000E+0,8.3406931E+0,4.5000000E+1,,,
,0.0000000E+0,8.3446935E+0,4.2000000E+1,,,
,0.0000000E+0,8.3486938E+0,3.4000000E+1,,,
,0.0000000E+0,8.3526941E+0,4.1000000E+1,,,
,0.0000000E+0,8.3566945E+0,3.3000000E+1,,,
,0.0000000E+0,8.3606948E+0,4.1000000E+1,,,
,0.0000000E+0,8.3646951E+0,4.5000000E+1,,,
,0.0000000E+0,8.3686954E+0,3.8000000E+1,,,
,0.0000000E+0,8.3726958E+0,4.3000000E+1,,,
,0.0000000E+0,8.3766961E+0,4.6000000E+1,,,
,0.0000000E+0,8.3806964E+0,3.5000000E+1,,,
,0.0000000E+0,8.3846968E+0,4.0000000E+1,,,
,0.0000000E+0,8.3886971E+0,4.0000000E+1,,,
,0.0000000E+0,8.3926974E+0,4.4000000E+1,,,
,0.0000000E+0,8.3966978E+0,3.7000000E+1,,,
,0.0000000E+0,8.4006981E+0,3.5000000E+1,,,
,0.0000000E+0,8.4046984E+0,3.9000000E+1,,,
,0.0000000E+0,8.4086988E+0,4.5000000E+1,,,
,0.0000000E+0,8.4126991E+0,4.5000000E+1,,,
,0.0000000E+0,8.4166994E+0,3.6000000E+1,,,
,0.0000000E+0,8.4206998E+0,3.1000000E+1,,,
,0.0000000E+0,8.4247001E+0,3.7000000E+1,,,
,0.0000000E+0,8.4287004E+0,3.1000000E+1,,,
,0.0000000E+0,8.4327008E+0,3.8000000E+1,,,
,0.0000000E+0,8.4367011E+0,3.7000000E+1,,,
,0.0000000E+0,8.4407014E+0,3.8000000E+1,,,
,0.0000000E+0,8.4447018E+0,2.8000000E+1,,,
,0.0000000E+0,8.4487021E+0,5.0000000E+1,,,
,0.0000000E+0,8.4527024E+0,4.6000000E+1,,,
,0.0000000E+0,8.4567028E+0,3.7000000E+1,,,
,0.0000000E+0,8.4607031E+0,2.2000000E+1,,,
,0.0000000E+0,8.4647034E+0,5.3000000E+1,,,
,0.0000000E+0,8.4687038E+0,3.3000000E+1,,,
,0.0000000E+0,8.4727041E+0,2.1000000E+1,,,
,0.0000000E+0,8.4767044E+0,2.7000000E+1,,,
,0.0000000E+0,8.4807048E+0,3.2000000E+1,,,
,0.0000000E+0,8.4847051E+0,3.3000000E+1,,,
,0.0000000E+0,8.4887054E+0,3.7000000E+1,,,
,0.0000000E+0,8.4927058E+0,2.8000000E+1,,,
,0.0000000E+0,8.4967061E+0,3.5000000E+1,,,
,0.0000000E+0,8.5007064E+0,2.5000000E+1,,,
,0.0000000E+0,8.5047068E+0,4.1000000E+1,,,
,0.0000000E+0,8.5087071E+0,2.7000000E+1,,,
,0.0000000E+0,8.5127074E+0,2.4000000E+1,,,
,0.0000000E+0,8.5167077E+0,3.5000000E+1,,,
,0.0000000E+0,8.5207081E+0,3.6000000E+1,,,
,0.0000000E+0,8.5247084E+0,2.8000000E+1,,,
,0.0000000E+0,8.5287087E+0,2.9000000E+1,,,
,0.0000000E+0,8.5327091E+0,2.5000000E+1,,,
,0.0000000E+0,8.5367094E+0,3.1000000E+1,,,
,0.0000000E+0,8.5407097E+0,2.7000000E+1,,,
,0.0000000E+0,8.5447101E+0,2.5000000E+1,,,
,0.0000000E+0,8.5487104E+0,3.2000000E+1,,,
,0.0000000E+0,8.5527107E+0,3.7000000E+1,,,
,0.0000000E+0,8.5567111E+0,2.3000000E+1,,,
,0.0000000E+0,8.5607114E+0,2.8000000E+1,,,
,0.0000000E+0,8.5647117E+0,2.5000000E+1,,,
,0.0000000E+0,8.5687121E+0,2.9000000E+1,,,
,0.0000000E+0,8.5727124E+0,2.0000000E+1,,,
,0.0000000E+0,8.5767127E+0,1.7000000E+1,,,
,0.0000000E+0,8.5807131E+0,1.9000000E+1,,,
,0.0000000E+0,8.5847134E+0,2.4000000E+1,,,
,0.0000000E+0,8.5887137E+0,2.5000000E+1,,,
,0.0000000E+0,8.5927141E+0,1.8000000E+1,,,
,0.0000000E+0,8.5967144E+0,2.0000000E+1,,,
,0.0000000E+0,8.6007147E+0,2.1000000E+1,,,
,0.0000000E+0,8.6047151E+0,2.3000000E+1,,,
,0.0000000E+0,8.6087154E+0,1.6000000E+1,,,
,0.0000000E+0,8.6127157E+0,1.9000000E+1,,,
,0.0000000E+0,8.6167161E+0,3.0000000E+1,,,
,0.0000000E+0,8.6207164E+0,1.2000000E+1,,,
,0.0000000E+0,8.6247167E+0,1.7000000E+1,,,
,0.0000000E+0,8.6287171E+0,2.3000000E+1,,,
,0.0000000E+0,8.6327174E+0,2.5000000E+1,,,
,0.0000000E+0,8.6367177E+0,2.3000000E+1,,,
,0.0000000E+0,8.6407181E+0,2.3000000E+1,,,
,0.0000000E+0,8.6447184E+0,2.1000000E+1,,,
,0.0000000E+0,8.6487187E+0,2.4000000E+1,,,
,0.0000000E+0,8.6527191E+0,2.6000000E+1,,,
,0.0000000E+0,8.6567194E+0,1.6000000E+1,,,
,0.0000000E+0,8.6607197E+0,2.0000000E+1,,,
,0.0000000E+0,8.6647200E+0,2.0000000E+1,,,
,0.0000000E+0,8.6687204E+0,1.9000000E+1,,,
,0.0000000E+0,8.6727207E+0,1.7000000E+1,,,
,0.0000000E+0,8.6767210E+0,9.0000000E+0,,,
,0.0000000E+0,8.6807214E+0,1.7000000E+1,,,
,0.0000000E+0,8.6847217E+0,2.5000000E+1,,,
,0.0000000E+0,8.6887220E+0,2.0000000E+1,,,
,0.0000000E+0,8.6927224E+0,1.7000000E+1,,,
,0.0000000E+0,8.6967227E+0,1.4000000E+1,,,
,0.0000000E+0,8.7007230E+0,9.0000000E+0,,,
,0.0000000E+0,8.7047234E+0,1.3000000E+1,,,
,0.0000000E+0,8.7087237E+0,1.4000000E+1,,,
,0.0000000E+0,8.7127240E+0,2.1000000E+1,,,
,0.0000000E+0,8.7167244E+0,1.6000000E+1,,,
,0.0000000E+0,8.7207247E+0,1.3000000E+1,,,
,0.0000000E+0,8.7247250E+0,2.2000000E+1,,,
,0.0000000E+0,8.7287254E+0,1.8000000E+1,,,
,0.0000000E+0,8.7327257E+0,1.4000000E+1,,,
,0.0000000E+0,8.7367260E+0,1.4000000E+1,,,
,0.0000000E+0,8.7407264E+0,1.7000000E+1,,,
,0.0000000E+0,8.7447267E+0,1.3000000E+1,,,
,0.0000000E+0,8.7487270E+0,1.7000000E+1,,,
,0.0000000E+0,8.7527274E+0,1.0000000E+1,,,
,0.0000000E+0,8.7567277E+0,1.3000000E+1,,,
,0.0000000E+0,8.7607280E+0,1.3000000E+1,,,
,0.0000000E+0,8.7647284E+0,1.6000000E+1,,,
,0.0000000E+0,8.7687287E+0,1.7000000E+1,,,
,0.0000000E+0,8.7727290E+0,2.3000000E+1,,,
,0.0000000E+0,8.7767294E+0,1.3000000E+1,,,
,0.0000000E+0,8.7807297E+0,1.1000000E+1,,,
,0.0000000E+0,8.7847300E+0,1.2000000E+1,,,
,0.0000000E+0,8.7887304E+0,1.8000000E+1,,,
,0.0000000E+0,8.7927307E+0,1.3000000E+1,,,
,0.0000000E+0,8.7967310E+0,1.2000000E+1,,,
,0.0000000E+0,8.8007314E+0,9.0000000E+0,,,
,0.0000000E+0,8.8047317E+0,1.8000000E+1,,,
,0.0000000E+0,8.8087320E+0,1.5000000E+1,,,
,0.0000000E+0,8.8127323E+0,1.6000000E+1,,,
,0.0000000E+0,8.8167327E+0,1.5000000E+1,,,
,0.0000000E+0,8.8207330E+0,1.0000000E+1,,,
,0.0000000E+0,8.8247333E+0,1.6000000E+1,,,
,0.0000000E+0,8.8287337E+0,1.1000000E+1,,,
,0.0000000E+0,8.8327340E+0,1.3000000E+1,,,
,0.0000000E+0,8.8367343E+0,1.1000000E+1,,,
,0.0000000E+0,8.8407347E+0,1.7000000E+1,,,
,0.0000000E+0,8.8447350E+0,1.2000000E+1,,,
,0.0000000E+0,8.8487353E+0,1.2000000E+1,,,
,0.0000000E+0,8.8527357E+0,1.2000000E+1,,,
,0.0000000E+0,8.8567360E+0,1.3000000E+1,,,
,0.0000000E+0,8.8607363E+0,9.0000000E+0,,,
,0.0000000E+0,8.8647367E+0,1.0000000E+1,,,
,0.0000000E+0,8.8687370E+0,1.6000000E+1,,,
,0.0000000E+0,8.8727373E+0,1.4000000E+1,,,
,0.0000000E+0,8.8767377E+0,4.0000000E+0,,,
,0.0000000E+0,8.8807380E+0,1.0000000E+1,,,
,0.0000000E+0,8.8847383E+0,9.0000000E+0,,,
,0.0000000E+0,8.8887387E+0,1.0000000E+1,,,
,0.0000000E+0,8.8927390E+0,8.0000000E+0,,,
,0.0000000E+0,8.8967393E+0,8.0000000E+0,,,
,0.0000000E+0,8.9007397E+0,9.0000000E+0,,,
,0.0000000E+0,8.9047400E+0,1.0000000E+1,,,
,0.0000000E+0,8.9087403E+0,8.0000000E+0,,,
,0.0000000E+0,8.9127407E+0,9.0000000E+0,,,
,0.0000000E+0,8.9167410E+0,1.2000000E+1,,,
,0.0000000E+0,8.9207413E+0,1.4000000E+1,,,
,0.0000000E+0,8.9247417E+0,1.4000000E+1,,,
,0.0000000E+0,8.9287420E+0,9.0000000E+0,,,
,0.0000000E+0,8.9327423E+0,1.4000000E+1,,,
,0.0000000E+0,8.9367427E+0,6.0000000E+0,,,
,0.0000000E+0,8.9407430E+0,8.0000000E+0,,,
,0.0000000E+0,8.9447433E+0,1.4000000E+1,,,
,0.0000000E+0,8.9487437E+0,1.0000000E+1,,,
,0.0000000E+0,8.9527440E+0,1.2000000E+1,,,
,0.0000000E+0,8.9567443E+0,1.5000000E+1,,,
,0.0000000E+0,8.9607446E+0,9.0000000E+0,,,
,0.0000000E+0,8.9647450E+0,1.1000000E+1,,,
,0.0000000E+0,8.9687453E+0,1.0000000E+1,,,
,0.0000000E+0,8.9727456E+0,8.0000000E+0,,,
,0.0000000E+0,8.9767460E+0,1.0000000E+1,,,
,0.0000000E+0,8.9807463E+0,1.1000000E+1,,,
,0.0000000E+0,8.9847466E+0,1.0000000E+1,,,
,0.0000000E+0,8.9887470E+0,8.0000000E+0,,,
,0.0000000E+0,8.9927473E+0,1.1000000E+1,,,
,0.0000000E+0,8.9967476E+0,1.3000000E+1,,,
,0.0000000E+0,9.0007480E+0,5.0000000E+0,,,
,0.0000000E+0,9.0047483E+0,1.2000000E+1,,,
,0.0000000E+0,9.0087486E+0,7.0000000E+0,,,
,0.0000000E+0,9.0127490E+0,9.0000000E+0,,,
,0.0000000E+0,9.0167493E+0,9.0000000E+0,,,
,0.0000000E+0,9.0207496E+0,6.0000000E+0,,,
,0.0000000E+0,9.0247500E+0,1.4000000E+1,,,
,0.0000000E+0,9.0287503E+0,6.0000000E+0,,,
,0.0000000E+0,9.0327506E+0,1.5000000E+1,,,
,0.0000000E+0,9.0367510E+0,5.0000000E+0,,,
,0.0000000E+0,9.0407513E+0,1.5000000E+1,,,
,0.0000000E+0,9.0447516E+0,6.0000000E+0,,,
,0.0000000E+0,9.0487520E+0,1.3000000E+1,,,
,0.0000000E+0,9.0527523E+0,5.0000000E+0,,,
,0.0000000E+0,9.0567526E+0,1.0000000E+1,,,
,0.0000000E+0,9.0607530E+0,4.0000000E+0,,,
,0.0000000E+0,9.0647533E+0,9.0000000E+0,,,
,0.0000000E+0,9.0687536E+0,1.3000000E+1,,,
,0.0000000E+0,9.0727540E+0,9.0000000E+0,,,
,0.0000000E+0,9.0767543E+0,9.0000000E+0,,,
,0.0000000E+0,9.0807546E+0,7.0000000E+0,,,
,0.0000000E+0,9.0847550E+0,1.2000000E+1,,,
,0.0000000E+0,9.0887553E+0,1.2000000E+1,,,
,0.0000000E+0,9.0927556E+0,1.2000000E+1,,,
,0.0000000E+0,9.0967560E+0,1.1000000E+1,,,
,0.0000000E+0,9.1007563E+0,2.0000000E+0,,,
,0.0000000E+0,9.1047566E+0,9.0000000E+0,,,
,0.0000000E+0,9.1087569E+0,1.0000000E+1,,,
,0.0000000E+0,9.1127573E+0,5.0000000E+0,,,
,0.0000000E+0,9.1167576E+0,5.0000000E+0,,,
,0.0000000E+0,9.1207579E+0,4.0000000E+0,,,
,0.0000000E+0,9.1247583E+0,4.0000000E+0,,,
,0.0000000E+0,9.1287586E+0,5.0000000E+0,,,
,0.0000000E+0,9.1327589E+0,6.0000000E+0,,,
,0.0000000E+0,9.1367593E+0,6.0000000E+0,,,
,0.0000000E+0,9.1407596E+0,1.0000000E+1,,,
,0.0000000E+0,9.1447599E+0,9.0000000E+0,,,
,0.0000000E+0,9.1487603E+0,7.0000000E+0,,,
,0.0000000E+0,9.1527606E+0,7.0000000E+0,,,
,0.0000000E+0,9.1567609E+0,7.0000000E+0,,,
,0.0000000E+0,9.1607613E+0,6.0000000E+0,,,
,0.0000000E+0,9.1647616E+0,1.2000000E+1,,,
,0.0000000E+0,9.1687619E+0,1.2000000E+1,,,
,0.0000000E+0,9.1727623E+0,1.3000000E+1,,,
,0.0000000E+0,9.1767626E+0,9.0000000E+0,,,
,0.0000000E+0,9.1807629E+0,6.0000000E+0,,,
,0.0000000E+0,9.1847633E+0,1.0000000E+1,,,
,0.0000000E+0,9.1887636E+0,7.0000000E+0,,,
,0.0000000E+0,9.1927639E+0,9.0000000E+0,,,
,0.0000000E+0,9.1967643E+0,4.0000000E+0,,,
,0.0000000E+0,9.2007646E+0,5.0000000E+0,,,
,0.0000000E+0,9.2047649E+0,7.0000000E+0,,,
,0.0000000E+0,9.2087653E+0,7.0000000E+0,,,
,0.0000000E+0,9.2127656E+0,1.0000000E+1,,,
,0.0000000E+0,9.2167659E+0,7.0000000E+0,,,
,0.0000000E+0,9.2207663E+0,4.0000000E+0,,,
,0.0000000E+0,9.2247666E+0,8.0000000E+0,,,
,0.0000000E+0,9.2287669E+0,1.0000000E+1,,,
,0.0000000E+0,9.2327673E+0,7.0000000E+0,,,
,0.0000000E+0,9.2367676E+0,7.0000000E+0,,,
,0.0000000E+0,9.2407679E+0,7.0000000E+0,,,
,0.0000000E+0,9.2447683E+0,5.0000000E+0,,,
,0.0000000E+0,9.2487686E+0,8.0000000E+0,,,
,0.0000000E+0,9.2527689E+0,9.0000000E+0,,,
,0.0000000E+0,9.2567692E+0,5.0000000E+0,,,
,0.0000000E+0,9.2607696E+0,1.1000000E+1,,,
,0.0000000E+0,9.2647699E+0,1.0000000E+1,,,
,0.0000000E+0,9.2687702E+0,1.2000000E+1,,,
,0.0000000E+0,9.2727706E+0,6.0000000E+0,,,
,0.0000000E+0,9.2767709E+0,4.0000000E+0,,,
,0.0000000E+0,9.2807712E+0,6.0000000E+0,,,
,0.0000000E+0,9.2847716E+0,2.0000000E+0,,,
,0.0000000E+0,9.2887719E+0,1.0000000E+1,,,
,0.0000000E+0,9.2927722E+0,3.0000000E+0,,,
,0.0000000E+0,9.2967726E+0,7.0000000E+0,,,
,0.0000000E+0,9.3007729E+0,1.0000000E+1,,,
,0.0000000E+0,9.3047732E+0,3.0000000E+0,,,
,0.0000000E+0,9.3087736E+0,1.2000000E+1,,,
,0.0000000E+0,9.3127739E+0,8.0000000E+0,,,
,0.0000000E+0,9.3167742E+0,4.0000000E+0,,,
,0.0000000E+0,9.3207746E+0,1.3000000E+1,,,
,0.0000000E+0,9.3247749E+0,4.0000000E+0,,,
,0.0000000E+0,9.3287752E+0,7.0000000E+0,,,
,0.0000000E+0,9.3327756E+0,5.0000000E+0,,,
,0.0000000E+0,9.3367759E+0,3.0000000E+0,,,
,0.0000000E+0,9.3407762E+0,7.0000000E+0,,,
,0.0000000E+0,9.3447766E+0,5.0000000E+0,,,
,0.0000000E+0,9.3487769E+0,5.0000000E+0,,,
,0.0000000E+0,9.3527772E+0,7.0000000E+0,,,
,0.0000000E+0,9.3567776E+0,8.0000000E+0,,,
,0.0000000E+0,9.3607779E+0,1.0000000E+1,,,
,0.0000000E+0,9.3647782E+0,3.0000000E+0,,,
,0.0000000E+0,9.3687786E+0,1.0000000E+1,,,
,0.0000000E+0,9.3727789E+0,1.0000000E+0,,,
,0.0000000E+0,9.3767792E+0,4.0000000E+0,,,
,0.0000000E+0,9.3807796E+0,7.0000000E+0,,,
,0.0000000E+0,9.3847799E+0,4.0000000E+0,,,
,0.0000000E+0,9.3887802E+0,9.0000000E+0,,,
,0.0000000E+0,9.3927806E+0,6.0000000E+0,,,
,0.0000000E+0,9.3967809E+0,6.0000000E+0,,,
,0.0000000E+0,9.4007812E+0,4.0000000E+0,,,
,0.0000000E+0,9.4047815E+0,8.0000000E+0,,,
,0.0000000E+0,9.4087819E+0,6.0000000E+0,,,
,0.0000000E+0,9.4127822E+0,1.2000000E+1,,,
,0.0000000E+0,9.4167825E+0,6.0000000E+0,,,
,0.0000000E+0,9.4207829E+0,6.0000000E+0,,,
,0.0000000E+0,9.4247832E+0,6.0000000E+0,,,
,0.0000000E+0,9.4287835E+0,3.0000000E+0,,,
,0.0000000E+0,9.4327839E+0,7.0000000E+0,,,
,0.0000000E+0,9.4367842E+0,3.0000000E+0,,,
,0.0000000E+0,9.4407845E+0,8.0000000E+0,,,
,0.0000000E+0,9.4447849E+0,1.0000000E+0,,,
,0.0000000E+0,9.4487852E+0,4.0000000E+0,,,
,0.0000000E+0,9.4527855E+0,1.0000000E+1,,,
,0.0000000E+0,9.4567859E+0,8.0000000E+0,,,
,0.0000000E+0,9.4607862E+0,9.0000000E+0,,,
,0.0000000E+0,9.4647865E+0,6.0000000E+0,,,
,0.0000000E+0,9.4687869E+0,7.0000000E+0,,,
,0.0000000E+0,9.4727872E+0,6.0000000E+0,,,
,0.0000000E+0,9.4767875E+0,6.0000000E+0,,,
,0.0000000E+0,9.4807879E+0,4.0000000E+0,,,
,0.0000000E+0,9.4847882E+0,5.0000000E+0,,,
,0.0000000E+0,9.4887885E+0,1.0000000E+1,,,
,0.0000000E+0,9.4927889E+0,1.0000000E+1,,,
,0.0000000E+0,9.4967892E+0,1.2000000E+1,,,
,0.0000000E+0,9.5007895E+0,4.0000000E+0,,,
,0.0000000E+0,9.5047899E+0,4.0000000E+0,,,
,0.0000000E+0,9.5087902E+0,5.0000000E+0,,,
,0.0000000E+0,9.5127905E+0,6.0000000E+0,,,
,0.0000000E+0,9.5167909E+0,2.0000000E+0,,,
,0.0000000E+0,9.5207912E+0,9.0000000E+0,,,
,0.0000000E+0,9.5247915E+0,5.0000000E+0,,,
,0.0000000E+0,9.5287919E+0,5.0000000E+0,,,
,0.0000000E+0,9.5327922E+0,1.0000000E+1,,,
,0.0000000E+0,9.5367925E+0,2.0000000E+0,,,
,0.0000000E+0,9.5407929E+0,3.0000000E+0,,,
,0.0000000E+0,9.5447932E+0,3.0000000E+0,,,
,0.0000000E+0,9.5487935E+0,6.0000000E+0,,,
,0.0000000E+0,9.5527938E+0,4.0000000E+0,,,
,0.0000000E+0,9.5567942E+0,8.0000000E+0,,,
,0.0000000E+0,9.5607945E+0,4.0000000E+0,,,
,0.0000000E+0,9.5647948E+0,7.0000000E+0,,,
,0.0000000E+0,9.5687952E+0,7.0000000E+0,,,
,0.0000000E+0,9.5727955E+0,9.0000000E+0,,,
,0.0000000E+0,9.5767958E+0,6.0000000E+0,,,
,0.0000000E+0,9.5807962E+0,7.0000000E+0,,,
,0.0000000E+0,9.5847965E+0,6.0000000E+0,,,
,0.0000000E+0,9.5887968E+0,6.0000000E+0,,,
,0.0000000E+0,9.5927972E+0,9.0000000E+0,,,
,0.0000000E+0,9.5967975E+0,8.0000000E+0,,,
,0.0000000E+0,9.6007978E+0,8.0000000E+0,,,
,0.0000000E+0,9.6047982E+0,9.0000000E+0,,,
,0.0000000E+0,9.6087985E+0,6.0000000E+0,,,
,0.0000000E+0,9.6127988E+0,5.0000000E+0,,,
,0.0000000E+0,9.6167992E+0,2.0000000E+0,,,
,0.0000000E+0,9.6207995E+0,4.0000000E+0,,,
,0.0000000E+0,9.6247998E+0,4.0000000E+0,,,
,0.0000000E+0,9.6288002E+0,5.0000000E+0,,,
,0.0000000E+0,9.6328005E+0,4.0000000E+0,,,
,0.0000000E+0,9.6368008E+0,6.0000000E+0,,,
,0.0000000E+0,9.6408012E+0,9.0000000E+0,,,
,0.0000000E+0,9.6448015E+0,4.0000000E+0,,,
,0.0000000E+0,9.6488018E+0,5.0000000E+0,,,
,0.0000000E+0,9.6528022E+0,4.0000000E+0,,,
,0.0000000E+0,9.6568025E+0,3.0000000E+0,,,
,0.0000000E+0,9.6608028E+0,1.0000000E+1,,,
,0.0000000E+0,9.6648032E+0,6.0000000E+0,,,
,0.0000000E+0,9.6688035E+0,1.0000000E+1,,,
,0.0000000E+0,9.6728038E+0,6.0000000E+0,,,
,0.0000000E+0,9.6768042E+0,5.0000000E+0,,,
,0.0000000E+0,9.6808045E+0,6.0000000E+0,,,
,0.0000000E+0,9.6848048E+0,7.0000000E+0,,,
,0.0000000E+0,9.6888052E+0,4.0000000E+0,,,
,0.0000000E+0,9.6928055E+0,7.0000000E+0,,,
,0.0000000E+0,9.6968058E+0,4.0000000E+0,,,
,0.0000000E+0,9.7008061E+0,6.0000000E+0,,,
,0.0000000E+0,9.7048065E+0,5.0000000E+0,,,
,0.0000000E+0,9.7088068E+0,1.2000000E+1,,,
,0.0000000E+0,9.7128071E+0,5.0000000E+0,,,
,0.0000000E+0,9.7168075E+0,6.0000000E+0,,,
,0.0000000E+0,9.7208078E+0,9.0000000E+0,,,
,0.0000000E+0,9.7248081E+0,8.0000000E+0,,,
,0.0000000E+0,9.7288085E+0,2.0000000E+0,,,
,0.0000000E+0,9.7328088E+0,9.0000000E+0,,,
,0.0000000E+0,9.7368091E+0,5.0000000E+0,,,
,0.0000000E+0,9.7408095E+0,8.0000000E+0,,,
,0.0000000E+0,9.7448098E+0,1.0000000E+0,,,
,0.0000000E+0,9.7488101E+0,6.0000000E+0,,,
,0.0000000E+0,9.7528105E+0,7.0000000E+0,,,
,0.0000000E+0,9.7568108E+0,5.0000000E+0,,,
,0.0000000E+0,9.7608111E+0,8.0000000E+0,,,
,0.0000000E+0,9.7648115E+0,1.0000000E+1,,,
,0.0000000E+0,9.7688118E+0,1.2000000E+1,,,
,0.0000000E+0,9.7728121E+0,5.0000000E+0,,,
,0.0000000E+0,9.7768125E+0,5.0000000E+0,,,
,0.0000000E+0,9.7808128E+0,4.0000000E+0,,,
,0.0000000E+0,9.7848131E+0,3.0000000E+0,,,
,0.0000000E+0,9.7888135E+0,6.0000000E+0,,,
,0.0000000E+0,9.7928138E+0,8.0000000E+0,,,
,0.0000000E+0,9.7968141E+0,5.0000000E+0,,,
,0.0000000E+0,9.8008145E+0,4.0000000E+0,,,
,0.0000000E+0,9.8048148E+0,9.0000000E+0,,,
,0.0000000E+0,9.8088151E+0,1.1000000E+1,,,
,0.0000000E+0,9.8128155E+0,7.0000000E+0,,,
,0.0000000E+0,9.8168158E+0,4.0000000E+0,,,
,0.0000000E+0,9.8208161E+0,4.0000000E+0,,,
,0.0000000E+0,9.8248165E+0,8.0000000E+0,,,
,0.0000000E+0,9.8288168E+0,1.0000000E+1,,,
,0.0000000E+0,9.8328171E+0,6.0000000E+0,,,
,0.0000000E+0,9.8368175E+0,7.0000000E+0,,,
,0.0000000E+0,9.8408178E+0,8.0000000E+0,,,
,0.0000000E+0,9.8448181E+0,9.0000000E+0,,,
,0.0000000E+0,9.8488184E+0,1.0000000E+1,,,
,0.0000000E+0,9.8528188E+0,1.0000000E+1,,,
,0.0000000E+0,9.8568191E+0,1.0000000E+1,,,
,0.0000000E+0,9.8608194E+0,7.0000000E+0,,,
,0.0000000E+0,9.8648198E+0,6.0000000E+0,,,
,0.0000000E+0,9.8688201E+0,1.1000000E+1,,,
,0.0000000E+0,9.8728204E+0,1.4000000E+1,,,
,0.0000000E+0,9.8768208E+0,1.2000000E+1,,,
,0.0000000E+0,9.8808211E+0,1.1000000E+1,,,
,0.0000000E+0,9.8848214E+0,7.0000000E+0,,,
,0.0000000E+0,9.8888218E+0,1.0000000E+1,,,
,0.0000000E+0,9.8928221E+0,4.0000000E+0,,,
,0.0000000E+0,9.8968224E+0,8.0000000E+0,,,
,0.0000000E+0,9.9008228E+0,1.0000000E+1,,,
,0.0000000E+0,9.9048231E+0,6.0000000E+0,,,
,0.0000000E+0,9.9088234E+0,1.0000000E+1,,,
,0.0000000E+0,9.9128238E+0,1.1000000E+1,,,
,0.0000000E+0,9.9168241E+0,1.0000000E+1,,,
,0.0000000E+0,9.9208244E+0,1.0000000E+1,,,
,0.0000000E+0,9.9248248E+0,1.0000000E+1,,,
,0.0000000E+0,9.9288251E+0,7.0000000E+0,,,
,0.0000000E+0,9.9328254E+0,1.1000000E+1,,,
,0.0000000E+0,9.9368258E+0,8.0000000E+0,,,
,0.0000000E+0,9.9408261E+0,9.0000000E+0,,,
,0.0000000E+0,9.9448264E+0,8.0000000E+0,,,
,0.0000000E+0,9.9488268E+0,4.0000000E+0,,,
,0.0000000E+0,9.9528271E+0,1.3000000E+1,,,
,0.0000000E+0,9.9568274E+0,8.0000000E+0,,,
,0.0000000E+0,9.9608278E+0,1.0000000E+1,,,
,0.0000000E+0,9.9648281E+0,9.0000000E+0,,,
,0.0000000E+0,9.9688284E+0,7.0000000E+0,,,
,0.0000000E+0,9.9728288E+0,1.0000000E+1,,,
,0.0000000E+0,9.9768291E+0,1.1000000E+1,,,
,0.0000000E+0,9.9808294E+0,1.2000000E+1,,,
,0.0000000E+0,9.9848298E+0,8.0000000E+0,,,
,0.0000000E+0,9.9888301E+0,7.0000000E+0,,,
,0.0000000E+0,9.9928304E+0,8.0000000E+0,,,
,0.0000000E+0,9.9968307E+0,6.0000000E+0,,,
,0.0000000E+0,1.0000831E+1,8.0000000E+0,,,
,0.0000000E+0,1.0004831E+1,9.0000000E+0,,,
,0.0000000E+0,1.0008832E+1,7.0000000E+0,,,
,0.0000000E+0,1.0012832E+1,9.0000000E+0,,,
,0.0000000E+0,1.0016832E+1,9.0000000E+0,,,
,0.0000000E+0,1.0020833E+1,5.0000000E+0,,,
,0.0000000E+0,1.0024833E+1,9.0000000E+0,,,
,0.0000000E+0,1.0028833E+1,7.0000000E+0,,,
,0.0000000E+0,1.0032834E+1,7.0000000E+0,,,
,0.0000000E+0,1.0036834E+1,6.0000000E+0,,,
,0.0000000E+0,1.0040834E+1,7.0000000E+0,,,
,0.0000000E+0,1.0044835E+1,1.0000000E+1,,,
,0.0000000E+0,1.0048835E+1,7.0000000E+0,,,
,0.0000000E+0,1.0052835E+1,5.0000000E+0,,,
,0.0000000E+0,1.0056836E+1,6.0000000E+0,,,
,0.0000000E+0,1.0060836E+1,7.0000000E+0,,,
,0.0000000E+0,1.0064836E+1,6.0000000E+0,,,
,0.0000000E+0,1.0068837E+1,8.0000000E+0,,,
,0.0000000E+0,1.0072837E+1,8.0000000E+0,,,
,0.0000000E+0,1.0076837E+1,1.1000000E+1,,,
,0.0000000E+0,1.0080838E+1,5.0000000E+0,,,
,0.0000000E+0,1.0084838E+1,8.0000000E+0,,,
,0.0000000E+0,1.0088838E+1,4.0000000E+0,,,
,0.0000000E+0,1.0092839E+1,1.0000000E+1,,,
,0.0000000E+0,1.0096839E+1,6.0000000E+0,,,
,0.0000000E+0,1.0100839E+1,6.0000000E+0,,,
,0.0000000E+0,1.0104840E+1,9.0000000E+0,,,
,0.0000000E+0,1.0108840E+1,3.0000000E+0,,,
,0.0000000E+0,1.0112840E+1,7.0000000E+0,,,
,0.0000000E+0,1.0116841E+1,9.0000000E+0,,,
,0.0000000E+0,1.0120841E+1,8.0000000E+0,,,
,0.0000000E+0,1.0124841E+1,2.0000000E+0,,,
,0.0000000E+0,1.0128842E+1,3.0000000E+0,,,
,0.0000000E+0,1.0132842E+1,1.1000000E+1,,,
,0.0000000E+0,1.0136842E+1,8.0000000E+0,,,
,0.0000000E+0,1.0140843E+1,4.0000000E+0,,,
,0.0000000E+0,1.0144843E+1,8.0000000E+0,,,
,0.0000000E+0,1.0148843E+1,2.0000000E+0,,,
,0.0000000E+0,1.0152844E+1,4.0000000E+0,,,
,0.0000000E+0,1.0156844E+1,8.0000000E+0,,,
,0.0000000E+0,1.0160844E+1,4.0000000E+0,,,
,0.0000000E+0,1.0164845E+1,1.4000000E+1,,,
,0.0000000E+0,1.0168845E+1,6.0000000E+0,,,
,0.0000000E+0,1.0172845E+1,4.0000000E+0,,,
,0.0000000E+0,1.0176846E+1,8.0000000E+0,,,
,0.0000000E+0,1.0180846E+1,1.0000000E+0,,,
,0.0000000E+0,1.0184846E+1,8.0000000E+0,,,
,0.0000000E+0,1.0188847E+1,9.0000000E+0,,,
,0.0000000E+0,1.0192847E+1,1.3000000E+1,,,
,0.0000000E+0,1.0196847E+1,6.0000000E+0,,,
,0.0000000E+0,1.0200848E+1,5.0000000E+0,,,
,0.0000000E+0,1.0204848E+1,8.0000000E+0,,,
,0.0000000E+0,1.0208848E+1,4.0000000E+0,,,
,0.0000000E+0,1.0212849E+1,6.0000000E+0,,,
,0.0000000E+0,1.0216849E+1,6.0000000E+0,,,
,0.0000000E+0,1.0220849E+1,1.0000000E+1,,,
,0.0000000E+0,1.0224850E+1,4.0000000E+0,,,
,0.0000000E+0,1.0228850E+1,4.0000000E+0,,,
,0.0000000E+0,1.0232850E+1,6.0000000E+0,,,
,0.0000000E+0,1.0236851E+1,5.0000000E+0,,,
,0.0000000E+0,1.0240851E+1,5.0000000E+0,,,
,0.0000000E+0,1.0244851E+1,7.0000000E+0,,,
,0.0000000E+0,1.0248852E+1,5.0000000E+0,,,
,0.0000000E+0,1.0252852E+1,7.0000000E+0,,,
,0.0000000E+0,1.0256852E+1,4.0000000E+0,,,
,0.0000000E+0,1.0260853E+1,7.0000000E+0,,,
,0.0000000E+0,1.0264853E+1,7.0000000E+0,,,
,0.0000000E+0,1.0268853E+1,6.0000000E+0,,,
,0.0000000E+0,1.0272854E+1,6.0000000E+0,,,
,0.0000000E+0,1.0276854E+1,3.0000000E+0,,,
,0.0000000E+0,1.0280854E+1,4.0000000E+0,,,
,0.0000000E+0,1.0284855E+1,8.0000000E+0,,,
,0.0000000E+0,1.0288855E+1,7.0000000E+0,,,
,0.0000000E+0,1.0292855E+1,7.0000000E+0,,,
,0.0000000E+0,1.0296856E+1,1.1000000E+1,,,
,0.0000000E+0,1.0300856E+1,1.0000000E+0,,,
,0.0000000E+0,1.0304856E+1,2.0000000E+0,,,
,0.0000000E+0,1.0308857E+1,6.0000000E+0,,,
,0.0000000E+0,1.0312857E+1,7.0000000E+0,,,
,0.0000000E+0,1.0316857E+1,2.0000000E+0,,,
,0.0000000E+0,1.0320858E+1,4.0000000E+0,,,
,0.0000000E+0,1.0324858E+1,6.0000000E+0,,,
,0.0000000E+0,1.0328858E+1,4.0000000E+0,,,
,0.0000000E+0,1.0332859E+1,3.0000000E+0,,,
,0.0000000E+0,1.0336859E+1,2.0000000E+0,,,
,0.0000000E+0,1.0340859E+1,4.0000000E+0,,,
,0.0000000E+0,1.0344860E+1,6.0000000E+0,,,
,0.0000000E+0,1.0348860E+1,5.0000000E+0,,,
,0.0000000E+0,1.0352860E+1,3.0000000E+0,,,
,0.0000000E+0,1.0356861E+1,7.0000000E+0,,,
,0.0000000E+0,1.0360861E+1,5.0000000E+0,,,
,0.0000000E+0,1.0364861E+1,6.0000000E+0,,,
,0.0000000E+0,1.0368862E+1,9.0000000E+0,,,
,0.0000000E+0,1.0372862E+1,3.0000000E+0,,,
,0.0000000E+0,1.0376862E+1,3.0000000E+0,,,
,0.0000000E+0,1.0380863E+1,5.0000000E+0,,,
,0.0000000E+0,1.0384863E+1,5.0000000E+0,,,
,0.0000000E+0,1.0388863E+1,7.0000000E+0,,,
,0.0000000E+0,1.0392864E+1,1.0000000E+1,,,
,0.0000000E+0,1.0396864E+1,8.0000000E+0,,,
,0.0000000E+0,1.0400864E+1,5.0000000E+0,,,
,0.0000000E+0,1.0404865E+1,5.0000000E+0,,,
,0.0000000E+0,1.0408865E+1,4.0000000E+0,,,
,0.0000000E+0,1.0412865E+1,5.0000000E+0,,,
,0.0000000E+0,1.0416866E+1,6.0000000E+0,,,
,0.0000000E+0,1.0420866E+1,8.0000000E+0,,,
,0.0000000E+0,1.0424866E+1,6.0000000E+0,,,
,0.0000000E+0,1.0428867E+1,5.0000000E+0,,,
,0.0000000E+0,1.0432867E+1,7.0000000E+0,,,
,0.0000000E+0,1.0436867E+1,6.0000000E+0,,,
,0.0000000E+0,1.0440868E+1,6.0000000E+0,,,
,0.0000000E+0,1.0444868E+1,3.0000000E+0,,,
,0.0000000E+0,1.0448868E+1,6.0000000E+0,,,
,0.0000000E+0,1.0452869E+1,6.0000000E+0,,,
,0.0000000E+0,1.0456869E+1,7.0000000E+0,,,
,0.0000000E+0,1.0460869E+1,8.0000000E+0,,,
,0.0000000E+0,1.0464870E+1,5.0000000E+0,,,
,0.0000000E+0,1.0468870E+1,8.0000000E+0,,,
,0.0000000E+0,1.0472870E+1,6.0000000E+0,,,
,0.0000000E+0,1.0476871E+1,8.0000000E+0,,,
,0.0000000E+0,1.0480871E+1,5.0000000E+0,,,
,0.0000000E+0,1.0484871E+1,4.0000000E+0,,,
,0.0000000E+0,1.0488872E+1,5.0000000E+0,,,
,0.0000000E+0,1.0492872E+1,3.0000000E+0,,,
,0.0000000E+0,1.0496872E+1,4.0000000E+0,,,
,0.0000000E+0,1.0500873E+1,6.0000000E+0,,,
,0.0000000E+0,1.0504873E+1,6.0000000E+0,,,
,0.0000000E+0,1.0508873E+1,5.0000000E+0,,,
,0.0000000E+0,1.0512874E+1,3.0000000E+0,,,
,0.0000000E+0,1.0516874E+1,6.0000000E+0,,,
,0.0000000E+0,1.0520874E+1,1.0000000E+0,,,
,0.0000000E+0,1.0524875E+1,1.0000000E+1,,,
,0.0000000E+0,1.0528875E+1,5.0000000E+0,,,
,0.0000000E+0,1.0532875E+1,8.0000000E+0,,,
,0.0000000E+0,1.0536876E+1,6.0000000E+0,,,
,0.0000000E+0,1.0540876E+1,2.0000000E+0,,,
,0.0000000E+0,1.0544876E+1,6.0000000E+0,,,
,0.0000000E+0,1.0548877E+1,3.0000000E+0,,,
,0.0000000E+0,1.0552877E+1,6.0000000E+0,,,
,0.0000000E+0,1.0556877E+1,4.0000000E+0,,,
,0.0000000E+0,1.0560878E+1,1.2000000E+1,,,
,0.0000000E+0,1.0564878E+1,8.0000000E+0,,,
,0.0000000E+0,1.0568878E+1,6.0000000E+0,,,
,0.0000000E+0,1.0572879E+1,2.0000000E+0,,,
,0.0000000E+0,1.0576879E+1,5.0000000E+0,,,
,0.0000000E+0,1.0580879E+1,5.0000000E+0,,,
,0.0000000E+0,1.0584880E+1,7.0000000E+0,,,
,0.0000000E+0,1.0588880E+1,7.0000000E+0,,,
,0.0000000E+0,1.0592880E+1,6.0000000E+0,,,
,0.0000000E+0,1.0596881E+1,3.0000000E+0,,,
,0.0000000E+0,1.0600881E+1,5.0000000E+0,,,
,0.0000000E+0,1.0604881E+1,8.0000000E+0,,,
,0.0000000E+0,1.0608882E+1,9.0000000E+0,,,
,0.0000000E+0,1.0612882E+1,5.0000000E+0,,,
,0.0000000E+0,1.0616882E+1,5.0000000E+0,,,
,0.0000000E+0,1.0620883E+1,8.0000000E+0,,,
,0.0000000E+0,1.0624883E+1,7.0000000E+0,,,
,0.0000000E+0,1.0628883E+1,6.0000000E+0,,,
,0.0000000E+0,1.0632884E+1,8.0000000E+0,,,
,0.0000000E+0,1.0636884E+1,1.0000000E+1,,,
,0.0000000E+0,1.0640884E+1,5.0000000E+0,,,
,0.0000000E+0,1.0644885E+1,5.0000000E+0,,,
,0.0000000E+0,1.0648885E+1,4.0000000E+0,,,
,0.0000000E+0,1.0652885E+1,1.0000000E+1,,,
,0.0000000E+0,1.0656886E+1,7.0000000E+0,,,
,0.0000000E+0,1.0660886E+1,3.0000000E+0,,,
,0.0000000E+0,1.0664886E+1,9.0000000E+0,,,
,0.0000000E+0,1.0668887E+1,7.0000000E+0,,,
,0.0000000E+0,1.0672887E+1,8.0000000E+0,,,
,0.0000000E+0,1.0676887E+1,3.0000000E+0,,,
,0.0000000E+0,1.0680888E+1,7.0000000E+0,,,
,0.0000000E+0,1.0684888E+1,7.0000000E+0,,,
,0.0000000E+0,1.0688888E+1,5.0000000E+0,,,
,0.0000000E+0,1.0692889E+1,8.0000000E+0,,,
,0.0000000E+0,1.0696889E+1,6.0000000E+0,,,
,0.0000000E+0,1.0700889E+1,1.2000000E+1,,,
,0.0000000E+0,1.0704890E+1,3.0000000E+0,,,
,0.0000000E+0,1.0708890E+1,7.0000000E+0,,,
,0.0000000E+0,1.0712890E+1,3.0000000E+0,,,
,0.0000000E+0,1.0716891E+1,8.0000000E+0,,,
,0.0000000E+0,1.0720891E+1,1.1000000E+1,,,
,0.0000000E+0,1.0724891E+1,7.0000000E+0,,,
,0.0000000E+0,1.0728892E+1,7.0000000E+0,,,
,0.0000000E+0,1.0732892E+1,7.0000000E+0,,,
,0.0000000E+0,1.0736892E+1,5.0000000E+0,,,
,0.0000000E+0,1.0740893E+1,7.0000000E+0,,,
,0.0000000E+0,1.0744893E+1,5.0000000E+0,,,
,0.0000000E+0,1.0748893E+1,6.0000000E+0,,,
,0.0000000E+0,1.0752894E+1,6.0000000E+0,,,
,0.0000000E+0,1.0756894E+1,5.0000000E+0,,,
,0.0000000E+0,1.0760894E+1,8.0000000E+0,,,
,0.0000000E+0,1.0764895E+1,6.0000000E+0,,,
,0.0000000E+0,1.0768895E+1,1.0000000E+1,,,
,0.0000000E+0,1.0772895E+1,6.0000000E+0,,,
,0.0000000E+0,1.0776896E+1,6.0000000E+0,,,
,0.0000000E+0,1.0780896E+1,5.0000000E+0,,,
,0.0000000E+0,1.0784896E+1,6.0000000E+0,,,
,0.0000000E+0,1.0788897E+1,3.0000000E+0,,,
,0.0000000E+0,1.0792897E+1,7.0000000E+0,,,
,0.0000000E+0,1.0796897E+1,5.0000000E+0,,,
,0.0000000E+0,1.0800898E+1,9.0000000E+0,,,
,0.0000000E+0,1.0804898E+1,8.0000000E+0,,,
,0.0000000E+0,1.0808898E+1,7.0000000E+0,,,
,0.0000000E+0,1.0812899E+1,1.0000000E+1,,,
,0.0000000E+0,1.0816899E+1,6.0000000E+0,,,
,0.0000000E+0,1.0820899E+1,5.0000000E+0,,,
,0.0000000E+0,1.0824900E+1,2.0000000E+0,,,
,0.0000000E+0,1.0828900E+1,4.0000000E+0,,,
,0.0000000E+0,1.0832900E+1,5.0000000E+0,,,
,0.0000000E+0,1.0836901E+1,7.0000000E+0,,,
,0.0000000E+0,1.0840901E+1,1.0000000E+1,,,
,0.0000000E+0,1.0844901E+1,7.0000000E+0,,,
,0.0000000E+0,1.0848902E+1,7.0000000E+0,,,
,0.0000000E+0,1.0852902E+1,5.0000000E+0,,,
,0.0000000E+0,1.0856902E+1,3.0000000E+0,,,
,0.0000000E+0,1.0860903E+1,5.0000000E+0,,,
,0.0000000E+0,1.0864903E+1,4.0000000E+0,,,
,0.0000000E+0,1.0868903E+1,5.0000000E+0,,,
,0.0000000E+0,1.0872904E+1,3.0000000E+0,,,
,0.0000000E+0,1.0876904E+1,8.0000000E+0,,,
,0.0000000E+0,1.0880904E+1,5.0000000E+0,,,
,0.0000000E+0,1.0884905E+1,5.0000000E+0,,,
,0.0000000E+0,1.0888905E+1,5.0000000E+0,,,
,0.0000000E+0,1.0892905E+1,4.0000000E+0,,,
,0.0000000E+0,1.0896906E+1,7.0000000E+0,,,
,0.0000000E+0,1.0900906E+1,5.0000000E+0,,,
,0.0000000E+0,1.0904906E+1,4.0000000E+0,,,
,0.0000000E+0,1.0908907E+1,8.0000000E+0,,,
,0.0000000E+0,1.0912907E+1,5.0000000E+0,,,
,0.0000000E+0,1.0916907E+1,3.0000000E+0,,,
,0.0000000E+0,1.0920908E+1,5.0000000E+0,,,
,0.0000000E+0,1.0924908E+1,2.0000000E+0,,,
,0.0000000E+0,1.0928908E+1,8.0000000E+0,,,
,0.0000000E+0,1.0932909E+1,1.0000000E+1,,,
,0.0000000E+0,1.0936909E+1,1.1000000E+1,,,
,0.0000000E+0,1.0940909E+1,6.0000000E+0,,,
,0.0000000E+0,1.0944910E+1,4.0000000E+0,,,
,0.0000000E+0,1.0948910E+1,4.0000000E+0,,,
,0.0000000E+0,1.0952910E+1,3.0000000E+0,,,
,0.0000000E+0,1.0956911E+1,5.0000000E+0,,,
,0.0000000E+0,1.0960911E+1,5.0000000E+0,,,
,0.0000000E+0,1.0964911E+1,1.2000000E+1,,,
,0.0000000E+0,1.0968912E+1,2.0000000E+0,,,
,0.0000000E+0,1.0972912E+1,4.0000000E+0,,,
,0.0000000E+0,1.0976912E+1,1.1000000E+1,,,
,0.0000000E+0,1.0980913E+1,6.0000000E+0,,,
,0.0000000E+0,1.0984913E+1,2.0000000E+0,,,
,0.0000000E+0,1.0988913E+1,3.0000000E+0,,,
,0.0000000E+0,1.0992914E+1,6.0000000E+0,,,
,0.0000000E+0,1.0996914E+1,3.0000000E+0,,,
,0.0000000E+0,1.1000914E+1,4.0000000E+0,,,
,0.0000000E+0,1.1004915E+1,4.0000000E+0,,,
,0.0000000E+0,1.1008915E+1,7.0000000E+0,,,
,0.0000000E+0,1.1012915E+1,1.0000000E+1,,,
,0.0000000E+0,1.1016916E+1,4.0000000E+0,,,
,0.0000000E+0,1.1020916E+1,8.0000000E+0,,,
,0.0000000E+0,1.1024916E+1,4.0000000E+0,,,
,0.0000000E+0,1.1028917E+1,7.0000000E+0,,,
,0.0000000E+0,1.1032917E+1,9.0000000E+0,,,
,0.0000000E+0,1.1036917E+1,6.0000000E+0,,,
,0.0000000E+0,1.1040918E+1,3.0000000E+0,,,
,0.0000000E+0,1.1044918E+1,9.0000000E+0,,,
,0.0000000E+0,1.1048918E+1,2.0000000E+0,,,
,0.0000000E+0,1.1052919E+1,3.0000000E+0,,,
,0.0000000E+0,1.1056919E+1,7.0000000E+0,,,
,0.0000000E+0,1.1060919E+1,6.0000000E+0,,,
,0.0000000E+0,1.1064920E+1,4.0000000E+0,,,
,0.0000000E+0,1.1068920E+1,2.0000000E+0,,,
,0.0000000E+0,1.1072920E+1,1.0000000E+0,,,
,0.0000000E+0,1.1076921E+1,7.0000000E+0,,,
,0.0000000E+0,1.1080921E+1,3.0000000E+0,,,
,0.0000000E+0,1.1084921E+1,5.0000000E+0,,,
,0.0000000E+0,1.1088922E+1,6.0000000E+0,,,
,0.0000000E+0,1.1092922E+1,5.0000000E+0,,,
,0.0000000E+0,1.1096922E+1,3.0000000E+0,,,
,0.0000000E+0,1.1100922E+1,3.0000000E+0,,,
,0.0000000E+0,1.1104923E+1,5.0000000E+0,,,
,0.0000000E+0,1.1108923E+1,2.0000000E+0,,,
,0.0000000E+0,1.1112923E+1,6.0000000E+0,,,
,0.0000000E+0,1.1116924E+1,2.0000000E+0,,,
,0.0000000E+0,1.1120924E+1,3.0000000E+0,,,
,0.0000000E+0,1.1124924E+1,4.0000000E+0,,,
,0.0000000E+0,1.1128925E+1,2.0000000E+0,,,
,0.0000000E+0,1.1132925E+1,0.0000000E+0,,,
,0.0000000E+0,1.1136925E+1,4.0000000E+0,,,
,0.0000000E+0,1.1140926E+1,4.0000000E+0,,,
,0.0000000E+0,1.1144926E+1,3.0000000E+0,,,
,0.0000000E+0,1.1148926E+1,2.0000000E+0,,,
,0.0000000E+0,1.1152927E+1,4.0000000E+0,,,
,0.0000000E+0,1.1156927E+1,5.0000000E+0,,,
,0.0000000E+0,1.1160927E+1,8.0000000E+0,,,
,0.0000000E+0,1.1164928E+1,7.0000000E+0,,,
,0.0000000E+0,1.1168928E+1,2.0000000E+0,,,
,0.0000000E+0,1.1172928E+1,3.0000000E+0,,,
,0.0000000E+0,1.1176929E+1,1.0000000E+0,,,
,0.0000000E+0,1.1180929E+1,6.0000000E+0,,,
,0.0000000E+0,1.1184929E+1,5.0000000E+0,,,
,0.0000000E+0,1.1188930E+1,6.0000000E+0,,,
,0.0000000E+0,1.1192930E+1,5.0000000E+0,,,
,0.0000000E+0,1.1196930E+1,3.0000000E+0,,,
,0.0000000E+0,1.1200931E+1,4.0000000E+0,,,
,0.0000000E+0,1.1204931E+1,4.0000000E+0,,,
,0.0000000E+0,1.1208931E+1,4.0000000E+0,,,
,0.0000000E+0,1.1212932E+1,5.0000000E+0,,,
,0.0000000E+0,1.1216932E+1,3.0000000E+0,,,
,0.0000000E+0,1.1220932E+1,7.0000000E+0,,,
,0.0000000E+0,1.1224933E+1,6.0000000E+0,,,
,0.0000000E+0,1.1228933E+1,4.0000000E+0,,,
,0.0000000E+0,1.1232933E+1,4.0000000E+0,,,
,0.0000000E+0,1.1236934E+1,4.0000000E+0,,,
,0.0000000E+0,1.1240934E+1,3.0000000E+0,,,
,0.0000000E+0,1.1244934E+1,7.0000000E+0,,,
,0.0000000E+0,1.1248935E+1,7.0000000E+0,,,
,0.0000000E+0,1.1252935E+1,6.0000000E+0,,,
,0.0000000E+0,1.1256935E+1,4.0000000E+0,,,
,0.0000000E+0,1.1260936E+1,4.0000000E+0,,,
,0.0000000E+0,1.1264936E+1,4.0000000E+0,,,
,0.0000000E+0,1.1268936E+1,0.0000000E+0,,,
,0.0000000E+0,1.1272937E+1,3.0000000E+0,,,
,0.0000000E+0,1.1276937E+1,3.0000000E+0,,,
,0.0000000E+0,1.1280937E+1,6.0000000E+0,,,
,0.0000000E+0,1.1284938E+1,3.0000000E+0,,,
,0.0000000E+0,1.1288938E+1,7.0000000E+0,,,
,0.0000000E+0,1.1292938E+1,4.0000000E+0,,,
,0.0000000E+0,1.1296939E+1,4.0000000E+0,,,
,0.0000000E+0,1.1300939E+1,4.0000000E+0,,,
,0.0000000E+0,1.1304939E+1,4.0000000E+0,,,
,0.0000000E+0,1.1308940E+1,3.0000000E+0,,,
,0.0000000E+0,1.1312940E+1,6.0000000E+0,,,
,0.0000000E+0,1.1316940E+1,5.0000000E+0,,,
,0.0000000E+0,1.1320941E+1,5.0000000E+0,,,
,0.0000000E+0,1.1324941E+1,3.0000000E+0,,,
,0.0000000E+0,1.1328941E+1,3.0000000E+0,,,
,0.0000000E+0,1.1332942E+1,2.0000000E+0,,,
,0.0000000E+0,1.1336942E+1,7.0000000E+0,,,
,0.0000000E+0,1.1340942E+1,3.0000000E+0,,,
,0.0000000E+0,1.1344943E+1,4.0000000E+0,,,
,0.0000000E+0,1.1348943E+1,6.0000000E+0,,,
,0.0000000E+0,1.1352943E+1,5.0000000E+0,,,
,0.0000000E+0,1.1356944E+1,6.0000000E+0,,,
,0.0000000E+0,1.1360944E+1,4.0000000E+0,,,
,0.0000000E+0,1.1364944E+1,3.0000000E+0,,,
,0.0000000E+0,1.1368945E+1,1.0000000E+0,,,
,0.0000000E+0,1.1372945E+1,4.0000000E+0,,,
,0.0000000E+0,1.1376945E+1,1.0000000E+1,,,
,0.0000000E+0,1.1380946E+1,4.0000000E+0,,,
,0.0000000E+0,1.1384946E+1,8.0000000E+0,,,
,0.0000000E+0,1.1388946E+1,9.0000000E+0,,,
,0.0000000E+0,1.1392947E+1,5.0000000E+0,,,
,0.0000000E+0,1.1396947E+1,3.0000000E+0,,,
,0.0000000E+0,1.1400947E+1,5.0000000E+0,,,
,0.0000000E+0,1.1404948E+1,2.0000000E+0,,,
,0.0000000E+0,1.1408948E+1,2.0000000E+0,,,
,0.0000000E+0,1.1412948E+1,1.0000000E+0,,,
,0.0000000E+0,1.1416949E+1,4.0000000E+0,,,
,0.0000000E+0,1.1420949E+1,2.0000000E+0,,,
,0.0000000E+0,1.1424949E+1,4.0000000E+0,,,
,0.0000000E+0,1.1428950E+1,8.0000000E+0,,,
,0.0000000E+0,1.1432950E+1,2.0000000E+0,,,
,0.0000000E+0,1.1436950E+1,6.0000000E+0,,,
,0.0000000E+0,1.1440951E+1,3.0000000E+0,,,
,0.0000000E+0,1.1444951E+1,6.0000000E+0,,,
,0.0000000E+0,1.1448951E+1,4.0000000E+0,,,
,0.0000000E+0,1.1452952E+1,5.0000000E+0,,,
,0.0000000E+0,1.1456952E+1,3.0000000E+0,,,
,0.0000000E+0,1.1460952E+1,4.0000000E+0,,,
,0.0000000E+0,1.1464953E+1,9.0000000E+0,,,
,0.0000000E+0,1.1468953E+1,6.0000000E+0,,,
,0.0000000E+0,1.1472953E+1,2.0000000E+0,,,
,0.0000000E+0,1.1476954E+1,1.0000000E+0,,,
,0.0000000E+0,1.1480954E+1,4.0000000E+0,,,
,0.0000000E+0,1.1484954E+1,3.0000000E+0,,,
,0.0000000E+0,1.1488955E+1,1.0000000E+0,,,
,0.0000000E+0,1.1492955E+1,5.0000000E+0,,,
,0.0000000E+0,1.1496955E+1,5.0000000E+0,,,
,0.0000000E+0,1.1500956E+1,3.0000000E+0,,,
,0.0000000E+0,1.1504956E+1,7.0000000E+0,,,
,0.0000000E+0,1.1508956E+1,4.0000000E+0,,,
,0.0000000E+0,1.1512957E+1,4.0000000E+0,,,
,0.0000000E+0,1.1516957E+1,5.0000000E+0,,,
,0.0000000E+0,1.1520957E+1,4.0000000E+0,,,
,0.0000000E+0,1.1524958E+1,4.0000000E+0,,,
,0.0000000E+0,1.1528958E+1,4.0000000E+0,,,
,0.0000000E+0,1.1532958E+1,2.0000000E+0,,,
,0.0000000E+0,1.1536959E+1,5.0000000E+0,,,
,0.0000000E+0,1.1540959E+1,8.0000000E+0,,,
,0.0000000E+0,1.1544959E+1,6.0000000E+0,,,
,0.0000000E+0,1.1548960E+1,5.0000000E+0,,,
,0.0000000E+0,1.1552960E+1,2.0000000E+0,,,
,0.0000000E+0,1.1556960E+1,7.0000000E+0,,,
,0.0000000E+0,1.1560961E+1,7.0000000E+0,,,
,0.0000000E+0,1.1564961E+1,7.0000000E+0,,,
,0.0000000E+0,1.1568961E+1,4.0000000E+0,,,
,0.0000000E+0,1.1572962E+1,7.0000000E+0,,,
,0.0000000E+0,1.1576962E+1,2.0000000E+0,,,
,0.0000000E+0,1.1580962E+1,7.0000000E+0,,,
,0.0000000E+0,1.1584963E+1,7.0000000E+0,,,
,0.0000000E+0,1.1588963E+1,2.0000000E+0,,,
,0.0000000E+0,1.1592963E+1,6.0000000E+0,,,
,0.0000000E+0,1.1596964E+1,2.0000000E+0,,,
,0.0000000E+0,1.1600964E+1,8.0000000E+0,,,
,0.0000000E+0,1.1604964E+1,4.0000000E+0,,,
,0.0000000E+0,1.1608965E+1,6.0000000E+0,,,
,0.0000000E+0,1.1612965E+1,2.0000000E+0,,,
,0.0000000E+0,1.1616965E+1,7.0000000E+0,,,
,0.0000000E+0,1.1620966E+1,8.0000000E+0,,,
,0.0000000E+0,1.1624966E+1,6.0000000E+0,,,
,0.0000000E+0,1.1628966E+1,4.0000000E+0,,,
,0.0000000E+0,1.1632967E+1,2.0000000E+0,,,
,0.0000000E+0,1.1636967E+1,6.0000000E+0,,,
,0.0000000E+0,1.1640967E+1,5.0000000E+0,,,
,0.0000000E+0,1.1644968E+1,5.0000000E+0,,,
,0.0000000E+0,1.1648968E+1,4.0000000E+0,,,
,0.0000000E+0,1.1652968E+1,4.0000000E+0,,,
,0.0000000E+0,1.1656969E+1,2.0000000E+0,,,
,0.0000000E+0,1.1660969E+1,4.0000000E+0,,,
,0.0000000E+0,1.1664969E+1,5.0000000E+0,,,
,0.0000000E+0,1.1668970E+1,7.0000000E+0,,,
,0.0000000E+0,1.1672970E+1,3.0000000E+0,,,
,0.0000000E+0,1.1676970E+1,5.0000000E+0,,,
,0.0000000E+0,1.1680971E+1,1.0000000E+0,,,
,0.0000000E+0,1.1684971E+1,3.0000000E+0,,,
,0.0000000E+0,1.1688971E+1,5.0000000E+0,,,
,0.0000000E+0,1.1692972E+1,1.0000000E+0,,,
,0.0000000E+0,1.1696972E+1,9.0000000E+0,,,
,0.0000000E+0,1.1700972E+1,5.0000000E+0,,,
,0.0000000E+0,1.1704973E+1,6.0000000E+0,,,
,0.0000000E+0,1.1708973E+1,4.0000000E+0,,,
,0.0000000E+0,1.1712973E+1,3.0000000E+0,,,
,0.0000000E+0,1.1716974E+1,3.0000000E+0,,,
,0.0000000E+0,1.1720974E+1,7.0000000E+0,,,
,0.0000000E+0,1.1724974E+1,4.0000000E+0,,,
,0.0000000E+0,1.1728975E+1,7.0000000E+0,,,
,0.0000000E+0,1.1732975E+1,6.0000000E+0,,,
,0.0000000E+0,1.1736975E+1,4.0000000E+0,,,
,0.0000000E+0,1.1740976E+1,4.0000000E+0,,,
,0.0000000E+0,1.1744976E+1,3.0000000E+0,,,
,0.0000000E+0,1.1748976E+1,1.0000000E+0,,,
,0.0000000E+0,1.1752977E+1,1.0000000E+1,,,
,0.0000000E+0,1.1756977E+1,5.0000000E+0,,,
,0.0000000E+0,1.1760977E+1,7.0000000E+0,,,
,0.0000000E+0,1.1764978E+1,6.0000000E+0,,,
,0.0000000E+0,1.1768978E+1,3.0000000E+0,,,
,0.0000000E+0,1.1772978E+1,2.0000000E+0,,,
,0.0000000E+0,1.1776979E+1,7.0000000E+0,,,
,0.0000000E+0,1.1780979E+1,6.0000000E+0,,,
,0.0000000E+0,1.1784979E+1,5.0000000E+0,,,
,0.0000000E+0,1.1788980E+1,5.0000000E+0,,,
,0.0000000E+0,1.1792980E+1,5.0000000E+0,,,
,0.0000000E+0,1.1796980E+1,4.0000000E+0,,,
,0.0000000E+0,1.1800981E+1,4.0000000E+0,,,
,0.0000000E+0,1.1804981E+1,9.0000000E+0,,,
,0.0000000E+0,1.1808981E+1,6.0000000E+0,,,
,0.0000000E+0,1.1812982E+1,4.0000000E+0,,,
,0.0000000E+0,1.1816982E+1,4.0000000E+0,,,
,0.0000000E+0,1.1820982E+1,5.0000000E+0,,,
,0.0000000E+0,1.1824983E+1,2.0000000E+0,,,
,0.0000000E+0,1.1828983E+1,4.0000000E+0,,,
,0.0000000E+0,1.1832983E+1,7.0000000E+0,,,
,0.0000000E+0,1.1836984E+1,4.0000000E+0,,,
,0.0000000E+0,1.1840984E+1,6.0000000E+0,,,
,0.0000000E+0,1.1844984E+1,6.0000000E+0,,,
,0.0000000E+0,1.1848985E+1,5.0000000E+0,,,
,0.0000000E+0,1.1852985E+1,4.0000000E+0,,,
,0.0000000E+0,1.1856985E+1,1.0000000E+0,,,
,0.0000000E+0,1.1860986E+1,4.0000000E+0,,,
,0.0000000E+0,1.1864986E+1,6.0000000E+0,,,
,0.0000000E+0,1.1868986E+1,4.0000000E+0,,,
,0.0000000E+0,1.1872987E+1,5.0000000E+0,,,
,0.0000000E+0,1.1876987E+1,1.0000000E+0,,,
,0.0000000E+0,1.1880987E+1,6.0000000E+0,,,
,0.0000000E+0,1.1884988E+1,3.0000000E+0,,,
,0.0000000E+0,1.1888988E+1,3.0000000E+0,,,
,0.0000000E+0,1.1892988E+1,3.0000000E+0,,,
,0.0000000E+0,1.1896989E+1,4.0000000E+0,,,
,0.0000000E+0,1.1900989E+1,2.0000000E+0,,,
,0.0000000E+0,1.1904989E+1,3.0000000E+0,,,
,0.0000000E+0,1.1908990E+1,2.0000000E+0,,,
,0.0000000E+0,1.1912990E+1,5.0000000E+0,,,
,0.0000000E+0,1.1916990E+1,4.0000000E+0,,,
,0.0000000E+0,1.1920991E+1,2.0000000E+0,,,
,0.0000000E+0,1.1924991E+1,5.0000000E+0,,,
,0.0000000E+0,1.1928991E+1,3.0000000E+0,,,
,0.0000000E+0,1.1932992E+1,5.0000000E+0,,,
,0.0000000E+0,1.1936992E+1,4.0000000E+0,,,
,0.0000000E+0,1.1940992E+1,6.0000000E+0,,,
,0.0000000E+0,1.1944993E+1,4.0000000E+0,,,
,0.0000000E+0,1.1948993E+1,4.0000000E+0,,,
,0.0000000E+0,1.1952993E+1,3.0000000E+0,,,
,0.0000000E+0,1.1956994E+1,3.0000000E+0,,,
,0.0000000E+0,1.1960994E+1,5.0000000E+0,,,
,0.0000000E+0,1.1964994E+1,3.0000000E+0,,,
,0.0000000E+0,1.1968995E+1,3.0000000E+0,,,
,0.0000000E+0,1.1972995E+1,4.0000000E+0,,,
,0.0000000E+0,1.1976995E+1,1.0000000E+0,,,
,0.0000000E+0,1.1980996E+1,3.0000000E+0,,,
,0.0000000E+0,1.1984996E+1,9.0000000E+0,,,
,0.0000000E+0,1.1988996E+1,4.0000000E+0,,,
,0.0000000E+0,1.1992997E+1,8.0000000E+0,,,
,0.0000000E+0,1.1996997E+1,7.0000000E+0,,,
,0.0000000E+0,1.2000997E+1,4.0000000E+0,,,
,0.0000000E+0,1.2004998E+1,3.0000000E+0,,,
,0.0000000E+0,1.2008998E+1,5.0000000E+0,,,
,0.0000000E+0,1.2012998E+1,4.0000000E+0,,,
,0.0000000E+0,1.2016999E+1,4.0000000E+0,,,
,0.0000000E+0,1.2020999E+1,3.0000000E+0,,,
,0.0000000E+0,1.2024999E+1,3.0000000E+0,,,
,0.0000000E+0,1.2029000E+1,1.0000000E+0,,,
,0.0000000E+0,1.2033000E+1,6.0000000E+0,,,
,0.0000000E+0,1.2037000E+1,9.0000000E+0,,,
,0.0000000E+0,1.2041001E+1,2.0000000E+0,,,
,0.0000000E+0,1.2045001E+1,4.0000000E+0,,,
,0.0000000E+0,1.2049001E+1,6.0000000E+0,,,
,0.0000000E+0,1.2053002E+1,6.0000000E+0,,,
,0.0000000E+0,1.2057002E+1,6.0000000E+0,,,
,0.0000000E+0,1.2061002E+1,5.0000000E+0,,,
,0.0000000E+0,1.2065003E+1,2.0000000E+0,,,
,0.0000000E+0,1.2069003E+1,8.0000000E+0,,,
,0.0000000E+0,1.2073003E+1,3.0000000E+0,,,
,0.0000000E+0,1.2077004E+1,7.0000000E+0,,,
,0.0000000E+0,1.2081004E+1,2.0000000E+0,,,
,0.0000000E+0,1.2085004E+1,3.0000000E+0,,,
,0.0000000E+0,1.2089005E+1,5.0000000E+0,,,
,0.0000000E+0,1.2093005E+1,2.0000000E+0,,,
,0.0000000E+0,1.2097005E+1,6.0000000E+0,,,
,0.0000000E+0,1.2101006E+1,5.0000000E+0,,,
,0.0000000E+0,1.2105006E+1,2.0000000E+0,,,
,0.0000000E+0,1.2109006E+1,5.0000000E+0,,,
,0.0000000E+0,1.2113007E+1,3.0000000E+0,,,
,0.0000000E+0,1.2117007E+1,3.0000000E+0,,,
,0.0000000E+0,1.2121007E+1,3.0000000E+0,,,
,0.0000000E+0,1.2125008E+1,4.0000000E+0,,,
,0.0000000E+0,1.2129008E+1,6.0000000E+0,,,
,0.0000000E+0,1.2133008E+1,6.0000000E+0,,,
,0.0000000E+0,1.2137009E+1,3.0000000E+0,,,
,0.0000000E+0,1.2141009E+1,2.0000000E+0,,,
,0.0000000E+0,1.2145009E+1,6.0000000E+0,,,
,0.0000000E+0,1.2149010E+1,7.0000000E+0,,,
,0.0000000E+0,1.2153010E+1,2.0000000E+0,,,
,0.0000000E+0,1.2157010E+1,2.0000000E+0,,,
,0.0000000E+0,1.2161011E+1,6.0000000E+0,,,
,0.0000000E+0,1.2165011E+1,5.0000000E+0,,,
,0.0000000E+0,1.2169011E+1,0.0000000E+0,,,
,0.0000000E+0,1.2173012E+1,4.0000000E+0,,,
,0.0000000E+0,1.2177012E+1,3.0000000E+0,,,
,0.0000000E+0,1.2181012E+1,8.0000000E+0,,,
,0.0000000E+0,1.2185013E+1,3.0000000E+0,,,
,0.0000000E+0,1.2189013E+1,5.0000000E+0,,,
,0.0000000E+0,1.2193013E+1,2.0000000E+0,,,
,0.0000000E+0,1.2197014E+1,2.0000000E+0,,,
,0.0000000E+0,1.2201014E+1,8.0000000E+0,,,
,0.0000000E+0,1.2205014E+1,4.0000000E+0,,,
,0.0000000E+0,1.2209015E+1,1.0000000E+0,,,
,0.0000000E+0,1.2213015E+1,2.0000000E+0,,,
,0.0000000E+0,1.2217015E+1,3.0000000E+0,,,
,0.0000000E+0,1.2221016E+1,3.0000000E+0,,,
,0.0000000E+0,1.2225016E+1,4.0000000E+0,,,
,0.0000000E+0,1.2229016E+1,5.0000000E+0,,,
,0.0000000E+0,1.2233017E+1,5.0000000E+0,,,
,0.0000000E+0,1.2237017E+1,1.0000000E+0,,,
,0.0000000E+0,1.2241017E+1,2.0000000E+0,,,
,0.0000000E+0,1.2245018E+1,5.0000000E+0,,,
,0.0000000E+0,1.2249018E+1,3.0000000E+0,,,
,0.0000000E+0,1.2253018E+1,2.0000000E+0,,,
,0.0000000E+0,1.2257019E+1,9.0000000E+0,,,
,0.0000000E+0,1.2261019E+1,1.0000000E+0,,,
,0.0000000E+0,1.2265019E+1,3.0000000E+0,,,
,0.0000000E+0,1.2269020E+1,7.0000000E+0,,,
,0.0000000E+0,1.2273020E+1,6.0000000E+0,,,
,0.0000000E+0,1.2277020E+1,4.0000000E+0,,,
,0.0000000E+0,1.2281021E+1,6.0000000E+0,,,
,0.0000000E+0,1.2285021E+1,2.0000000E+0,,,
,0.0000000E+0,1.2289021E+1,5.0000000E+0,,,
,0.0000000E+0,1.2293022E+1,3.0000000E+0,,,
,0.0000000E+0,1.2297022E+1,5.0000000E+0,,,
,0.0000000E+0,1.2301022E+1,5.0000000E+0,,,
,0.0000000E+0,1.2305023E+1,2.0000000E+0,,,
,0.0000000E+0,1.2309023E+1,4.0000000E+0,,,
,0.0000000E+0,1.2313023E+1,4.0000000E+0,,,
,0.0000000E+0,1.2317024E+1,5.0000000E+0,,,
,0.0000000E+0,1.2321024E+1,3.0000000E+0,,,
,0.0000000E+0,1.2325024E+1,4.0000000E+0,,,
,0.0000000E+0,1.2329025E+1,2.0000000E+0,,,
,0.0000000E+0,1.2333025E+1,1.0000000E+0,,,
,0.0000000E+0,1.2337025E+1,7.0000000E+0,,,
,0.0000000E+0,1.2341026E+1,1.0000000E+0,,,
,0.0000000E+0,1.2345026E+1,7.0000000E+0,,,
,0.0000000E+0,1.2349026E+1,3.0000000E+0,,,
,0.0000000E+0,1.2353027E+1,6.0000000E+0,,,
,0.0000000E+0,1.2357027E+1,7.0000000E+0,,,
,0.0000000E+0,1.2361027E+1,5.0000000E+0,,,
,0.0000000E+0,1.2365028E+1,1.0000000E+0,,,
,0.0000000E+0,1.2369028E+1,4.0000000E+0,,,
,0.0000000E+0,1.2373028E+1,4.0000000E+0,,,
,0.0000000E+0,1.2377029E+1,3.0000000E+0,,,
,0.0000000E+0,1.2381029E+1,6.0000000E+0,,,
,0.0000000E+0,1.2385029E+1,8.0000000E+0,,,
,0.0000000E+0,1.2389030E+1,3.0000000E+0,,,
,0.0000000E+0,1.2393030E+1,2.0000000E+0,,,
,0.0000000E+0,1.2397030E+1,6.0000000E+0,,,
,0.0000000E+0,1.2401031E+1,4.0000000E+0,,,
,0.0000000E+0,1.2405031E+1,6.0000000E+0,,,
,0.0000000E+0,1.2409031E+1,4.0000000E+0,,,
,0.0000000E+0,1.2413032E+1,4.0000000E+0,,,
,0.0000000E+0,1.2417032E+1,1.0000000E+0,,,
,0.0000000E+0,1.2421032E+1,5.0000000E+0,,,
,0.0000000E+0,1.2425033E+1,8.0000000E+0,,,
,0.0000000E+0,1.2429033E+1,7.0000000E+0,,,
,0.0000000E+0,1.2433033E+1,3.0000000E+0,,,
,0.0000000E+0,1.2437034E+1,4.0000000E+0,,,
,0.0000000E+0,1.2441034E+1,4.0000000E+0,,,
,0.0000000E+0,1.2445034E+1,8.0000000E+0,,,
,0.0000000E+0,1.2449035E+1,3.0000000E+0,,,
,0.0000000E+0,1.2453035E+1,4.0000000E+0,,,
,0.0000000E+0,1.2457035E+1,7.0000000E+0,,,
,0.0000000E+0,1.2461036E+1,4.0000000E+0,,,
,0.0000000E+0,1.2465036E+1,4.0000000E+0,,,
,0.0000000E+0,1.2469036E+1,8.0000000E+0,,,
,0.0000000E+0,1.2473037E+1,5.0000000E+0,,,
,0.0000000E+0,1.2477037E+1,5.0000000E+0,,,
,0.0000000E+0,1.2481037E+1,8.0000000E+0,,,
,0.0000000E+0,1.2485038E+1,2.0000000E+0,,,
,0.0000000E+0,1.2489038E+1,7.0000000E+0,,,
,0.0000000E+0,1.2493038E+1,3.0000000E+0,,,
,0.0000000E+0,1.2497039E+1,5.0000000E+0,,,
,0.0000000E+0,1.2501039E+1,2.0000000E+0,,,
,0.0000000E+0,1.2505039E+1,7.0000000E+0,,,
,0.0000000E+0,1.2509040E+1,3.0000000E+0,,,
,0.0000000E+0,1.2513040E+1,0.0000000E+0,,,
,0.0000000E+0,1.2517040E+1,1.0000000E+0,,,
,0.0000000E+0,1.2521041E+1,2.0000000E+0,,,
,0.0000000E+0,1.2525041E+1,2.0000000E+0,,,
,0.0000000E+0,1.2529041E+1,4.0000000E+0,,,
,0.0000000E+0,1.2533042E+1,4.0000000E+0,,,
,0.0000000E+0,1.2537042E+1,4.0000000E+0,,,
,0.0000000E+0,1.2541042E+1,4.0000000E+0,,,
,0.0000000E+0,1.2545043E+1,6.0000000E+0,,,
,0.0000000E+0,1.2549043E+1,4.0000000E+0,,,
,0.0000000E+0,1.2553043E+1,6.0000000E+0,,,
,0.0000000E+0,1.2557044E+1,4.0000000E+0,,,
,0.0000000E+0,1.2561044E+1,1.0000000E+1,,,
,0.0000000E+0,1.2565044E+1,3.0000000E+0,,,
,0.0000000E+0,1.2569045E+1,3.0000000E+0,,,
,0.0000000E+0,1.2573045E+1,2.0000000E+0,,,
,0.0000000E+0,1.2577045E+1,3.0000000E+0,,,
,0.0000000E+0,1.2581045E+1,6.0000000E+0,,,
,0.0000000E+0,1.2585046E+1,8.0000000E+0,,,
,0.0000000E+0,1.2589046E+1,3.0000000E+0,,,
,0.0000000E+0,1.2593046E+1,5.0000000E+0,,,
,0.0000000E+0,1.2597047E+1,8.0000000E+0,,,
,0.0000000E+0,1.2601047E+1,7.0000000E+0,,,
,0.0000000E+0,1.2605047E+1,5.0000000E+0,,,
,0.0000000E+0,1.2609048E+1,4.0000000E+0,,,
,0.0000000E+0,1.2613048E+1,3.0000000E+0,,,
,0.0000000E+0,1.2617048E+1,7.0000000E+0,,,
,0.0000000E+0,1.2621049E+1,4.0000000E+0,,,
,0.0000000E+0,1.2625049E+1,6.0000000E+0,,,
,0.0000000E+0,1.2629049E+1,3.0000000E+0,,,
,0.0000000E+0,1.2633050E+1,2.0000000E+0,,,
,0.0000000E+0,1.2637050E+1,7.0000000E+0,,,
,0.0000000E+0,1.2641050E+1,3.0000000E+0,,,
,0.0000000E+0,1.2645051E+1,8.0000000E+0,,,
,0.0000000E+0,1.2649051E+1,5.0000000E+0,,,
,0.0000000E+0,1.2653051E+1,7.0000000E+0,,,
,0.0000000E+0,1.2657052E+1,3.0000000E+0,,,
,0.0000000E+0,1.2661052E+1,6.0000000E+0,,,
,0.0000000E+0,1.2665052E+1,2.0000000E+0,,,
,0.0000000E+0,1.2669053E+1,5.0000000E+0,,,
,0.0000000E+0,1.2673053E+1,2.0000000E+0,,,
,0.0000000E+0,1.2677053E+1,5.0000000E+0,,,
,0.0000000E+0,1.2681054E+1,7.0000000E+0,,,
,0.0000000E+0,1.2685054E+1,4.0000000E+0,,,
,0.0000000E+0,1.2689054E+1,5.0000000E+0,,,
,0.0000000E+0,1.2693055E+1,5.0000000E+0,,,
,0.0000000E+0,1.2697055E+1,6.0000000E+0,,,
,0.0000000E+0,1.2701055E+1,5.0000000E+0,,,
,0.0000000E+0,1.2705056E+1,4.0000000E+0,,,
,0.0000000E+0,1.2709056E+1,6.0000000E+0,,,
,0.0000000E+0,1.2713056E+1,3.0000000E+0,,,
,0.0000000E+0,1.2717057E+1,6.0000000E+0,,,
,0.0000000E+0,1.2721057E+1,1.0000000E+1,,,
,0.0000000E+0,1.2725057E+1,7.0000000E+0,,,
,0.0000000E+0,1.2729058E+1,3.0000000E+0,,,
,0.0000000E+0,1.2733058E+1,4.0000000E+0,,,
,0.0000000E+0,1.2737058E+1,2.0000000E+0,,,
,0.0000000E+0,1.2741059E+1,9.0000000E+0,,,
,0.0000000E+0,1.2745059E+1,5.0000000E+0,,,
,0.0000000E+0,1.2749059E+1,1.0000000E+1,,,
,0.0000000E+0,1.2753060E+1,5.0000000E+0,,,
,0.0000000E+0,1.2757060E+1,7.0000000E+0,,,
,0.0000000E+0,1.2761060E+1,7.0000000E+0,,,
,0.0000000E+0,1.2765061E+1,7.0000000E+0,,,
,0.0000000E+0,1.2769061E+1,6.0000000E+0,,,
,0.0000000E+0,1.2773061E+1,5.0000000E+0,,,
,0.0000000E+0,1.2777062E+1,8.0000000E+0,,,
,0.0000000E+0,1.2781062E+1,4.0000000E+0,,,
,0.0000000E+0,1.2785062E+1,4.0000000E+0,,,
,0.0000000E+0,1.2789063E+1,3.0000000E+0,,,
,0.0000000E+0,1.2793063E+1,6.0000000E+0,,,
,0.0000000E+0,1.2797063E+1,8.0000000E+0,,,
,0.0000000E+0,1.2801064E+1,4.0000000E+0,,,
,0.0000000E+0,1.2805064E+1,1.0000000E+1,,,
,0.0000000E+0,1.2809064E+1,7.0000000E+0,,,
,0.0000000E+0,1.2813065E+1,5.0000000E+0,,,
,0.0000000E+0,1.2817065E+1,7.0000000E+0,,,
,,,,,,
