Parameters Labels,Par_0,Wavelength0,Exp_0,,,
Scanner X,0.0000000E+0,0.0000000E+0,1.0000000E+0,,,
Scanner Y,0.0000000E+0,4.0003242E-3,8.0000000E+0,,,
Excitation Power,4.9316888E-9,8.0006484E-3,6.0000000E+0,,,
V_A,2.5733750E-6,1.2000973E-2,9.0000000E+0,,,
I_A,-3.4379630E-12,1.6001297E-2,3.0000000E+0,,,
V_B,1.5972050E-6,2.0001621E-2,4.0000000E+0,,,
I_B,3.3878800E-13,2.4001945E-2,4.0000000E+0,,,
PD_V,1.0512639E+1,2.8002270E-2,3.0000000E+0,,,
T,-1.0000000E+0,3.2002594E-2,6.0000000E+0,,,
SR865_R,-1.0000000E+0,3.6002918E-2,1.0000000E+1,,,
SR865_T,-1.0000000E+0,4.0003242E-2,9.0000000E+0,,,
SR865_AUX4,-1.0000000E+0,4.4003566E-2,5.0000000E+0,,,
Fianium_Varia_Central_Wavelength,8.0000000E+2,4.8003891E-2,5.0000000E+0,,,
Fianium_Varia_Bandwidth,1.0000000E+1,5.2004215E-2,4.0000000E+0,,,
Fianium_Laser_Power,9.0000000E+1,5.6004539E-2,4.0000000E+0,,,
Fianium_Varia_ND,0.0000000E+0,6.0004863E-2,6.0000000E+0,,,
NKT - Pulse Picker Ratio,1.0000000E+0,6.4005188E-2,5.0000000E+0,,,
Fianium_Select_W0,-1.0000000E+0,6.8005512E-2,6.0000000E+0,,,
Fianium_Select_W1,-1.0000000E+0,7.2005836E-2,1.2000000E+1,,,
Fianium_Select_W2,-1.0000000E+0,7.6006160E-2,5.0000000E+0,,,
Fianium_Select_W3,-1.0000000E+0,8.0006484E-2,4.0000000E+0,,,
Fianium_Select_W4,-1.0000000E+0,8.4006809E-2,6.0000000E+0,,,
Fianium_Select_W5,-1.0000000E+0,8.8007133E-2,7.0000000E+0,,,
Fianium_Select_W6,-1.0000000E+0,9.2007457E-2,3.0000000E+0,,,
Fianium_Select_W7,-1.0000000E+0,9.6007781E-2,6.0000000E+0,,,
Fianium_Select_A0,-1.0000000E+0,1.0000811E-1,8.0000000E+0,,,
Fianium_Select_A1,-1.0000000E+0,1.0400843E-1,7.0000000E+0,,,
Fianium_Select_A2,-1.0000000E+0,1.0800875E-1,5.0000000E+0,,,
Fianium_Select_A3,-1.0000000E+0,1.1200908E-1,6.0000000E+0,,,
Fianium_Select_A4,9.3000000E+4,1.1600940E-1,6.0000000E+0,,,
Fianium_Select_A5,7.7996720E+7,1.2000973E-1,5.0000000E+0,,,
Fianium_Select_A6,3.9048000E+5,1.2401005E-1,6.0000000E+0,,,
Fianium_Select_A7,1.0540000E+0,1.2801038E-1,4.0000000E+0,,,
33600A_Ch1_Vpp,-1.0000000E+0,1.3201070E-1,6.0000000E+0,,,
33600A_Ch1_Vdc,-1.0000000E+0,1.3601102E-1,9.0000000E+0,,,
33600A_Ch1_freq,-1.0000000E+0,1.4001135E-1,3.0000000E+0,,,
33600A_Ch2_Vpp,-1.0000000E+0,1.4401167E-1,1.1000000E+1,,,
33600A_Ch2_Vdc,-1.0000000E+0,1.4801200E-1,2.0000000E+0,,,
33600A_Ch2_freq,0.0000000E+0,1.5201232E-1,2.0000000E+0,,,
PG1072_V_High,0.0000000E+0,1.5601264E-1,6.0000000E+0,,,
PG1072_V_Low,0.0000000E+0,1.6001297E-1,4.0000000E+0,,,
PG1072_PulseWidth,0.0000000E+0,1.6401329E-1,7.0000000E+0,,,
PG1072_PulseDelay,0.0000000E+0,1.6801362E-1,4.0000000E+0,,,
PG1072_Frequency,0.0000000E+0,1.7201394E-1,9.0000000E+0,,,
Galvo_X,0.0000000E+0,1.7601427E-1,5.0000000E+0,,,
Galvo_Y,0.0000000E+0,1.8001459E-1,6.0000000E+0,,,
TCML - Actual Position,0.0000000E+0,1.8401491E-1,4.0000000E+0,,,
Picoharp - RepRate,0.0000000E+0,1.8801524E-1,5.0000000E+0,,,
Picoharp - Counts,0.0000000E+0,1.9201556E-1,3.0000000E+0,,,
Picoharp - Actual Measurement Time,0.0000000E+0,1.9601589E-1,8.0000000E+0,,,
Solstis - Target Wavelength,0.0000000E+0,2.0001621E-1,6.0000000E+0,,,
Solstis - Actual Wavelength from Wavemeter,0.0000000E+0,2.0401654E-1,9.0000000E+0,,,
Rotation Axis - Value,0.0000000E+0,2.0801686E-1,1.0000000E+0,,,
ZI Vpp1,0.0000000E+0,2.1201718E-1,9.0000000E+0,,,
ZI Voff1,0.0000000E+0,2.1601751E-1,4.0000000E+0,,,
ZI Vpp2,0.0000000E+0,2.2001783E-1,8.0000000E+0,,,
ZI Voff2,0.0000000E+0,2.2401816E-1,2.0000000E+0,,,
,0.0000000E+0,2.2801848E-1,3.0000000E+0,,,
,0.0000000E+0,2.3201880E-1,3.0000000E+0,,,
,0.0000000E+0,2.3601913E-1,4.0000000E+0,,,
,0.0000000E+0,2.4001945E-1,6.0000000E+0,,,
,0.0000000E+0,2.4401978E-1,1.0000000E+1,,,
,0.0000000E+0,2.4802010E-1,4.0000000E+0,,,
,0.0000000E+0,2.5202043E-1,1.1000000E+1,,,
,0.0000000E+0,2.5602075E-1,4.0000000E+0,,,
,0.0000000E+0,2.6002107E-1,5.0000000E+0,,,
,0.0000000E+0,2.6402140E-1,2.0000000E+0,,,
,0.0000000E+0,2.6802172E-1,6.0000000E+0,,,
,0.0000000E+0,2.7202205E-1,8.0000000E+0,,,
,0.0000000E+0,2.7602237E-1,5.0000000E+0,,,
,0.0000000E+0,2.8002270E-1,7.0000000E+0,,,
,0.0000000E+0,2.8402302E-1,1.0000000E+1,,,
,0.0000000E+0,2.8802334E-1,1.0000000E+1,,,
,0.0000000E+0,2.9202367E-1,6.0000000E+0,,,
,0.0000000E+0,2.9602399E-1,5.0000000E+0,,,
,0.0000000E+0,3.0002432E-1,6.0000000E+0,,,
,0.0000000E+0,3.0402464E-1,3.0000000E+0,,,
,0.0000000E+0,3.0802497E-1,9.0000000E+0,,,
,0.0000000E+0,3.1202529E-1,4.0000000E+0,,,
,0.0000000E+0,3.1602561E-1,1.0000000E+1,,,
,0.0000000E+0,3.2002594E-1,5.0000000E+0,,,
,0.0000000E+0,3.2402626E-1,5.0000000E+0,,,
,0.0000000E+0,3.2802659E-1,4.0000000E+0,,,
,0.0000000E+0,3.3202691E-1,1.1000000E+1,,,
,0.0000000E+0,3.3602723E-1,5.0000000E+0,,,
,0.0000000E+0,3.4002756E-1,9.0000000E+0,,,
,0.0000000E+0,3.4402788E-1,2.0000000E+0,,,
,0.0000000E+0,3.4802821E-1,5.0000000E+0,,,
,0.0000000E+0,3.5202853E-1,5.0000000E+0,,,
,0.0000000E+0,3.5602886E-1,1.1000000E+1,,,
,0.0000000E+0,3.6002918E-1,8.0000000E+0,,,
,0.0000000E+0,3.6402950E-1,9.0000000E+0,,,
,0.0000000E+0,3.6802983E-1,7.0000000E+0,,,
,0.0000000E+0,3.7203015E-1,2.0000000E+0,,,
,0.0000000E+0,3.7603048E-1,1.0000000E+1,,,
,0.0000000E+0,3.8003080E-1,8.0000000E+0,,,
,0.0000000E+0,3.8403113E-1,7.0000000E+0,,,
,0.0000000E+0,3.8803145E-1,9.0000000E+0,,,
,0.0000000E+0,3.9203177E-1,6.0000000E+0,,,
,0.0000000E+0,3.9603210E-1,5.0000000E+0,,,
,0.0000000E+0,4.0003242E-1,6.0000000E+0,,,
,0.0000000E+0,4.0403275E-1,4.0000000E+0,,,
,0.0000000E+0,4.0803307E-1,7.0000000E+0,,,
,0.0000000E+0,4.1203340E-1,1.0000000E+1,,,
,0.0000000E+0,4.1603372E-1,4.0000000E+0,,,
,0.0000000E+0,4.2003404E-1,9.0000000E+0,,,
,0.0000000E+0,4.2403437E-1,3.0000000E+0,,,
,0.0000000E+0,4.2803469E-1,2.0000000E+0,,,
,0.0000000E+0,4.3203502E-1,7.0000000E+0,,,
,0.0000000E+0,4.3603534E-1,6.0000000E+0,,,
,0.0000000E+0,4.4003566E-1,9.0000000E+0,,,
,0.0000000E+0,4.4403599E-1,5.0000000E+0,,,
,0.0000000E+0,4.4803631E-1,6.0000000E+0,,,
,0.0000000E+0,4.5203664E-1,3.0000000E+0,,,
,0.0000000E+0,4.5603696E-1,1.4000000E+1,,,
,0.0000000E+0,4.6003729E-1,6.0000000E+0,,,
,0.0000000E+0,4.6403761E-1,6.0000000E+0,,,
,0.0000000E+0,4.6803793E-1,8.0000000E+0,,,
,0.0000000E+0,4.7203826E-1,9.0000000E+0,,,
,0.0000000E+0,4.7603858E-1,5.0000000E+0,,,
,0.0000000E+0,4.8003891E-1,5.0000000E+0,,,
,0.0000000E+0,4.8403923E-1,6.0000000E+0,,,
,0.0000000E+0,4.8803956E-1,7.0000000E+0,,,
,0.0000000E+0,4.9203988E-1,5.0000000E+0,,,
,0.0000000E+0,4.9604020E-1,5.0000000E+0,,,
,0.0000000E+0,5.0004053E-1,8.0000000E+0,,,
,0.0000000E+0,5.0404085E-1,7.0000000E+0,,,
,0.0000000E+0,5.0804118E-1,4.0000000E+0,,,
,0.0000000E+0,5.1204150E-1,3.0000000E+0,,,
,0.0000000E+0,5.1604182E-1,9.0000000E+0,,,
,0.0000000E+0,5.2004215E-1,1.0000000E+0,,,
,0.0000000E+0,5.2404247E-1,7.0000000E+0,,,
,0.0000000E+0,5.2804280E-1,6.0000000E+0,,,
,0.0000000E+0,5.3204312E-1,6.0000000E+0,,,
,0.0000000E+0,5.3604345E-1,4.0000000E+0,,,
,0.0000000E+0,5.4004377E-1,2.0000000E+0,,,
,0.0000000E+0,5.4404409E-1,9.0000000E+0,,,
,0.0000000E+0,5.4804442E-1,2.0000000E+0,,,
,0.0000000E+0,5.5204474E-1,8.0000000E+0,,,
,0.0000000E+0,5.5604507E-1,6.0000000E+0,,,
,0.0000000E+0,5.6004539E-1,3.0000000E+0,,,
,0.0000000E+0,5.6404572E-1,5.0000000E+0,,,
,0.0000000E+0,5.6804604E-1,9.0000000E+0,,,
,0.0000000E+0,5.7204636E-1,7.0000000E+0,,,
,0.0000000E+0,5.7604669E-1,3.0000000E+0,,,
,0.0000000E+0,5.8004701E-1,4.0000000E+0,,,
,0.0000000E+0,5.8404734E-1,7.0000000E+0,,,
,0.0000000E+0,5.8804766E-1,5.0000000E+0,,,
,0.0000000E+0,5.9204799E-1,9.0000000E+0,,,
,0.0000000E+0,5.9604831E-1,7.0000000E+0,,,
,0.0000000E+0,6.0004863E-1,9.0000000E+0,,,
,0.0000000E+0,6.0404896E-1,4.0000000E+0,,,
,0.0000000E+0,6.0804928E-1,7.0000000E+0,,,
,0.0000000E+0,6.1204961E-1,5.0000000E+0,,,
,0.0000000E+0,6.1604993E-1,4.0000000E+0,,,
,0.0000000E+0,6.2005025E-1,2.0000000E+0,,,
,0.0000000E+0,6.2405058E-1,1.1000000E+1,,,
,0.0000000E+0,6.2805090E-1,1.3000000E+1,,,
,0.0000000E+0,6.3205123E-1,1.1000000E+1,,,
,0.0000000E+0,6.3605155E-1,7.0000000E+0,,,
,0.0000000E+0,6.4005188E-1,7.0000000E+0,,,
,0.0000000E+0,6.4405220E-1,5.0000000E+0,,,
,0.0000000E+0,6.4805252E-1,2.0000000E+0,,,
,0.0000000E+0,6.5205285E-1,7.0000000E+0,,,
,0.0000000E+0,6.5605317E-1,2.0000000E+0,,,
,0.0000000E+0,6.6005350E-1,5.0000000E+0,,,
,0.0000000E+0,6.6405382E-1,6.0000000E+0,,,
,0.0000000E+0,6.6805415E-1,8.0000000E+0,,,
,0.0000000E+0,6.7205447E-1,3.0000000E+0,,,
,0.0000000E+0,6.7605479E-1,6.0000000E+0,,,
,0.0000000E+0,6.8005512E-1,1.2000000E+1,,,
,0.0000000E+0,6.8405544E-1,2.0000000E+0,,,
,0.0000000E+0,6.8805577E-1,7.0000000E+0,,,
,0.0000000E+0,6.9205609E-1,4.0000000E+0,,,
,0.0000000E+0,6.9605641E-1,6.0000000E+0,,,
,0.0000000E+0,7.0005674E-1,2.0000000E+0,,,
,0.0000000E+0,7.0405706E-1,6.0000000E+0,,,
,0.0000000E+0,7.0805739E-1,4.0000000E+0,,,
,0.0000000E+0,7.1205771E-1,5.0000000E+0,,,
,0.0000000E+0,7.1605804E-1,7.0000000E+0,,,
,0.0000000E+0,7.2005836E-1,8.0000000E+0,,,
,0.0000000E+0,7.2405868E-1,6.0000000E+0,,,
,0.0000000E+0,7.2805901E-1,8.0000000E+0,,,
,0.0000000E+0,7.3205933E-1,1.0000000E+1,,,
,0.0000000E+0,7.3605966E-1,7.0000000E+0,,,
,0.0000000E+0,7.4005998E-1,1.1000000E+1,,,
,0.0000000E+0,7.4406031E-1,4.0000000E+0,,,
,0.0000000E+0,7.4806063E-1,3.0000000E+0,,,
,0.0000000E+0,7.5206095E-1,7.0000000E+0,,,
,0.0000000E+0,7.5606128E-1,5.0000000E+0,,,
,0.0000000E+0,7.6006160E-1,4.0000000E+0,,,
,0.0000000E+0,7.6406193E-1,5.0000000E+0,,,
,0.0000000E+0,7.6806225E-1,8.0000000E+0,,,
,0.0000000E+0,7.7206258E-1,4.0000000E+0,,,
,0.0000000E+0,7.7606290E-1,9.0000000E+0,,,
,0.0000000E+0,7.8006322E-1,1.1000000E+1,,,
,0.0000000E+0,7.8406355E-1,5.0000000E+0,,,
,0.0000000E+0,7.8806387E-1,7.0000000E+0,,,
,0.0000000E+0,7.9206420E-1,6.0000000E+0,,,
,0.0000000E+0,7.9606452E-1,4.0000000E+0,,,
,0.0000000E+0,8.0006484E-1,1.5000000E+1,,,
,0.0000000E+0,8.0406517E-1,3.0000000E+0,,,
,0.0000000E+0,8.0806549E-1,4.0000000E+0,,,
,0.0000000E+0,8.1206582E-1,4.0000000E+0,,,
,0.0000000E+0,8.1606614E-1,8.0000000E+0,,,
,0.0000000E+0,8.2006647E-1,3.0000000E+0,,,
,0.0000000E+0,8.2406679E-1,8.0000000E+0,,,
,0.0000000E+0,8.2806711E-1,7.0000000E+0,,,
,0.0000000E+0,8.3206744E-1,7.0000000E+0,,,
,0.0000000E+0,8.3606776E-1,6.0000000E+0,,,
,0.0000000E+0,8.4006809E-1,3.0000000E+0,,,
,0.0000000E+0,8.4406841E-1,1.0000000E+1,,,
,0.0000000E+0,8.4806874E-1,7.0000000E+0,,,
,0.0000000E+0,8.5206906E-1,5.0000000E+0,,,
,0.0000000E+0,8.5606938E-1,1.1000000E+1,,,
,0.0000000E+0,8.6006971E-1,4.0000000E+0,,,
,0.0000000E+0,8.6407003E-1,4.0000000E+0,,,
,0.0000000E+0,8.6807036E-1,8.0000000E+0,,,
,0.0000000E+0,8.7207068E-1,2.0000000E+0,,,
,0.0000000E+0,8.7607100E-1,7.0000000E+0,,,
,0.0000000E+0,8.8007133E-1,8.0000000E+0,,,
,0.0000000E+0,8.8407165E-1,5.0000000E+0,,,
,0.0000000E+0,8.8807198E-1,6.0000000E+0,,,
,0.0000000E+0,8.9207230E-1,2.0000000E+0,,,
,0.0000000E+0,8.9607263E-1,8.0000000E+0,,,
,0.0000000E+0,9.0007295E-1,1.0000000E+1,,,
,0.0000000E+0,9.0407327E-1,7.0000000E+0,,,
,0.0000000E+0,9.0807360E-1,4.0000000E+0,,,
,0.0000000E+0,9.1207392E-1,6.0000000E+0,,,
,0.0000000E+0,9.1607425E-1,4.0000000E+0,,,
,0.0000000E+0,9.2007457E-1,7.0000000E+0,,,
,0.0000000E+0,9.2407490E-1,4.0000000E+0,,,
,0.0000000E+0,9.2807522E-1,8.0000000E+0,,,
,0.0000000E+0,9.3207554E-1,5.0000000E+0,,,
,0.0000000E+0,9.3607587E-1,5.0000000E+0,,,
,0.0000000E+0,9.4007619E-1,6.0000000E+0,,,
,0.0000000E+0,9.4407652E-1,6.0000000E+0,,,
,0.0000000E+0,9.4807684E-1,3.0000000E+0,,,
,0.0000000E+0,9.5207717E-1,5.0000000E+0,,,
,0.0000000E+0,9.5607749E-1,9.0000000E+0,,,
,0.0000000E+0,9.6007781E-1,7.0000000E+0,,,
,0.0000000E+0,9.6407814E-1,6.0000000E+0,,,
,0.0000000E+0,9.6807846E-1,8.0000000E+0,,,
,0.0000000E+0,9.7207879E-1,1.0000000E+1,,,
,0.0000000E+0,9.7607911E-1,6.0000000E+0,,,
,0.0000000E+0,9.8007943E-1,4.0000000E+0,,,
,0.0000000E+0,9.8407976E-1,7.0000000E+0,,,
,0.0000000E+0,9.8808008E-1,8.0000000E+0,,,
,0.0000000E+0,9.9208041E-1,9.0000000E+0,,,
,0.0000000E+0,9.9608073E-1,4.0000000E+0,,,
,0.0000000E+0,1.0000811E+0,7.0000000E+0,,,
,0.0000000E+0,1.0040814E+0,6.0000000E+0,,,
,0.0000000E+0,1.0080817E+0,4.0000000E+0,,,
,0.0000000E+0,1.0120820E+0,6.0000000E+0,,,
,0.0000000E+0,1.0160824E+0,8.0000000E+0,,,
,0.0000000E+0,1.0200827E+0,6.0000000E+0,,,
,0.0000000E+0,1.0240830E+0,5.0000000E+0,,,
,0.0000000E+0,1.0280833E+0,3.0000000E+0,,,
,0.0000000E+0,1.0320836E+0,1.4000000E+1,,,
,0.0000000E+0,1.0360840E+0,9.0000000E+0,,,
,0.0000000E+0,1.0400843E+0,6.0000000E+0,,,
,0.0000000E+0,1.0440846E+0,5.0000000E+0,,,
,0.0000000E+0,1.0480849E+0,9.0000000E+0,,,
,0.0000000E+0,1.0520853E+0,4.0000000E+0,,,
,0.0000000E+0,1.0560856E+0,4.0000000E+0,,,
,0.0000000E+0,1.0600859E+0,8.0000000E+0,,,
,0.0000000E+0,1.0640862E+0,9.0000000E+0,,,
,0.0000000E+0,1.0680866E+0,7.0000000E+0,,,
,0.0000000E+0,1.0720869E+0,7.0000000E+0,,,
,0.0000000E+0,1.0760872E+0,5.0000000E+0,,,
,0.0000000E+0,1.0800875E+0,5.0000000E+0,,,
,0.0000000E+0,1.0840879E+0,1.1000000E+1,,,
,0.0000000E+0,1.0880882E+0,5.0000000E+0,,,
,0.0000000E+0,1.0920885E+0,3.0000000E+0,,,
,0.0000000E+0,1.0960888E+0,6.0000000E+0,,,
,0.0000000E+0,1.1000892E+0,1.2000000E+1,,,
,0.0000000E+0,1.1040895E+0,5.0000000E+0,,,
,0.0000000E+0,1.1080898E+0,1.1000000E+1,,,
,0.0000000E+0,1.1120901E+0,3.0000000E+0,,,
,0.0000000E+0,1.1160905E+0,5.0000000E+0,,,
,0.0000000E+0,1.1200908E+0,4.0000000E+0,,,
,0.0000000E+0,1.1240911E+0,8.0000000E+0,,,
,0.0000000E+0,1.1280914E+0,4.0000000E+0,,,
,0.0000000E+0,1.1320918E+0,5.0000000E+0,,,
,0.0000000E+0,1.1360921E+0,4.0000000E+0,,,
,0.0000000E+0,1.1400924E+0,5.0000000E+0,,,
,0.0000000E+0,1.1440927E+0,9.0000000E+0,,,
,0.0000000E+0,1.1480931E+0,0.0000000E+0,,,
,0.0000000E+0,1.1520934E+0,4.0000000E+0,,,
,0.0000000E+0,1.1560937E+0,9.0000000E+0,,,
,0.0000000E+0,1.1600940E+0,5.0000000E+0,,,
,0.0000000E+0,1.1640943E+0,7.0000000E+0,,,
,0.0000000E+0,1.1680947E+0,6.0000000E+0,,,
,0.0000000E+0,1.1720950E+0,5.0000000E+0,,,
,0.0000000E+0,1.1760953E+0,6.0000000E+0,,,
,0.0000000E+0,1.1800956E+0,3.0000000E+0,,,
,0.0000000E+0,1.1840960E+0,2.0000000E+0,,,
,0.0000000E+0,1.1880963E+0,7.0000000E+0,,,
,0.0000000E+0,1.1920966E+0,6.0000000E+0,,,
,0.0000000E+0,1.1960969E+0,5.0000000E+0,,,
,0.0000000E+0,1.2000973E+0,9.0000000E+0,,,
,0.0000000E+0,1.2040976E+0,4.0000000E+0,,,
,0.0000000E+0,1.2080979E+0,4.0000000E+0,,,
,0.0000000E+0,1.2120982E+0,1.0000000E+1,,,
,0.0000000E+0,1.2160986E+0,6.0000000E+0,,,
,0.0000000E+0,1.2200989E+0,8.0000000E+0,,,
,0.0000000E+0,1.2240992E+0,3.0000000E+0,,,
,0.0000000E+0,1.2280995E+0,3.0000000E+0,,,
,0.0000000E+0,1.2320999E+0,4.0000000E+0,,,
,0.0000000E+0,1.2361002E+0,2.0000000E+0,,,
,0.0000000E+0,1.2401005E+0,6.0000000E+0,,,
,0.0000000E+0,1.2441008E+0,2.0000000E+0,,,
,0.0000000E+0,1.2481012E+0,3.0000000E+0,,,
,0.0000000E+0,1.2521015E+0,1.0000000E+0,,,
,0.0000000E+0,1.2561018E+0,6.0000000E+0,,,
,0.0000000E+0,1.2601021E+0,4.0000000E+0,,,
,0.0000000E+0,1.2641025E+0,7.0000000E+0,,,
,0.0000000E+0,1.2681028E+0,4.0000000E+0,,,
,0.0000000E+0,1.2721031E+0,6.0000000E+0,,,
,0.0000000E+0,1.2761034E+0,3.0000000E+0,,,
,0.0000000E+0,1.2801038E+0,1.3000000E+1,,,
,0.0000000E+0,1.2841041E+0,5.0000000E+0,,,
,0.0000000E+0,1.2881044E+0,8.0000000E+0,,,
,0.0000000E+0,1.2921047E+0,7.0000000E+0,,,
,0.0000000E+0,1.2961050E+0,5.0000000E+0,,,
,0.0000000E+0,1.3001054E+0,8.0000000E+0,,,
,0.0000000E+0,1.3041057E+0,8.0000000E+0,,,
,0.0000000E+0,1.3081060E+0,9.0000000E+0,,,
,0.0000000E+0,1.3121063E+0,7.0000000E+0,,,
,0.0000000E+0,1.3161067E+0,5.0000000E+0,,,
,0.0000000E+0,1.3201070E+0,1.1000000E+1,,,
,0.0000000E+0,1.3241073E+0,1.0000000E+0,,,
,0.0000000E+0,1.3281076E+0,2.0000000E+0,,,
,0.0000000E+0,1.3321080E+0,4.0000000E+0,,,
,0.0000000E+0,1.3361083E+0,6.0000000E+0,,,
,0.0000000E+0,1.3401086E+0,5.0000000E+0,,,
,0.0000000E+0,1.3441089E+0,1.0000000E+1,,,
,0.0000000E+0,1.3481093E+0,6.0000000E+0,,,
,0.0000000E+0,1.3521096E+0,4.0000000E+0,,,
,0.0000000E+0,1.3561099E+0,8.0000000E+0,,,
,0.0000000E+0,1.3601102E+0,5.0000000E+0,,,
,0.0000000E+0,1.3641106E+0,5.0000000E+0,,,
,0.0000000E+0,1.3681109E+0,4.0000000E+0,,,
,0.0000000E+0,1.3721112E+0,1.6000000E+1,,,
,0.0000000E+0,1.3761115E+0,5.0000000E+0,,,
,0.0000000E+0,1.3801119E+0,4.0000000E+0,,,
,0.0000000E+0,1.3841122E+0,8.0000000E+0,,,
,0.0000000E+0,1.3881125E+0,4.0000000E+0,,,
,0.0000000E+0,1.3921128E+0,4.0000000E+0,,,
,0.0000000E+0,1.3961132E+0,5.0000000E+0,,,
,0.0000000E+0,1.4001135E+0,4.0000000E+0,,,
,0.0000000E+0,1.4041138E+0,7.0000000E+0,,,
,0.0000000E+0,1.4081141E+0,3.0000000E+0,,,
,0.0000000E+0,1.4121145E+0,1.0000000E+1,,,
,0.0000000E+0,1.4161148E+0,7.0000000E+0,,,
,0.0000000E+0,1.4201151E+0,1.1000000E+1,,,
,0.0000000E+0,1.4241154E+0,4.0000000E+0,,,
,0.0000000E+0,1.4281157E+0,3.0000000E+0,,,
,0.0000000E+0,1.4321161E+0,4.0000000E+0,,,
,0.0000000E+0,1.4361164E+0,3.0000000E+0,,,
,0.0000000E+0,1.4401167E+0,7.0000000E+0,,,
,0.0000000E+0,1.4441170E+0,1.0000000E+1,,,
,0.0000000E+0,1.4481174E+0,8.0000000E+0,,,
,0.0000000E+0,1.4521177E+0,7.0000000E+0,,,
,0.0000000E+0,1.4561180E+0,2.0000000E+0,,,
,0.0000000E+0,1.4601183E+0,4.0000000E+0,,,
,0.0000000E+0,1.4641187E+0,4.0000000E+0,,,
,0.0000000E+0,1.4681190E+0,5.0000000E+0,,,
,0.0000000E+0,1.4721193E+0,5.0000000E+0,,,
,0.0000000E+0,1.4761196E+0,5.0000000E+0,,,
,0.0000000E+0,1.4801200E+0,6.0000000E+0,,,
,0.0000000E+0,1.4841203E+0,2.0000000E+0,,,
,0.0000000E+0,1.4881206E+0,8.0000000E+0,,,
,0.0000000E+0,1.4921209E+0,8.0000000E+0,,,
,0.0000000E+0,1.4961213E+0,9.0000000E+0,,,
,0.0000000E+0,1.5001216E+0,4.0000000E+0,,,
,0.0000000E+0,1.5041219E+0,2.0000000E+0,,,
,0.0000000E+0,1.5081222E+0,1.4000000E+1,,,
,0.0000000E+0,1.5121226E+0,7.0000000E+0,,,
,0.0000000E+0,1.5161229E+0,1.1000000E+1,,,
,0.0000000E+0,1.5201232E+0,7.0000000E+0,,,
,0.0000000E+0,1.5241235E+0,9.0000000E+0,,,
,0.0000000E+0,1.5281239E+0,5.0000000E+0,,,
,0.0000000E+0,1.5321242E+0,5.0000000E+0,,,
,0.0000000E+0,1.5361245E+0,2.0000000E+0,,,
,0.0000000E+0,1.5401248E+0,6.0000000E+0,,,
,0.0000000E+0,1.5441252E+0,3.0000000E+0,,,
,0.0000000E+0,1.5481255E+0,2.0000000E+0,,,
,0.0000000E+0,1.5521258E+0,7.0000000E+0,,,
,0.0000000E+0,1.5561261E+0,8.0000000E+0,,,
,0.0000000E+0,1.5601264E+0,8.0000000E+0,,,
,0.0000000E+0,1.5641268E+0,5.0000000E+0,,,
,0.0000000E+0,1.5681271E+0,4.0000000E+0,,,
,0.0000000E+0,1.5721274E+0,6.0000000E+0,,,
,0.0000000E+0,1.5761277E+0,8.0000000E+0,,,
,0.0000000E+0,1.5801281E+0,8.0000000E+0,,,
,0.0000000E+0,1.5841284E+0,8.0000000E+0,,,
,0.0000000E+0,1.5881287E+0,5.0000000E+0,,,
,0.0000000E+0,1.5921290E+0,6.0000000E+0,,,
,0.0000000E+0,1.5961294E+0,5.0000000E+0,,,
,0.0000000E+0,1.6001297E+0,8.0000000E+0,,,
,0.0000000E+0,1.6041300E+0,8.0000000E+0,,,
,0.0000000E+0,1.6081303E+0,2.0000000E+0,,,
,0.0000000E+0,1.6121307E+0,7.0000000E+0,,,
,0.0000000E+0,1.6161310E+0,1.0000000E+1,,,
,0.0000000E+0,1.6201313E+0,6.0000000E+0,,,
,0.0000000E+0,1.6241316E+0,4.0000000E+0,,,
,0.0000000E+0,1.6281320E+0,4.0000000E+0,,,
,0.0000000E+0,1.6321323E+0,3.0000000E+0,,,
,0.0000000E+0,1.6361326E+0,7.0000000E+0,,,
,0.0000000E+0,1.6401329E+0,4.0000000E+0,,,
,0.0000000E+0,1.6441333E+0,6.0000000E+0,,,
,0.0000000E+0,1.6481336E+0,8.0000000E+0,,,
,0.0000000E+0,1.6521339E+0,8.0000000E+0,,,
,0.0000000E+0,1.6561342E+0,3.0000000E+0,,,
,0.0000000E+0,1.6601346E+0,3.0000000E+0,,,
,0.0000000E+0,1.6641349E+0,6.0000000E+0,,,
,0.0000000E+0,1.6681352E+0,2.0000000E+0,,,
,0.0000000E+0,1.6721355E+0,1.0000000E+0,,,
,0.0000000E+0,1.6761358E+0,1.0000000E+1,,,
,0.0000000E+0,1.6801362E+0,4.0000000E+0,,,
,0.0000000E+0,1.6841365E+0,4.0000000E+0,,,
,0.0000000E+0,1.6881368E+0,6.0000000E+0,,,
,0.0000000E+0,1.6921371E+0,3.0000000E+0,,,
,0.0000000E+0,1.6961375E+0,9.0000000E+0,,,
,0.0000000E+0,1.7001378E+0,3.0000000E+0,,,
,0.0000000E+0,1.7041381E+0,6.0000000E+0,,,
,0.0000000E+0,1.7081384E+0,9.0000000E+0,,,
,0.0000000E+0,1.7121388E+0,3.0000000E+0,,,
,0.0000000E+0,1.7161391E+0,6.0000000E+0,,,
,0.0000000E+0,1.7201394E+0,5.0000000E+0,,,
,0.0000000E+0,1.7241397E+0,1.0000000E+1,,,
,0.0000000E+0,1.7281401E+0,5.0000000E+0,,,
,0.0000000E+0,1.7321404E+0,7.0000000E+0,,,
,0.0000000E+0,1.7361407E+0,4.0000000E+0,,,
,0.0000000E+0,1.7401410E+0,8.0000000E+0,,,
,0.0000000E+0,1.7441414E+0,4.0000000E+0,,,
,0.0000000E+0,1.7481417E+0,3.0000000E+0,,,
,0.0000000E+0,1.7521420E+0,7.0000000E+0,,,
,0.0000000E+0,1.7561423E+0,5.0000000E+0,,,
,0.0000000E+0,1.7601427E+0,8.0000000E+0,,,
,0.0000000E+0,1.7641430E+0,6.0000000E+0,,,
,0.0000000E+0,1.7681433E+0,5.0000000E+0,,,
,0.0000000E+0,1.7721436E+0,5.0000000E+0,,,
,0.0000000E+0,1.7761440E+0,9.0000000E+0,,,
,0.0000000E+0,1.7801443E+0,6.0000000E+0,,,
,0.0000000E+0,1.7841446E+0,4.0000000E+0,,,
,0.0000000E+0,1.7881449E+0,4.0000000E+0,,,
,0.0000000E+0,1.7921453E+0,6.0000000E+0,,,
,0.0000000E+0,1.7961456E+0,4.0000000E+0,,,
,0.0000000E+0,1.8001459E+0,8.0000000E+0,,,
,0.0000000E+0,1.8041462E+0,6.0000000E+0,,,
,0.0000000E+0,1.8081465E+0,8.0000000E+0,,,
,0.0000000E+0,1.8121469E+0,1.0000000E+1,,,
,0.0000000E+0,1.8161472E+0,9.0000000E+0,,,
,0.0000000E+0,1.8201475E+0,7.0000000E+0,,,
,0.0000000E+0,1.8241478E+0,6.0000000E+0,,,
,0.0000000E+0,1.8281482E+0,5.0000000E+0,,,
,0.0000000E+0,1.8321485E+0,4.0000000E+0,,,
,0.0000000E+0,1.8361488E+0,6.0000000E+0,,,
,0.0000000E+0,1.8401491E+0,6.0000000E+0,,,
,0.0000000E+0,1.8441495E+0,3.0000000E+0,,,
,0.0000000E+0,1.8481498E+0,4.0000000E+0,,,
,0.0000000E+0,1.8521501E+0,3.0000000E+0,,,
,0.0000000E+0,1.8561504E+0,2.0000000E+0,,,
,0.0000000E+0,1.8601508E+0,5.0000000E+0,,,
,0.0000000E+0,1.8641511E+0,2.0000000E+0,,,
,0.0000000E+0,1.8681514E+0,6.0000000E+0,,,
,0.0000000E+0,1.8721517E+0,4.0000000E+0,,,
,0.0000000E+0,1.8761521E+0,5.0000000E+0,,,
,0.0000000E+0,1.8801524E+0,9.0000000E+0,,,
,0.0000000E+0,1.8841527E+0,1.0000000E+1,,,
,0.0000000E+0,1.8881530E+0,9.0000000E+0,,,
,0.0000000E+0,1.8921534E+0,9.0000000E+0,,,
,0.0000000E+0,1.8961537E+0,1.4000000E+1,,,
,0.0000000E+0,1.9001540E+0,7.0000000E+0,,,
,0.0000000E+0,1.9041543E+0,1.0000000E+0,,,
,0.0000000E+0,1.9081547E+0,1.3000000E+1,,,
,0.0000000E+0,1.9121550E+0,4.0000000E+0,,,
,0.0000000E+0,1.9161553E+0,2.0000000E+0,,,
,0.0000000E+0,1.9201556E+0,7.0000000E+0,,,
,0.0000000E+0,1.9241560E+0,9.0000000E+0,,,
,0.0000000E+0,1.9281563E+0,1.1000000E+1,,,
,0.0000000E+0,1.9321566E+0,9.0000000E+0,,,
,0.0000000E+0,1.9361569E+0,6.0000000E+0,,,
,0.0000000E+0,1.9401572E+0,6.0000000E+0,,,
,0.0000000E+0,1.9441576E+0,1.0000000E+1,,,
,0.0000000E+0,1.9481579E+0,8.0000000E+0,,,
,0.0000000E+0,1.9521582E+0,7.0000000E+0,,,
,0.0000000E+0,1.9561585E+0,7.0000000E+0,,,
,0.0000000E+0,1.9601589E+0,5.0000000E+0,,,
,0.0000000E+0,1.9641592E+0,8.0000000E+0,,,
,0.0000000E+0,1.9681595E+0,8.0000000E+0,,,
,0.0000000E+0,1.9721598E+0,2.0000000E+0,,,
,0.0000000E+0,1.9761602E+0,1.2000000E+1,,,
,0.0000000E+0,1.9801605E+0,6.0000000E+0,,,
,0.0000000E+0,1.9841608E+0,8.0000000E+0,,,
,0.0000000E+0,1.9881611E+0,6.0000000E+0,,,
,0.0000000E+0,1.9921615E+0,9.0000000E+0,,,
,0.0000000E+0,1.9961618E+0,1.0000000E+1,,,
,0.0000000E+0,2.0001621E+0,7.0000000E+0,,,
,0.0000000E+0,2.0041624E+0,1.0000000E+1,,,
,0.0000000E+0,2.0081628E+0,9.0000000E+0,,,
,0.0000000E+0,2.0121631E+0,8.0000000E+0,,,
,0.0000000E+0,2.0161634E+0,1.1000000E+1,,,
,0.0000000E+0,2.0201637E+0,1.3000000E+1,,,
,0.0000000E+0,2.0241641E+0,9.0000000E+0,,,
,0.0000000E+0,2.0281644E+0,1.0000000E+1,,,
,0.0000000E+0,2.0321647E+0,1.2000000E+1,,,
,0.0000000E+0,2.0361650E+0,7.0000000E+0,,,
,0.0000000E+0,2.0401654E+0,5.0000000E+0,,,
,0.0000000E+0,2.0441657E+0,8.0000000E+0,,,
,0.0000000E+0,2.0481660E+0,5.0000000E+0,,,
,0.0000000E+0,2.0521663E+0,8.0000000E+0,,,
,0.0000000E+0,2.0561667E+0,1.1000000E+1,,,
,0.0000000E+0,2.0601670E+0,5.0000000E+0,,,
,0.0000000E+0,2.0641673E+0,6.0000000E+0,,,
,0.0000000E+0,2.0681676E+0,8.0000000E+0,,,
,0.0000000E+0,2.0721679E+0,9.0000000E+0,,,
,0.0000000E+0,2.0761683E+0,4.0000000E+0,,,
,0.0000000E+0,2.0801686E+0,5.0000000E+0,,,
,0.0000000E+0,2.0841689E+0,8.0000000E+0,,,
,0.0000000E+0,2.0881692E+0,2.0000000E+0,,,
,0.0000000E+0,2.0921696E+0,5.0000000E+0,,,
,0.0000000E+0,2.0961699E+0,4.0000000E+0,,,
,0.0000000E+0,2.1001702E+0,4.0000000E+0,,,
,0.0000000E+0,2.1041705E+0,5.0000000E+0,,,
,0.0000000E+0,2.1081709E+0,7.0000000E+0,,,
,0.0000000E+0,2.1121712E+0,3.0000000E+0,,,
,0.0000000E+0,2.1161715E+0,6.0000000E+0,,,
,0.0000000E+0,2.1201718E+0,6.0000000E+0,,,
,0.0000000E+0,2.1241722E+0,4.0000000E+0,,,
,0.0000000E+0,2.1281725E+0,7.0000000E+0,,,
,0.0000000E+0,2.1321728E+0,3.0000000E+0,,,
,0.0000000E+0,2.1361731E+0,6.0000000E+0,,,
,0.0000000E+0,2.1401735E+0,1.0000000E+1,,,
,0.0000000E+0,2.1441738E+0,8.0000000E+0,,,
,0.0000000E+0,2.1481741E+0,5.0000000E+0,,,
,0.0000000E+0,2.1521744E+0,5.0000000E+0,,,
,0.0000000E+0,2.1561748E+0,4.0000000E+0,,,
,0.0000000E+0,2.1601751E+0,6.0000000E+0,,,
,0.0000000E+0,2.1641754E+0,8.0000000E+0,,,
,0.0000000E+0,2.1681757E+0,7.0000000E+0,,,
,0.0000000E+0,2.1721761E+0,8.0000000E+0,,,
,0.0000000E+0,2.1761764E+0,5.0000000E+0,,,
,0.0000000E+0,2.1801767E+0,4.0000000E+0,,,
,0.0000000E+0,2.1841770E+0,7.0000000E+0,,,
,0.0000000E+0,2.1881774E+0,1.0000000E+1,,,
,0.0000000E+0,2.1921777E+0,8.0000000E+0,,,
,0.0000000E+0,2.1961780E+0,7.0000000E+0,,,
,0.0000000E+0,2.2001783E+0,2.0000000E+0,,,
,0.0000000E+0,2.2041786E+0,6.0000000E+0,,,
,0.0000000E+0,2.2081790E+0,5.0000000E+0,,,
,0.0000000E+0,2.2121793E+0,4.0000000E+0,,,
,0.0000000E+0,2.2161796E+0,7.0000000E+0,,,
,0.0000000E+0,2.2201799E+0,2.0000000E+0,,,
,0.0000000E+0,2.2241803E+0,7.0000000E+0,,,
,0.0000000E+0,2.2281806E+0,9.0000000E+0,,,
,0.0000000E+0,2.2321809E+0,3.0000000E+0,,,
,0.0000000E+0,2.2361812E+0,3.0000000E+0,,,
,0.0000000E+0,2.2401816E+0,8.0000000E+0,,,
,0.0000000E+0,2.2441819E+0,7.0000000E+0,,,
,0.0000000E+0,2.2481822E+0,4.0000000E+0,,,
,0.0000000E+0,2.2521825E+0,6.0000000E+0,,,
,0.0000000E+0,2.2561829E+0,6.0000000E+0,,,
,0.0000000E+0,2.2601832E+0,6.0000000E+0,,,
,0.0000000E+0,2.2641835E+0,5.0000000E+0,,,
,0.0000000E+0,2.2681838E+0,1.0000000E+0,,,
,0.0000000E+0,2.2721842E+0,1.1000000E+1,,,
,0.0000000E+0,2.2761845E+0,8.0000000E+0,,,
,0.0000000E+0,2.2801848E+0,6.0000000E+0,,,
,0.0000000E+0,2.2841851E+0,3.0000000E+0,,,
,0.0000000E+0,2.2881855E+0,6.0000000E+0,,,
,0.0000000E+0,2.2921858E+0,6.0000000E+0,,,
,0.0000000E+0,2.2961861E+0,1.1000000E+1,,,
,0.0000000E+0,2.3001864E+0,3.0000000E+0,,,
,0.0000000E+0,2.3041868E+0,1.0000000E+1,,,
,0.0000000E+0,2.3081871E+0,1.0000000E+1,,,
,0.0000000E+0,2.3121874E+0,1.0000000E+0,,,
,0.0000000E+0,2.3161877E+0,1.4000000E+1,,,
,0.0000000E+0,2.3201880E+0,9.0000000E+0,,,
,0.0000000E+0,2.3241884E+0,3.0000000E+0,,,
,0.0000000E+0,2.3281887E+0,8.0000000E+0,,,
,0.0000000E+0,2.3321890E+0,8.0000000E+0,,,
,0.0000000E+0,2.3361893E+0,5.0000000E+0,,,
,0.0000000E+0,2.3401897E+0,1.1000000E+1,,,
,0.0000000E+0,2.3441900E+0,5.0000000E+0,,,
,0.0000000E+0,2.3481903E+0,3.0000000E+0,,,
,0.0000000E+0,2.3521906E+0,8.0000000E+0,,,
,0.0000000E+0,2.3561910E+0,3.0000000E+0,,,
,0.0000000E+0,2.3601913E+0,2.0000000E+0,,,
,0.0000000E+0,2.3641916E+0,9.0000000E+0,,,
,0.0000000E+0,2.3681919E+0,5.0000000E+0,,,
,0.0000000E+0,2.3721923E+0,8.0000000E+0,,,
,0.0000000E+0,2.3761926E+0,7.0000000E+0,,,
,0.0000000E+0,2.3801929E+0,3.0000000E+0,,,
,0.0000000E+0,2.3841932E+0,8.0000000E+0,,,
,0.0000000E+0,2.3881936E+0,8.0000000E+0,,,
,0.0000000E+0,2.3921939E+0,4.0000000E+0,,,
,0.0000000E+0,2.3961942E+0,6.0000000E+0,,,
,0.0000000E+0,2.4001945E+0,9.0000000E+0,,,
,0.0000000E+0,2.4041949E+0,7.0000000E+0,,,
,0.0000000E+0,2.4081952E+0,7.0000000E+0,,,
,0.0000000E+0,2.4121955E+0,1.0000000E+0,,,
,0.0000000E+0,2.4161958E+0,7.0000000E+0,,,
,0.0000000E+0,2.4201962E+0,1.1000000E+1,,,
,0.0000000E+0,2.4241965E+0,9.0000000E+0,,,
,0.0000000E+0,2.4281968E+0,6.0000000E+0,,,
,0.0000000E+0,2.4321971E+0,8.0000000E+0,,,
,0.0000000E+0,2.4361975E+0,6.0000000E+0,,,
,0.0000000E+0,2.4401978E+0,7.0000000E+0,,,
,0.0000000E+0,2.4441981E+0,5.0000000E+0,,,
,0.0000000E+0,2.4481984E+0,3.0000000E+0,,,
,0.0000000E+0,2.4521987E+0,6.0000000E+0,,,
,0.0000000E+0,2.4561991E+0,6.0000000E+0,,,
,0.0000000E+0,2.4601994E+0,8.0000000E+0,,,
,0.0000000E+0,2.4641997E+0,6.0000000E+0,,,
,0.0000000E+0,2.4682000E+0,6.0000000E+0,,,
,0.0000000E+0,2.4722004E+0,5.0000000E+0,,,
,0.0000000E+0,2.4762007E+0,5.0000000E+0,,,
,0.0000000E+0,2.4802010E+0,7.0000000E+0,,,
,0.0000000E+0,2.4842013E+0,9.0000000E+0,,,
,0.0000000E+0,2.4882017E+0,6.0000000E+0,,,
,0.0000000E+0,2.4922020E+0,3.0000000E+0,,,
,0.0000000E+0,2.4962023E+0,4.0000000E+0,,,
,0.0000000E+0,2.5002026E+0,8.0000000E+0,,,
,0.0000000E+0,2.5042030E+0,3.0000000E+0,,,
,0.0000000E+0,2.5082033E+0,5.0000000E+0,,,
,0.0000000E+0,2.5122036E+0,2.0000000E+0,,,
,0.0000000E+0,2.5162039E+0,8.0000000E+0,,,
,0.0000000E+0,2.5202043E+0,8.0000000E+0,,,
,0.0000000E+0,2.5242046E+0,6.0000000E+0,,,
,0.0000000E+0,2.5282049E+0,4.0000000E+0,,,
,0.0000000E+0,2.5322052E+0,1.2000000E+1,,,
,0.0000000E+0,2.5362056E+0,5.0000000E+0,,,
,0.0000000E+0,2.5402059E+0,1.1000000E+1,,,
,0.0000000E+0,2.5442062E+0,9.0000000E+0,,,
,0.0000000E+0,2.5482065E+0,9.0000000E+0,,,
,0.0000000E+0,2.5522069E+0,7.0000000E+0,,,
,0.0000000E+0,2.5562072E+0,4.0000000E+0,,,
,0.0000000E+0,2.5602075E+0,4.0000000E+0,,,
,0.0000000E+0,2.5642078E+0,4.0000000E+0,,,
,0.0000000E+0,2.5682082E+0,4.0000000E+0,,,
,0.0000000E+0,2.5722085E+0,7.0000000E+0,,,
,0.0000000E+0,2.5762088E+0,6.0000000E+0,,,
,0.0000000E+0,2.5802091E+0,6.0000000E+0,,,
,0.0000000E+0,2.5842094E+0,7.0000000E+0,,,
,0.0000000E+0,2.5882098E+0,7.0000000E+0,,,
,0.0000000E+0,2.5922101E+0,8.0000000E+0,,,
,0.0000000E+0,2.5962104E+0,3.0000000E+0,,,
,0.0000000E+0,2.6002107E+0,8.0000000E+0,,,
,0.0000000E+0,2.6042111E+0,8.0000000E+0,,,
,0.0000000E+0,2.6082114E+0,7.0000000E+0,,,
,0.0000000E+0,2.6122117E+0,4.0000000E+0,,,
,0.0000000E+0,2.6162120E+0,4.0000000E+0,,,
,0.0000000E+0,2.6202124E+0,6.0000000E+0,,,
,0.0000000E+0,2.6242127E+0,5.0000000E+0,,,
,0.0000000E+0,2.6282130E+0,6.0000000E+0,,,
,0.0000000E+0,2.6322133E+0,6.0000000E+0,,,
,0.0000000E+0,2.6362137E+0,5.0000000E+0,,,
,0.0000000E+0,2.6402140E+0,5.0000000E+0,,,
,0.0000000E+0,2.6442143E+0,6.0000000E+0,,,
,0.0000000E+0,2.6482146E+0,6.0000000E+0,,,
,0.0000000E+0,2.6522150E+0,6.0000000E+0,,,
,0.0000000E+0,2.6562153E+0,5.0000000E+0,,,
,0.0000000E+0,2.6602156E+0,8.0000000E+0,,,
,0.0000000E+0,2.6642159E+0,2.0000000E+0,,,
,0.0000000E+0,2.6682163E+0,5.0000000E+0,,,
,0.0000000E+0,2.6722166E+0,1.1000000E+1,,,
,0.0000000E+0,2.6762169E+0,8.0000000E+0,,,
,0.0000000E+0,2.6802172E+0,9.0000000E+0,,,
,0.0000000E+0,2.6842176E+0,6.0000000E+0,,,
,0.0000000E+0,2.6882179E+0,3.0000000E+0,,,
,0.0000000E+0,2.6922182E+0,7.0000000E+0,,,
,0.0000000E+0,2.6962185E+0,6.0000000E+0,,,
,0.0000000E+0,2.7002189E+0,6.0000000E+0,,,
,0.0000000E+0,2.7042192E+0,6.0000000E+0,,,
,0.0000000E+0,2.7082195E+0,5.0000000E+0,,,
,0.0000000E+0,2.7122198E+0,7.0000000E+0,,,
,0.0000000E+0,2.7162201E+0,5.0000000E+0,,,
,0.0000000E+0,2.7202205E+0,4.0000000E+0,,,
,0.0000000E+0,2.7242208E+0,5.0000000E+0,,,
,0.0000000E+0,2.7282211E+0,6.0000000E+0,,,
,0.0000000E+0,2.7322214E+0,4.0000000E+0,,,
,0.0000000E+0,2.7362218E+0,1.1000000E+1,,,
,0.0000000E+0,2.7402221E+0,1.1000000E+1,,,
,0.0000000E+0,2.7442224E+0,7.0000000E+0,,,
,0.0000000E+0,2.7482227E+0,6.0000000E+0,,,
,0.0000000E+0,2.7522231E+0,1.0000000E+0,,,
,0.0000000E+0,2.7562234E+0,6.0000000E+0,,,
,0.0000000E+0,2.7602237E+0,4.0000000E+0,,,
,0.0000000E+0,2.7642240E+0,8.0000000E+0,,,
,0.0000000E+0,2.7682244E+0,7.0000000E+0,,,
,0.0000000E+0,2.7722247E+0,7.0000000E+0,,,
,0.0000000E+0,2.7762250E+0,5.0000000E+0,,,
,0.0000000E+0,2.7802253E+0,1.2000000E+1,,,
,0.0000000E+0,2.7842257E+0,1.7000000E+1,,,
,0.0000000E+0,2.7882260E+0,2.0000000E+1,,,
,0.0000000E+0,2.7922263E+0,4.3000000E+1,,,
,0.0000000E+0,2.7962266E+0,4.0000000E+1,,,
,0.0000000E+0,2.8002270E+0,5.7000000E+1,,,
,0.0000000E+0,2.8042273E+0,1.1300000E+2,,,
,0.0000000E+0,2.8082276E+0,1.9400000E+2,,,
,0.0000000E+0,2.8122279E+0,2.2300000E+2,,,
,0.0000000E+0,2.8162283E+0,3.3900000E+2,,,
,0.0000000E+0,2.8202286E+0,4.2600000E+2,,,
,0.0000000E+0,2.8242289E+0,6.1300000E+2,,,
,0.0000000E+0,2.8282292E+0,7.8700000E+2,,,
,0.0000000E+0,2.8322296E+0,1.0300000E+3,,,
,0.0000000E+0,2.8362299E+0,1.2950000E+3,,,
,0.0000000E+0,2.8402302E+0,1.4960000E+3,,,
,0.0000000E+0,2.8442305E+0,1.8830000E+3,,,
,0.0000000E+0,2.8482308E+0,2.3340000E+3,,,
,0.0000000E+0,2.8522312E+0,2.7720000E+3,,,
,0.0000000E+0,2.8562315E+0,3.5050000E+3,,,
,0.0000000E+0,2.8602318E+0,4.3640000E+3,,,
,0.0000000E+0,2.8642321E+0,5.5390000E+3,,,
,0.0000000E+0,2.8682325E+0,7.1550000E+3,,,
,0.0000000E+0,2.8722328E+0,8.6160000E+3,,,
,0.0000000E+0,2.8762331E+0,1.0315000E+4,,,
,0.0000000E+0,2.8802334E+0,1.2050000E+4,,,
,0.0000000E+0,2.8842338E+0,1.3763000E+4,,,
,0.0000000E+0,2.8882341E+0,1.4502000E+4,,,
,0.0000000E+0,2.8922344E+0,1.5184000E+4,,,
,0.0000000E+0,2.8962347E+0,1.5146000E+4,,,
,0.0000000E+0,2.9002351E+0,1.4244000E+4,,,
,0.0000000E+0,2.9042354E+0,1.3046000E+4,,,
,0.0000000E+0,2.9082357E+0,1.1558000E+4,,,
,0.0000000E+0,2.9122360E+0,9.9080000E+3,,,
,0.0000000E+0,2.9162364E+0,8.2440000E+3,,,
,0.0000000E+0,2.9202367E+0,7.0220000E+3,,,
,0.0000000E+0,2.9242370E+0,5.8490000E+3,,,
,0.0000000E+0,2.9282373E+0,5.1740000E+3,,,
,0.0000000E+0,2.9322377E+0,4.3790000E+3,,,
,0.0000000E+0,2.9362380E+0,3.9550000E+3,,,
,0.0000000E+0,2.9402383E+0,3.7050000E+3,,,
,0.0000000E+0,2.9442386E+0,3.5050000E+3,,,
,0.0000000E+0,2.9482390E+0,3.2870000E+3,,,
,0.0000000E+0,2.9522393E+0,3.1170000E+3,,,
,0.0000000E+0,2.9562396E+0,2.9070000E+3,,,
,0.0000000E+0,2.9602399E+0,2.8120000E+3,,,
,0.0000000E+0,2.9642402E+0,2.7340000E+3,,,
,0.0000000E+0,2.9682406E+0,2.5780000E+3,,,
,0.0000000E+0,2.9722409E+0,2.4820000E+3,,,
,0.0000000E+0,2.9762412E+0,2.3010000E+3,,,
,0.0000000E+0,2.9802415E+0,2.3410000E+3,,,
,0.0000000E+0,2.9842419E+0,2.1980000E+3,,,
,0.0000000E+0,2.9882422E+0,2.1130000E+3,,,
,0.0000000E+0,2.9922425E+0,2.0320000E+3,,,
,0.0000000E+0,2.9962428E+0,1.9730000E+3,,,
,0.0000000E+0,3.0002432E+0,1.8790000E+3,,,
,0.0000000E+0,3.0042435E+0,1.8600000E+3,,,
,0.0000000E+0,3.0082438E+0,1.8720000E+3,,,
,0.0000000E+0,3.0122441E+0,1.7790000E+3,,,
,0.0000000E+0,3.0162445E+0,1.7270000E+3,,,
,0.0000000E+0,3.0202448E+0,1.6630000E+3,,,
,0.0000000E+0,3.0242451E+0,1.6710000E+3,,,
,0.0000000E+0,3.0282454E+0,1.5840000E+3,,,
,0.0000000E+0,3.0322458E+0,1.6230000E+3,,,
,0.0000000E+0,3.0362461E+0,1.5010000E+3,,,
,0.0000000E+0,3.0402464E+0,1.5280000E+3,,,
,0.0000000E+0,3.0442467E+0,1.4900000E+3,,,
,0.0000000E+0,3.0482471E+0,1.4140000E+3,,,
,0.0000000E+0,3.0522474E+0,1.4380000E+3,,,
,0.0000000E+0,3.0562477E+0,1.4150000E+3,,,
,0.0000000E+0,3.0602480E+0,1.4010000E+3,,,
,0.0000000E+0,3.0642484E+0,1.4090000E+3,,,
,0.0000000E+0,3.0682487E+0,1.3380000E+3,,,
,0.0000000E+0,3.0722490E+0,1.3280000E+3,,,
,0.0000000E+0,3.0762493E+0,1.2900000E+3,,,
,0.0000000E+0,3.0802497E+0,1.3610000E+3,,,
,0.0000000E+0,3.0842500E+0,1.2800000E+3,,,
,0.0000000E+0,3.0882503E+0,1.2040000E+3,,,
,0.0000000E+0,3.0922506E+0,1.2260000E+3,,,
,0.0000000E+0,3.0962509E+0,1.1830000E+3,,,
,0.0000000E+0,3.1002513E+0,1.1360000E+3,,,
,0.0000000E+0,3.1042516E+0,1.1280000E+3,,,
,0.0000000E+0,3.1082519E+0,1.1760000E+3,,,
,0.0000000E+0,3.1122522E+0,1.1180000E+3,,,
,0.0000000E+0,3.1162526E+0,1.1180000E+3,,,
,0.0000000E+0,3.1202529E+0,1.1050000E+3,,,
,0.0000000E+0,3.1242532E+0,1.1420000E+3,,,
,0.0000000E+0,3.1282535E+0,1.0790000E+3,,,
,0.0000000E+0,3.1322539E+0,1.0990000E+3,,,
,0.0000000E+0,3.1362542E+0,1.0010000E+3,,,
,0.0000000E+0,3.1402545E+0,9.9800000E+2,,,
,0.0000000E+0,3.1442548E+0,9.9700000E+2,,,
,0.0000000E+0,3.1482552E+0,9.4200000E+2,,,
,0.0000000E+0,3.1522555E+0,9.4700000E+2,,,
,0.0000000E+0,3.1562558E+0,9.7700000E+2,,,
,0.0000000E+0,3.1602561E+0,9.8400000E+2,,,
,0.0000000E+0,3.1642565E+0,9.8700000E+2,,,
,0.0000000E+0,3.1682568E+0,9.0800000E+2,,,
,0.0000000E+0,3.1722571E+0,9.1700000E+2,,,
,0.0000000E+0,3.1762574E+0,8.7400000E+2,,,
,0.0000000E+0,3.1802578E+0,8.6900000E+2,,,
,0.0000000E+0,3.1842581E+0,8.2000000E+2,,,
,0.0000000E+0,3.1882584E+0,8.5500000E+2,,,
,0.0000000E+0,3.1922587E+0,8.5200000E+2,,,
,0.0000000E+0,3.1962591E+0,8.1100000E+2,,,
,0.0000000E+0,3.2002594E+0,8.1000000E+2,,,
,0.0000000E+0,3.2042597E+0,7.9100000E+2,,,
,0.0000000E+0,3.2082600E+0,8.2300000E+2,,,
,0.0000000E+0,3.2122604E+0,8.0700000E+2,,,
,0.0000000E+0,3.2162607E+0,7.9900000E+2,,,
,0.0000000E+0,3.2202610E+0,7.1600000E+2,,,
,0.0000000E+0,3.2242613E+0,7.5400000E+2,,,
,0.0000000E+0,3.2282616E+0,7.9200000E+2,,,
,0.0000000E+0,3.2322620E+0,7.5400000E+2,,,
,0.0000000E+0,3.2362623E+0,7.5500000E+2,,,
,0.0000000E+0,3.2402626E+0,6.9000000E+2,,,
,0.0000000E+0,3.2442629E+0,7.3700000E+2,,,
,0.0000000E+0,3.2482633E+0,7.2200000E+2,,,
,0.0000000E+0,3.2522636E+0,6.7400000E+2,,,
,0.0000000E+0,3.2562639E+0,6.6500000E+2,,,
,0.0000000E+0,3.2602642E+0,6.3800000E+2,,,
,0.0000000E+0,3.2642646E+0,6.6400000E+2,,,
,0.0000000E+0,3.2682649E+0,6.5300000E+2,,,
,0.0000000E+0,3.2722652E+0,6.2100000E+2,,,
,0.0000000E+0,3.2762655E+0,6.4800000E+2,,,
,0.0000000E+0,3.2802659E+0,6.4400000E+2,,,
,0.0000000E+0,3.2842662E+0,6.1900000E+2,,,
,0.0000000E+0,3.2882665E+0,6.0500000E+2,,,
,0.0000000E+0,3.2922668E+0,5.8300000E+2,,,
,0.0000000E+0,3.2962672E+0,5.6100000E+2,,,
,0.0000000E+0,3.3002675E+0,6.1700000E+2,,,
,0.0000000E+0,3.3042678E+0,5.6800000E+2,,,
,0.0000000E+0,3.3082681E+0,5.9000000E+2,,,
,0.0000000E+0,3.3122685E+0,5.6900000E+2,,,
,0.0000000E+0,3.3162688E+0,5.1900000E+2,,,
,0.0000000E+0,3.3202691E+0,5.3400000E+2,,,
,0.0000000E+0,3.3242694E+0,5.6400000E+2,,,
,0.0000000E+0,3.3282698E+0,5.1100000E+2,,,
,0.0000000E+0,3.3322701E+0,5.1900000E+2,,,
,0.0000000E+0,3.3362704E+0,5.1400000E+2,,,
,0.0000000E+0,3.3402707E+0,5.4800000E+2,,,
,0.0000000E+0,3.3442711E+0,5.5500000E+2,,,
,0.0000000E+0,3.3482714E+0,4.7600000E+2,,,
,0.0000000E+0,3.3522717E+0,5.2200000E+2,,,
,0.0000000E+0,3.3562720E+0,4.7400000E+2,,,
,0.0000000E+0,3.3602723E+0,4.6500000E+2,,,
,0.0000000E+0,3.3642727E+0,4.6600000E+2,,,
,0.0000000E+0,3.3682730E+0,4.4900000E+2,,,
,0.0000000E+0,3.3722733E+0,4.9500000E+2,,,
,0.0000000E+0,3.3762736E+0,4.3800000E+2,,,
,0.0000000E+0,3.3802740E+0,4.7400000E+2,,,
,0.0000000E+0,3.3842743E+0,4.3400000E+2,,,
,0.0000000E+0,3.3882746E+0,4.1900000E+2,,,
,0.0000000E+0,3.3922749E+0,4.1200000E+2,,,
,0.0000000E+0,3.3962753E+0,4.0800000E+2,,,
,0.0000000E+0,3.4002756E+0,4.1300000E+2,,,
,0.0000000E+0,3.4042759E+0,4.2200000E+2,,,
,0.0000000E+0,3.4082762E+0,4.0100000E+2,,,
,0.0000000E+0,3.4122766E+0,4.0500000E+2,,,
,0.0000000E+0,3.4162769E+0,3.8000000E+2,,,
,0.0000000E+0,3.4202772E+0,3.8000000E+2,,,
,0.0000000E+0,3.4242775E+0,3.7200000E+2,,,
,0.0000000E+0,3.4282779E+0,3.8900000E+2,,,
,0.0000000E+0,3.4322782E+0,3.7000000E+2,,,
,0.0000000E+0,3.4362785E+0,3.7600000E+2,,,
,0.0000000E+0,3.4402788E+0,3.4900000E+2,,,
,0.0000000E+0,3.4442792E+0,3.7600000E+2,,,
,0.0000000E+0,3.4482795E+0,3.3000000E+2,,,
,0.0000000E+0,3.4522798E+0,3.6700000E+2,,,
,0.0000000E+0,3.4562801E+0,3.5000000E+2,,,
,0.0000000E+0,3.4602805E+0,3.5600000E+2,,,
,0.0000000E+0,3.4642808E+0,3.1400000E+2,,,
,0.0000000E+0,3.4682811E+0,3.3000000E+2,,,
,0.0000000E+0,3.4722814E+0,3.2400000E+2,,,
,0.0000000E+0,3.4762818E+0,3.1500000E+2,,,
,0.0000000E+0,3.4802821E+0,3.3000000E+2,,,
,0.0000000E+0,3.4842824E+0,3.3700000E+2,,,
,0.0000000E+0,3.4882827E+0,3.2600000E+2,,,
,0.0000000E+0,3.4922830E+0,2.8200000E+2,,,
,0.0000000E+0,3.4962834E+0,3.1800000E+2,,,
,0.0000000E+0,3.5002837E+0,3.1000000E+2,,,
,0.0000000E+0,3.5042840E+0,3.2800000E+2,,,
,0.0000000E+0,3.5082843E+0,2.8600000E+2,,,
,0.0000000E+0,3.5122847E+0,2.7400000E+2,,,
,0.0000000E+0,3.5162850E+0,3.0700000E+2,,,
,0.0000000E+0,3.5202853E+0,2.9800000E+2,,,
,0.0000000E+0,3.5242856E+0,2.9000000E+2,,,
,0.0000000E+0,3.5282860E+0,2.7300000E+2,,,
,0.0000000E+0,3.5322863E+0,2.9400000E+2,,,
,0.0000000E+0,3.5362866E+0,2.8300000E+2,,,
,0.0000000E+0,3.5402869E+0,2.4000000E+2,,,
,0.0000000E+0,3.5442873E+0,2.6300000E+2,,,
,0.0000000E+0,3.5482876E+0,2.6100000E+2,,,
,0.0000000E+0,3.5522879E+0,2.6400000E+2,,,
,0.0000000E+0,3.5562882E+0,2.5900000E+2,,,
,0.0000000E+0,3.5602886E+0,2.5100000E+2,,,
,0.0000000E+0,3.5642889E+0,2.5100000E+2,,,
,0.0000000E+0,3.5682892E+0,2.6200000E+2,,,
,0.0000000E+0,3.5722895E+0,2.5400000E+2,,,
,0.0000000E+0,3.5762899E+0,2.4000000E+2,,,
,0.0000000E+0,3.5802902E+0,2.5000000E+2,,,
,0.0000000E+0,3.5842905E+0,2.3700000E+2,,,
,0.0000000E+0,3.5882908E+0,2.4600000E+2,,,
,0.0000000E+0,3.5922912E+0,2.4100000E+2,,,
,0.0000000E+0,3.5962915E+0,2.3600000E+2,,,
,0.0000000E+0,3.6002918E+0,2.2200000E+2,,,
,0.0000000E+0,3.6042921E+0,2.2100000E+2,,,
,0.0000000E+0,3.6082924E+0,2.2800000E+2,,,
,0.0000000E+0,3.6122928E+0,2.3800000E+2,,,
,0.0000000E+0,3.6162931E+0,1.7500000E+2,,,
,0.0000000E+0,3.6202934E+0,2.0700000E+2,,,
,0.0000000E+0,3.6242937E+0,2.0400000E+2,,,
,0.0000000E+0,3.6282941E+0,2.2200000E+2,,,
,0.0000000E+0,3.6322944E+0,1.8700000E+2,,,
,0.0000000E+0,3.6362947E+0,2.1700000E+2,,,
,0.0000000E+0,3.6402950E+0,2.0600000E+2,,,
,0.0000000E+0,3.6442954E+0,2.2200000E+2,,,
,0.0000000E+0,3.6482957E+0,1.8000000E+2,,,
,0.0000000E+0,3.6522960E+0,1.8700000E+2,,,
,0.0000000E+0,3.6562963E+0,1.8300000E+2,,,
,0.0000000E+0,3.6602967E+0,1.7300000E+2,,,
,0.0000000E+0,3.6642970E+0,2.1500000E+2,,,
,0.0000000E+0,3.6682973E+0,2.0800000E+2,,,
,0.0000000E+0,3.6722976E+0,1.7000000E+2,,,
,0.0000000E+0,3.6762980E+0,1.7900000E+2,,,
,0.0000000E+0,3.6802983E+0,1.7100000E+2,,,
,0.0000000E+0,3.6842986E+0,2.0200000E+2,,,
,0.0000000E+0,3.6882989E+0,1.8500000E+2,,,
,0.0000000E+0,3.6922993E+0,1.6700000E+2,,,
,0.0000000E+0,3.6962996E+0,1.9200000E+2,,,
,0.0000000E+0,3.7002999E+0,1.8100000E+2,,,
,0.0000000E+0,3.7043002E+0,1.8000000E+2,,,
,0.0000000E+0,3.7083006E+0,1.5700000E+2,,,
,0.0000000E+0,3.7123009E+0,1.4900000E+2,,,
,0.0000000E+0,3.7163012E+0,1.8300000E+2,,,
,0.0000000E+0,3.7203015E+0,1.3300000E+2,,,
,0.0000000E+0,3.7243019E+0,1.5400000E+2,,,
,0.0000000E+0,3.7283022E+0,1.5600000E+2,,,
,0.0000000E+0,3.7323025E+0,1.3700000E+2,,,
,0.0000000E+0,3.7363028E+0,1.4200000E+2,,,
,0.0000000E+0,3.7403031E+0,1.4800000E+2,,,
,0.0000000E+0,3.7443035E+0,1.7000000E+2,,,
,0.0000000E+0,3.7483038E+0,1.4200000E+2,,,
,0.0000000E+0,3.7523041E+0,1.4200000E+2,,,
,0.0000000E+0,3.7563044E+0,1.4700000E+2,,,
,0.0000000E+0,3.7603048E+0,1.5200000E+2,,,
,0.0000000E+0,3.7643051E+0,1.5200000E+2,,,
,0.0000000E+0,3.7683054E+0,1.3900000E+2,,,
,0.0000000E+0,3.7723057E+0,1.3600000E+2,,,
,0.0000000E+0,3.7763061E+0,1.2700000E+2,,,
,0.0000000E+0,3.7803064E+0,1.4400000E+2,,,
,0.0000000E+0,3.7843067E+0,1.2600000E+2,,,
,0.0000000E+0,3.7883070E+0,1.3700000E+2,,,
,0.0000000E+0,3.7923074E+0,1.3100000E+2,,,
,0.0000000E+0,3.7963077E+0,1.0500000E+2,,,
,0.0000000E+0,3.8003080E+0,1.0600000E+2,,,
,0.0000000E+0,3.8043083E+0,1.3200000E+2,,,
,0.0000000E+0,3.8083087E+0,1.0900000E+2,,,
,0.0000000E+0,3.8123090E+0,1.1600000E+2,,,
,0.0000000E+0,3.8163093E+0,1.3000000E+2,,,
,0.0000000E+0,3.8203096E+0,1.1700000E+2,,,
,0.0000000E+0,3.8243100E+0,1.1700000E+2,,,
,0.0000000E+0,3.8283103E+0,1.1700000E+2,,,
,0.0000000E+0,3.8323106E+0,1.3600000E+2,,,
,0.0000000E+0,3.8363109E+0,1.3200000E+2,,,
,0.0000000E+0,3.8403113E+0,1.2200000E+2,,,
,0.0000000E+0,3.8443116E+0,1.3200000E+2,,,
,0.0000000E+0,3.8483119E+0,1.1200000E+2,,,
,0.0000000E+0,3.8523122E+0,1.0900000E+2,,,
,0.0000000E+0,3.8563126E+0,1.0900000E+2,,,
,0.0000000E+0,3.8603129E+0,1.0000000E+2,,,
,0.0000000E+0,3.8643132E+0,1.0100000E+2,,,
,0.0000000E+0,3.8683135E+0,1.1100000E+2,,,
,0.0000000E+0,3.8723138E+0,1.0300000E+2,,,
,0.0000000E+0,3.8763142E+0,1.0100000E+2,,,
,0.0000000E+0,3.8803145E+0,1.0800000E+2,,,
,0.0000000E+0,3.8843148E+0,9.9000000E+1,,,
,0.0000000E+0,3.8883151E+0,7.5000000E+1,,,
,0.0000000E+0,3.8923155E+0,1.0400000E+2,,,
,0.0000000E+0,3.8963158E+0,1.0400000E+2,,,
,0.0000000E+0,3.9003161E+0,1.1600000E+2,,,
,0.0000000E+0,3.9043164E+0,8.0000000E+1,,,
,0.0000000E+0,3.9083168E+0,9.1000000E+1,,,
,0.0000000E+0,3.9123171E+0,8.4000000E+1,,,
,0.0000000E+0,3.9163174E+0,8.8000000E+1,,,
,0.0000000E+0,3.9203177E+0,9.0000000E+1,,,
,0.0000000E+0,3.9243181E+0,9.7000000E+1,,,
,0.0000000E+0,3.9283184E+0,9.2000000E+1,,,
,0.0000000E+0,3.9323187E+0,1.2400000E+2,,,
,0.0000000E+0,3.9363190E+0,7.7000000E+1,,,
,0.0000000E+0,3.9403194E+0,7.7000000E+1,,,
,0.0000000E+0,3.9443197E+0,8.8000000E+1,,,
,0.0000000E+0,3.9483200E+0,8.5000000E+1,,,
,0.0000000E+0,3.9523203E+0,7.9000000E+1,,,
,0.0000000E+0,3.9563207E+0,7.5000000E+1,,,
,0.0000000E+0,3.9603210E+0,8.0000000E+1,,,
,0.0000000E+0,3.9643213E+0,7.9000000E+1,,,
,0.0000000E+0,3.9683216E+0,7.9000000E+1,,,
,0.0000000E+0,3.9723220E+0,8.0000000E+1,,,
,0.0000000E+0,3.9763223E+0,7.9000000E+1,,,
,0.0000000E+0,3.9803226E+0,7.0000000E+1,,,
,0.0000000E+0,3.9843229E+0,7.0000000E+1,,,
,0.0000000E+0,3.9883233E+0,6.2000000E+1,,,
,0.0000000E+0,3.9923236E+0,8.3000000E+1,,,
,0.0000000E+0,3.9963239E+0,6.4000000E+1,,,
,0.0000000E+0,4.0003242E+0,6.7000000E+1,,,
,0.0000000E+0,4.0043245E+0,8.4000000E+1,,,
,0.0000000E+0,4.0083249E+0,7.1000000E+1,,,
,0.0000000E+0,4.0123252E+0,6.9000000E+1,,,
,0.0000000E+0,4.0163255E+0,5.1000000E+1,,,
,0.0000000E+0,4.0203258E+0,5.7000000E+1,,,
,0.0000000E+0,4.0243262E+0,6.2000000E+1,,,
,0.0000000E+0,4.0283265E+0,6.5000000E+1,,,
,0.0000000E+0,4.0323268E+0,5.1000000E+1,,,
,0.0000000E+0,4.0363271E+0,6.6000000E+1,,,
,0.0000000E+0,4.0403275E+0,7.4000000E+1,,,
,0.0000000E+0,4.0443278E+0,5.5000000E+1,,,
,0.0000000E+0,4.0483281E+0,4.9000000E+1,,,
,0.0000000E+0,4.0523284E+0,5.6000000E+1,,,
,0.0000000E+0,4.0563288E+0,6.1000000E+1,,,
,0.0000000E+0,4.0603291E+0,6.2000000E+1,,,
,0.0000000E+0,4.0643294E+0,7.5000000E+1,,,
,0.0000000E+0,4.0683297E+0,5.2000000E+1,,,
,0.0000000E+0,4.0723301E+0,4.9000000E+1,,,
,0.0000000E+0,4.0763304E+0,6.6000000E+1,,,
,0.0000000E+0,4.0803307E+0,5.6000000E+1,,,
,0.0000000E+0,4.0843310E+0,6.5000000E+1,,,
,0.0000000E+0,4.0883314E+0,5.1000000E+1,,,
,0.0000000E+0,4.0923317E+0,7.3000000E+1,,,
,0.0000000E+0,4.0963320E+0,6.6000000E+1,,,
,0.0000000E+0,4.1003323E+0,4.6000000E+1,,,
,0.0000000E+0,4.1043327E+0,4.8000000E+1,,,
,0.0000000E+0,4.1083330E+0,6.1000000E+1,,,
,0.0000000E+0,4.1123333E+0,4.8000000E+1,,,
,0.0000000E+0,4.1163336E+0,5.5000000E+1,,,
,0.0000000E+0,4.1203340E+0,4.4000000E+1,,,
,0.0000000E+0,4.1243343E+0,5.1000000E+1,,,
,0.0000000E+0,4.1283346E+0,4.4000000E+1,,,
,0.0000000E+0,4.1323349E+0,4.9000000E+1,,,
,0.0000000E+0,4.1363352E+0,4.4000000E+1,,,
,0.0000000E+0,4.1403356E+0,5.8000000E+1,,,
,0.0000000E+0,4.1443359E+0,5.0000000E+1,,,
,0.0000000E+0,4.1483362E+0,5.9000000E+1,,,
,0.0000000E+0,4.1523365E+0,5.1000000E+1,,,
,0.0000000E+0,4.1563369E+0,5.3000000E+1,,,
,0.0000000E+0,4.1603372E+0,4.9000000E+1,,,
,0.0000000E+0,4.1643375E+0,4.7000000E+1,,,
,0.0000000E+0,4.1683378E+0,4.0000000E+1,,,
,0.0000000E+0,4.1723382E+0,5.7000000E+1,,,
,0.0000000E+0,4.1763385E+0,5.2000000E+1,,,
,0.0000000E+0,4.1803388E+0,4.6000000E+1,,,
,0.0000000E+0,4.1843391E+0,4.1000000E+1,,,
,0.0000000E+0,4.1883395E+0,4.4000000E+1,,,
,0.0000000E+0,4.1923398E+0,4.2000000E+1,,,
,0.0000000E+0,4.1963401E+0,3.2000000E+1,,,
,0.0000000E+0,4.2003404E+0,4.2000000E+1,,,
,0.0000000E+0,4.2043408E+0,4.1000000E+1,,,
,0.0000000E+0,4.2083411E+0,3.7000000E+1,,,
,0.0000000E+0,4.2123414E+0,4.3000000E+1,,,
,0.0000000E+0,4.2163417E+0,4.0000000E+1,,,
,0.0000000E+0,4.2203421E+0,3.8000000E+1,,,
,0.0000000E+0,4.2243424E+0,4.2000000E+1,,,
,0.0000000E+0,4.2283427E+0,4.3000000E+1,,,
,0.0000000E+0,4.2323430E+0,4.9000000E+1,,,
,0.0000000E+0,4.2363434E+0,4.2000000E+1,,,
,0.0000000E+0,4.2403437E+0,3.8000000E+1,,,
,0.0000000E+0,4.2443440E+0,4.4000000E+1,,,
,0.0000000E+0,4.2483443E+0,2.5000000E+1,,,
,0.0000000E+0,4.2523446E+0,3.8000000E+1,,,
,0.0000000E+0,4.2563450E+0,3.3000000E+1,,,
,0.0000000E+0,4.2603453E+0,2.9000000E+1,,,
,0.0000000E+0,4.2643456E+0,4.0000000E+1,,,
,0.0000000E+0,4.2683459E+0,2.7000000E+1,,,
,0.0000000E+0,4.2723463E+0,4.2000000E+1,,,
,0.0000000E+0,4.2763466E+0,4.4000000E+1,,,
,0.0000000E+0,4.2803469E+0,3.8000000E+1,,,
,0.0000000E+0,4.2843472E+0,3.6000000E+1,,,
,0.0000000E+0,4.2883476E+0,3.8000000E+1,,,
,0.0000000E+0,4.2923479E+0,4.5000000E+1,,,
,0.0000000E+0,4.2963482E+0,3.9000000E+1,,,
,0.0000000E+0,4.3003485E+0,4.0000000E+1,,,
,0.0000000E+0,4.3043489E+0,3.1000000E+1,,,
,0.0000000E+0,4.3083492E+0,3.3000000E+1,,,
,0.0000000E+0,4.3123495E+0,4.1000000E+1,,,
,0.0000000E+0,4.3163498E+0,2.9000000E+1,,,
,0.0000000E+0,4.3203502E+0,2.1000000E+1,,,
,0.0000000E+0,4.3243505E+0,3.0000000E+1,,,
,0.0000000E+0,4.3283508E+0,3.0000000E+1,,,
,0.0000000E+0,4.3323511E+0,2.4000000E+1,,,
,0.0000000E+0,4.3363515E+0,2.1000000E+1,,,
,0.0000000E+0,4.3403518E+0,2.7000000E+1,,,
,0.0000000E+0,4.3443521E+0,3.8000000E+1,,,
,0.0000000E+0,4.3483524E+0,4.0000000E+1,,,
,0.0000000E+0,4.3523528E+0,3.2000000E+1,,,
,0.0000000E+0,4.3563531E+0,2.2000000E+1,,,
,0.0000000E+0,4.3603534E+0,1.6000000E+1,,,
,0.0000000E+0,4.3643537E+0,3.0000000E+1,,,
,0.0000000E+0,4.3683541E+0,2.6000000E+1,,,
,0.0000000E+0,4.3723544E+0,3.9000000E+1,,,
,0.0000000E+0,4.3763547E+0,3.2000000E+1,,,
,0.0000000E+0,4.3803550E+0,3.4000000E+1,,,
,0.0000000E+0,4.3843553E+0,2.3000000E+1,,,
,0.0000000E+0,4.3883557E+0,3.4000000E+1,,,
,0.0000000E+0,4.3923560E+0,3.0000000E+1,,,
,0.0000000E+0,4.3963563E+0,2.6000000E+1,,,
,0.0000000E+0,4.4003566E+0,3.2000000E+1,,,
,0.0000000E+0,4.4043570E+0,2.5000000E+1,,,
,0.0000000E+0,4.4083573E+0,2.9000000E+1,,,
,0.0000000E+0,4.4123576E+0,3.0000000E+1,,,
,0.0000000E+0,4.4163579E+0,2.0000000E+1,,,
,0.0000000E+0,4.4203583E+0,2.9000000E+1,,,
,0.0000000E+0,4.4243586E+0,3.0000000E+1,,,
,0.0000000E+0,4.4283589E+0,3.0000000E+1,,,
,0.0000000E+0,4.4323592E+0,2.5000000E+1,,,
,0.0000000E+0,4.4363596E+0,2.7000000E+1,,,
,0.0000000E+0,4.4403599E+0,2.3000000E+1,,,
,0.0000000E+0,4.4443602E+0,1.8000000E+1,,,
,0.0000000E+0,4.4483605E+0,2.7000000E+1,,,
,0.0000000E+0,4.4523609E+0,1.8000000E+1,,,
,0.0000000E+0,4.4563612E+0,2.0000000E+1,,,
,0.0000000E+0,4.4603615E+0,2.0000000E+1,,,
,0.0000000E+0,4.4643618E+0,1.6000000E+1,,,
,0.0000000E+0,4.4683622E+0,2.7000000E+1,,,
,0.0000000E+0,4.4723625E+0,1.9000000E+1,,,
,0.0000000E+0,4.4763628E+0,2.4000000E+1,,,
,0.0000000E+0,4.4803631E+0,2.3000000E+1,,,
,0.0000000E+0,4.4843635E+0,2.5000000E+1,,,
,0.0000000E+0,4.4883638E+0,2.1000000E+1,,,
,0.0000000E+0,4.4923641E+0,2.0000000E+1,,,
,0.0000000E+0,4.4963644E+0,1.7000000E+1,,,
,0.0000000E+0,4.5003648E+0,1.2000000E+1,,,
,0.0000000E+0,4.5043651E+0,2.7000000E+1,,,
,0.0000000E+0,4.5083654E+0,2.0000000E+1,,,
,0.0000000E+0,4.5123657E+0,2.5000000E+1,,,
,0.0000000E+0,4.5163660E+0,2.0000000E+1,,,
,0.0000000E+0,4.5203664E+0,2.0000000E+1,,,
,0.0000000E+0,4.5243667E+0,2.6000000E+1,,,
,0.0000000E+0,4.5283670E+0,1.8000000E+1,,,
,0.0000000E+0,4.5323673E+0,1.5000000E+1,,,
,0.0000000E+0,4.5363677E+0,2.2000000E+1,,,
,0.0000000E+0,4.5403680E+0,1.8000000E+1,,,
,0.0000000E+0,4.5443683E+0,1.8000000E+1,,,
,0.0000000E+0,4.5483686E+0,1.0000000E+1,,,
,0.0000000E+0,4.5523690E+0,2.6000000E+1,,,
,0.0000000E+0,4.5563693E+0,2.2000000E+1,,,
,0.0000000E+0,4.5603696E+0,1.8000000E+1,,,
,0.0000000E+0,4.5643699E+0,1.5000000E+1,,,
,0.0000000E+0,4.5683703E+0,1.9000000E+1,,,
,0.0000000E+0,4.5723706E+0,1.9000000E+1,,,
,0.0000000E+0,4.5763709E+0,1.5000000E+1,,,
,0.0000000E+0,4.5803712E+0,1.8000000E+1,,,
,0.0000000E+0,4.5843716E+0,2.5000000E+1,,,
,0.0000000E+0,4.5883719E+0,2.6000000E+1,,,
,0.0000000E+0,4.5923722E+0,1.6000000E+1,,,
,0.0000000E+0,4.5963725E+0,2.0000000E+1,,,
,0.0000000E+0,4.6003729E+0,1.8000000E+1,,,
,0.0000000E+0,4.6043732E+0,1.4000000E+1,,,
,0.0000000E+0,4.6083735E+0,1.5000000E+1,,,
,0.0000000E+0,4.6123738E+0,1.5000000E+1,,,
,0.0000000E+0,4.6163742E+0,1.2000000E+1,,,
,0.0000000E+0,4.6203745E+0,1.8000000E+1,,,
,0.0000000E+0,4.6243748E+0,1.5000000E+1,,,
,0.0000000E+0,4.6283751E+0,1.2000000E+1,,,
,0.0000000E+0,4.6323755E+0,1.3000000E+1,,,
,0.0000000E+0,4.6363758E+0,1.1000000E+1,,,
,0.0000000E+0,4.6403761E+0,1.6000000E+1,,,
,0.0000000E+0,4.6443764E+0,1.4000000E+1,,,
,0.0000000E+0,4.6483767E+0,2.0000000E+1,,,
,0.0000000E+0,4.6523771E+0,1.8000000E+1,,,
,0.0000000E+0,4.6563774E+0,1.8000000E+1,,,
,0.0000000E+0,4.6603777E+0,1.9000000E+1,,,
,0.0000000E+0,4.6643780E+0,1.5000000E+1,,,
,0.0000000E+0,4.6683784E+0,1.4000000E+1,,,
,0.0000000E+0,4.6723787E+0,1.2000000E+1,,,
,0.0000000E+0,4.6763790E+0,2.1000000E+1,,,
,0.0000000E+0,4.6803793E+0,1.8000000E+1,,,
,0.0000000E+0,4.6843797E+0,1.5000000E+1,,,
,0.0000000E+0,4.6883800E+0,1.6000000E+1,,,
,0.0000000E+0,4.6923803E+0,8.0000000E+0,,,
,0.0000000E+0,4.6963806E+0,1.5000000E+1,,,
,0.0000000E+0,4.7003810E+0,1.5000000E+1,,,
,0.0000000E+0,4.7043813E+0,1.4000000E+1,,,
,0.0000000E+0,4.7083816E+0,1.8000000E+1,,,
,0.0000000E+0,4.7123819E+0,1.8000000E+1,,,
,0.0000000E+0,4.7163823E+0,1.4000000E+1,,,
,0.0000000E+0,4.7203826E+0,1.9000000E+1,,,
,0.0000000E+0,4.7243829E+0,1.6000000E+1,,,
,0.0000000E+0,4.7283832E+0,1.1000000E+1,,,
,0.0000000E+0,4.7323836E+0,1.1000000E+1,,,
,0.0000000E+0,4.7363839E+0,1.2000000E+1,,,
,0.0000000E+0,4.7403842E+0,2.3000000E+1,,,
,0.0000000E+0,4.7443845E+0,1.4000000E+1,,,
,0.0000000E+0,4.7483849E+0,9.0000000E+0,,,
,0.0000000E+0,4.7523852E+0,1.9000000E+1,,,
,0.0000000E+0,4.7563855E+0,1.1000000E+1,,,
,0.0000000E+0,4.7603858E+0,1.1000000E+1,,,
,0.0000000E+0,4.7643862E+0,1.7000000E+1,,,
,0.0000000E+0,4.7683865E+0,1.2000000E+1,,,
,0.0000000E+0,4.7723868E+0,1.0000000E+1,,,
,0.0000000E+0,4.7763871E+0,1.1000000E+1,,,
,0.0000000E+0,4.7803874E+0,1.8000000E+1,,,
,0.0000000E+0,4.7843878E+0,1.6000000E+1,,,
,0.0000000E+0,4.7883881E+0,1.2000000E+1,,,
,0.0000000E+0,4.7923884E+0,1.4000000E+1,,,
,0.0000000E+0,4.7963887E+0,1.3000000E+1,,,
,0.0000000E+0,4.8003891E+0,7.0000000E+0,,,
,0.0000000E+0,4.8043894E+0,1.3000000E+1,,,
,0.0000000E+0,4.8083897E+0,1.4000000E+1,,,
,0.0000000E+0,4.8123900E+0,7.0000000E+0,,,
,0.0000000E+0,4.8163904E+0,1.5000000E+1,,,
,0.0000000E+0,4.8203907E+0,9.0000000E+0,,,
,0.0000000E+0,4.8243910E+0,1.2000000E+1,,,
,0.0000000E+0,4.8283913E+0,1.8000000E+1,,,
,0.0000000E+0,4.8323917E+0,9.0000000E+0,,,
,0.0000000E+0,4.8363920E+0,1.2000000E+1,,,
,0.0000000E+0,4.8403923E+0,1.0000000E+1,,,
,0.0000000E+0,4.8443926E+0,9.0000000E+0,,,
,0.0000000E+0,4.8483930E+0,1.2000000E+1,,,
,0.0000000E+0,4.8523933E+0,2.4000000E+1,,,
,0.0000000E+0,4.8563936E+0,1.1000000E+1,,,
,0.0000000E+0,4.8603939E+0,8.0000000E+0,,,
,0.0000000E+0,4.8643943E+0,9.0000000E+0,,,
,0.0000000E+0,4.8683946E+0,1.6000000E+1,,,
,0.0000000E+0,4.8723949E+0,6.0000000E+0,,,
,0.0000000E+0,4.8763952E+0,1.0000000E+1,,,
,0.0000000E+0,4.8803956E+0,1.2000000E+1,,,
,0.0000000E+0,4.8843959E+0,1.2000000E+1,,,
,0.0000000E+0,4.8883962E+0,1.2000000E+1,,,
,0.0000000E+0,4.8923965E+0,6.0000000E+0,,,
,0.0000000E+0,4.8963968E+0,1.8000000E+1,,,
,0.0000000E+0,4.9003972E+0,1.3000000E+1,,,
,0.0000000E+0,4.9043975E+0,9.0000000E+0,,,
,0.0000000E+0,4.9083978E+0,1.0000000E+1,,,
,0.0000000E+0,4.9123981E+0,1.5000000E+1,,,
,0.0000000E+0,4.9163985E+0,7.0000000E+0,,,
,0.0000000E+0,4.9203988E+0,9.0000000E+0,,,
,0.0000000E+0,4.9243991E+0,1.0000000E+1,,,
,0.0000000E+0,4.9283994E+0,1.1000000E+1,,,
,0.0000000E+0,4.9323998E+0,9.0000000E+0,,,
,0.0000000E+0,4.9364001E+0,7.0000000E+0,,,
,0.0000000E+0,4.9404004E+0,1.2000000E+1,,,
,0.0000000E+0,4.9444007E+0,9.0000000E+0,,,
,0.0000000E+0,4.9484011E+0,1.0000000E+1,,,
,0.0000000E+0,4.9524014E+0,8.0000000E+0,,,
,0.0000000E+0,4.9564017E+0,1.1000000E+1,,,
,0.0000000E+0,4.9604020E+0,5.0000000E+0,,,
,0.0000000E+0,4.9644024E+0,6.0000000E+0,,,
,0.0000000E+0,4.9684027E+0,6.0000000E+0,,,
,0.0000000E+0,4.9724030E+0,1.3000000E+1,,,
,0.0000000E+0,4.9764033E+0,9.0000000E+0,,,
,0.0000000E+0,4.9804037E+0,7.0000000E+0,,,
,0.0000000E+0,4.9844040E+0,7.0000000E+0,,,
,0.0000000E+0,4.9884043E+0,7.0000000E+0,,,
,0.0000000E+0,4.9924046E+0,7.0000000E+0,,,
,0.0000000E+0,4.9964050E+0,8.0000000E+0,,,
,0.0000000E+0,5.0004053E+0,1.5000000E+1,,,
,0.0000000E+0,5.0044056E+0,9.0000000E+0,,,
,0.0000000E+0,5.0084059E+0,5.0000000E+0,,,
,0.0000000E+0,5.0124063E+0,1.1000000E+1,,,
,0.0000000E+0,5.0164066E+0,1.8000000E+1,,,
,0.0000000E+0,5.0204069E+0,8.0000000E+0,,,
,0.0000000E+0,5.0244072E+0,9.0000000E+0,,,
,0.0000000E+0,5.0284075E+0,8.0000000E+0,,,
,0.0000000E+0,5.0324079E+0,1.1000000E+1,,,
,0.0000000E+0,5.0364082E+0,9.0000000E+0,,,
,0.0000000E+0,5.0404085E+0,1.6000000E+1,,,
,0.0000000E+0,5.0444088E+0,8.0000000E+0,,,
,0.0000000E+0,5.0484092E+0,8.0000000E+0,,,
,0.0000000E+0,5.0524095E+0,6.0000000E+0,,,
,0.0000000E+0,5.0564098E+0,7.0000000E+0,,,
,0.0000000E+0,5.0604101E+0,1.3000000E+1,,,
,0.0000000E+0,5.0644105E+0,1.3000000E+1,,,
,0.0000000E+0,5.0684108E+0,1.2000000E+1,,,
,0.0000000E+0,5.0724111E+0,1.2000000E+1,,,
,0.0000000E+0,5.0764114E+0,1.2000000E+1,,,
,0.0000000E+0,5.0804118E+0,7.0000000E+0,,,
,0.0000000E+0,5.0844121E+0,7.0000000E+0,,,
,0.0000000E+0,5.0884124E+0,1.1000000E+1,,,
,0.0000000E+0,5.0924127E+0,4.0000000E+0,,,
,0.0000000E+0,5.0964131E+0,1.0000000E+1,,,
,0.0000000E+0,5.1004134E+0,7.0000000E+0,,,
,0.0000000E+0,5.1044137E+0,8.0000000E+0,,,
,0.0000000E+0,5.1084140E+0,6.0000000E+0,,,
,0.0000000E+0,5.1124144E+0,4.0000000E+0,,,
,0.0000000E+0,5.1164147E+0,7.0000000E+0,,,
,0.0000000E+0,5.1204150E+0,8.0000000E+0,,,
,0.0000000E+0,5.1244153E+0,1.3000000E+1,,,
,0.0000000E+0,5.1284157E+0,8.0000000E+0,,,
,0.0000000E+0,5.1324160E+0,7.0000000E+0,,,
,0.0000000E+0,5.1364163E+0,8.0000000E+0,,,
,0.0000000E+0,5.1404166E+0,8.0000000E+0,,,
,0.0000000E+0,5.1444170E+0,7.0000000E+0,,,
,0.0000000E+0,5.1484173E+0,8.0000000E+0,,,
,0.0000000E+0,5.1524176E+0,5.0000000E+0,,,
,0.0000000E+0,5.1564179E+0,9.0000000E+0,,,
,0.0000000E+0,5.1604182E+0,1.2000000E+1,,,
,0.0000000E+0,5.1644186E+0,9.0000000E+0,,,
,0.0000000E+0,5.1684189E+0,7.0000000E+0,,,
,0.0000000E+0,5.1724192E+0,4.0000000E+0,,,
,0.0000000E+0,5.1764195E+0,5.0000000E+0,,,
,0.0000000E+0,5.1804199E+0,1.1000000E+1,,,
,0.0000000E+0,5.1844202E+0,8.0000000E+0,,,
,0.0000000E+0,5.1884205E+0,6.0000000E+0,,,
,0.0000000E+0,5.1924208E+0,2.0000000E+0,,,
,0.0000000E+0,5.1964212E+0,6.0000000E+0,,,
,0.0000000E+0,5.2004215E+0,9.0000000E+0,,,
,0.0000000E+0,5.2044218E+0,9.0000000E+0,,,
,0.0000000E+0,5.2084221E+0,7.0000000E+0,,,
,0.0000000E+0,5.2124225E+0,8.0000000E+0,,,
,0.0000000E+0,5.2164228E+0,9.0000000E+0,,,
,0.0000000E+0,5.2204231E+0,8.0000000E+0,,,
,0.0000000E+0,5.2244234E+0,6.0000000E+0,,,
,0.0000000E+0,5.2284238E+0,1.0000000E+1,,,
,0.0000000E+0,5.2324241E+0,4.0000000E+0,,,
,0.0000000E+0,5.2364244E+0,1.4000000E+1,,,
,0.0000000E+0,5.2404247E+0,9.0000000E+0,,,
,0.0000000E+0,5.2444251E+0,7.0000000E+0,,,
,0.0000000E+0,5.2484254E+0,1.0000000E+1,,,
,0.0000000E+0,5.2524257E+0,1.3000000E+1,,,
,0.0000000E+0,5.2564260E+0,2.0000000E+1,,,
,0.0000000E+0,5.2604264E+0,9.0000000E+0,,,
,0.0000000E+0,5.2644267E+0,8.0000000E+0,,,
,0.0000000E+0,5.2684270E+0,3.0000000E+0,,,
,0.0000000E+0,5.2724273E+0,7.0000000E+0,,,
,0.0000000E+0,5.2764277E+0,5.0000000E+0,,,
,0.0000000E+0,5.2804280E+0,7.0000000E+0,,,
,0.0000000E+0,5.2844283E+0,1.1000000E+1,,,
,0.0000000E+0,5.2884286E+0,7.0000000E+0,,,
,0.0000000E+0,5.2924289E+0,6.0000000E+0,,,
,0.0000000E+0,5.2964293E+0,3.0000000E+0,,,
,0.0000000E+0,5.3004296E+0,1.0000000E+1,,,
,0.0000000E+0,5.3044299E+0,8.0000000E+0,,,
,0.0000000E+0,5.3084302E+0,6.0000000E+0,,,
,0.0000000E+0,5.3124306E+0,5.0000000E+0,,,
,0.0000000E+0,5.3164309E+0,7.0000000E+0,,,
,0.0000000E+0,5.3204312E+0,8.0000000E+0,,,
,0.0000000E+0,5.3244315E+0,1.0000000E+1,,,
,0.0000000E+0,5.3284319E+0,6.0000000E+0,,,
,0.0000000E+0,5.3324322E+0,8.0000000E+0,,,
,0.0000000E+0,5.3364325E+0,4.0000000E+0,,,
,0.0000000E+0,5.3404328E+0,6.0000000E+0,,,
,0.0000000E+0,5.3444332E+0,5.0000000E+0,,,
,0.0000000E+0,5.3484335E+0,1.2000000E+1,,,
,0.0000000E+0,5.3524338E+0,1.1000000E+1,,,
,0.0000000E+0,5.3564341E+0,6.0000000E+0,,,
,0.0000000E+0,5.3604345E+0,7.0000000E+0,,,
,0.0000000E+0,5.3644348E+0,1.2000000E+1,,,
,0.0000000E+0,5.3684351E+0,6.0000000E+0,,,
,0.0000000E+0,5.3724354E+0,4.0000000E+0,,,
,0.0000000E+0,5.3764358E+0,1.2000000E+1,,,
,0.0000000E+0,5.3804361E+0,8.0000000E+0,,,
,0.0000000E+0,5.3844364E+0,9.0000000E+0,,,
,0.0000000E+0,5.3884367E+0,1.0000000E+1,,,
,0.0000000E+0,5.3924371E+0,1.0000000E+1,,,
,0.0000000E+0,5.3964374E+0,6.0000000E+0,,,
,0.0000000E+0,5.4004377E+0,5.0000000E+0,,,
,0.0000000E+0,5.4044380E+0,4.0000000E+0,,,
,0.0000000E+0,5.4084384E+0,9.0000000E+0,,,
,0.0000000E+0,5.4124387E+0,5.0000000E+0,,,
,0.0000000E+0,5.4164390E+0,1.0000000E+1,,,
,0.0000000E+0,5.4204393E+0,6.0000000E+0,,,
,0.0000000E+0,5.4244396E+0,3.0000000E+0,,,
,0.0000000E+0,5.4284400E+0,3.0000000E+0,,,
,0.0000000E+0,5.4324403E+0,1.0000000E+1,,,
,0.0000000E+0,5.4364406E+0,5.0000000E+0,,,
,0.0000000E+0,5.4404409E+0,6.0000000E+0,,,
,0.0000000E+0,5.4444413E+0,5.0000000E+0,,,
,0.0000000E+0,5.4484416E+0,8.0000000E+0,,,
,0.0000000E+0,5.4524419E+0,6.0000000E+0,,,
,0.0000000E+0,5.4564422E+0,8.0000000E+0,,,
,0.0000000E+0,5.4604426E+0,4.0000000E+0,,,
,0.0000000E+0,5.4644429E+0,9.0000000E+0,,,
,0.0000000E+0,5.4684432E+0,6.0000000E+0,,,
,0.0000000E+0,5.4724435E+0,9.0000000E+0,,,
,0.0000000E+0,5.4764439E+0,8.0000000E+0,,,
,0.0000000E+0,5.4804442E+0,6.0000000E+0,,,
,0.0000000E+0,5.4844445E+0,4.0000000E+0,,,
,0.0000000E+0,5.4884448E+0,4.0000000E+0,,,
,0.0000000E+0,5.4924452E+0,3.0000000E+0,,,
,0.0000000E+0,5.4964455E+0,8.0000000E+0,,,
,0.0000000E+0,5.5004458E+0,7.0000000E+0,,,
,0.0000000E+0,5.5044461E+0,3.0000000E+0,,,
,0.0000000E+0,5.5084465E+0,5.0000000E+0,,,
,0.0000000E+0,5.5124468E+0,7.0000000E+0,,,
,0.0000000E+0,5.5164471E+0,9.0000000E+0,,,
,0.0000000E+0,5.5204474E+0,7.0000000E+0,,,
,0.0000000E+0,5.5244478E+0,4.0000000E+0,,,
,0.0000000E+0,5.5284481E+0,5.0000000E+0,,,
,0.0000000E+0,5.5324484E+0,5.0000000E+0,,,
,0.0000000E+0,5.5364487E+0,7.0000000E+0,,,
,0.0000000E+0,5.5404490E+0,9.0000000E+0,,,
,0.0000000E+0,5.5444494E+0,6.0000000E+0,,,
,0.0000000E+0,5.5484497E+0,1.0000000E+1,,,
,0.0000000E+0,5.5524500E+0,9.0000000E+0,,,
,0.0000000E+0,5.5564503E+0,4.0000000E+0,,,
,0.0000000E+0,5.5604507E+0,7.0000000E+0,,,
,0.0000000E+0,5.5644510E+0,8.0000000E+0,,,
,0.0000000E+0,5.5684513E+0,5.0000000E+0,,,
,0.0000000E+0,5.5724516E+0,4.0000000E+0,,,
,0.0000000E+0,5.5764520E+0,2.0000000E+0,,,
,0.0000000E+0,5.5804523E+0,9.0000000E+0,,,
,0.0000000E+0,5.5844526E+0,4.0000000E+0,,,
,0.0000000E+0,5.5884529E+0,9.0000000E+0,,,
,0.0000000E+0,5.5924533E+0,9.0000000E+0,,,
,0.0000000E+0,5.5964536E+0,5.0000000E+0,,,
,0.0000000E+0,5.6004539E+0,7.0000000E+0,,,
,0.0000000E+0,5.6044542E+0,1.0000000E+0,,,
,0.0000000E+0,5.6084546E+0,5.0000000E+0,,,
,0.0000000E+0,5.6124549E+0,7.0000000E+0,,,
,0.0000000E+0,5.6164552E+0,5.0000000E+0,,,
,0.0000000E+0,5.6204555E+0,8.0000000E+0,,,
,0.0000000E+0,5.6244559E+0,6.0000000E+0,,,
,0.0000000E+0,5.6284562E+0,4.0000000E+0,,,
,0.0000000E+0,5.6324565E+0,7.0000000E+0,,,
,0.0000000E+0,5.6364568E+0,8.0000000E+0,,,
,0.0000000E+0,5.6404572E+0,3.0000000E+0,,,
,0.0000000E+0,5.6444575E+0,4.0000000E+0,,,
,0.0000000E+0,5.6484578E+0,6.0000000E+0,,,
,0.0000000E+0,5.6524581E+0,5.0000000E+0,,,
,0.0000000E+0,5.6564585E+0,5.0000000E+0,,,
,0.0000000E+0,5.6604588E+0,6.0000000E+0,,,
,0.0000000E+0,5.6644591E+0,1.0000000E+1,,,
,0.0000000E+0,5.6684594E+0,7.0000000E+0,,,
,0.0000000E+0,5.6724597E+0,6.0000000E+0,,,
,0.0000000E+0,5.6764601E+0,7.0000000E+0,,,
,0.0000000E+0,5.6804604E+0,3.0000000E+0,,,
,0.0000000E+0,5.6844607E+0,3.0000000E+0,,,
,0.0000000E+0,5.6884610E+0,3.0000000E+0,,,
,0.0000000E+0,5.6924614E+0,4.0000000E+0,,,
,0.0000000E+0,5.6964617E+0,4.0000000E+0,,,
,0.0000000E+0,5.7004620E+0,1.1000000E+1,,,
,0.0000000E+0,5.7044623E+0,7.0000000E+0,,,
,0.0000000E+0,5.7084627E+0,5.0000000E+0,,,
,0.0000000E+0,5.7124630E+0,7.0000000E+0,,,
,0.0000000E+0,5.7164633E+0,6.0000000E+0,,,
,0.0000000E+0,5.7204636E+0,6.0000000E+0,,,
,0.0000000E+0,5.7244640E+0,9.0000000E+0,,,
,0.0000000E+0,5.7284643E+0,3.0000000E+0,,,
,0.0000000E+0,5.7324646E+0,9.0000000E+0,,,
,0.0000000E+0,5.7364649E+0,7.0000000E+0,,,
,0.0000000E+0,5.7404653E+0,7.0000000E+0,,,
,0.0000000E+0,5.7444656E+0,7.0000000E+0,,,
,0.0000000E+0,5.7484659E+0,7.0000000E+0,,,
,0.0000000E+0,5.7524662E+0,9.0000000E+0,,,
,0.0000000E+0,5.7564666E+0,3.0000000E+0,,,
,0.0000000E+0,5.7604669E+0,8.0000000E+0,,,
,0.0000000E+0,5.7644672E+0,6.0000000E+0,,,
,0.0000000E+0,5.7684675E+0,7.0000000E+0,,,
,0.0000000E+0,5.7724679E+0,5.0000000E+0,,,
,0.0000000E+0,5.7764682E+0,4.0000000E+0,,,
,0.0000000E+0,5.7804685E+0,1.1000000E+1,,,
,0.0000000E+0,5.7844688E+0,9.0000000E+0,,,
,0.0000000E+0,5.7884692E+0,5.0000000E+0,,,
,0.0000000E+0,5.7924695E+0,8.0000000E+0,,,
,0.0000000E+0,5.7964698E+0,7.0000000E+0,,,
,0.0000000E+0,5.8004701E+0,4.0000000E+0,,,
,0.0000000E+0,5.8044704E+0,9.0000000E+0,,,
,0.0000000E+0,5.8084708E+0,9.0000000E+0,,,
,0.0000000E+0,5.8124711E+0,8.0000000E+0,,,
,0.0000000E+0,5.8164714E+0,8.0000000E+0,,,
,0.0000000E+0,5.8204717E+0,3.0000000E+0,,,
,0.0000000E+0,5.8244721E+0,1.0000000E+1,,,
,0.0000000E+0,5.8284724E+0,8.0000000E+0,,,
,0.0000000E+0,5.8324727E+0,9.0000000E+0,,,
,0.0000000E+0,5.8364730E+0,1.0000000E+1,,,
,0.0000000E+0,5.8404734E+0,9.0000000E+0,,,
,0.0000000E+0,5.8444737E+0,8.0000000E+0,,,
,0.0000000E+0,5.8484740E+0,8.0000000E+0,,,
,0.0000000E+0,5.8524743E+0,6.0000000E+0,,,
,0.0000000E+0,5.8564747E+0,6.0000000E+0,,,
,0.0000000E+0,5.8604750E+0,5.0000000E+0,,,
,0.0000000E+0,5.8644753E+0,5.0000000E+0,,,
,0.0000000E+0,5.8684756E+0,4.0000000E+0,,,
,0.0000000E+0,5.8724760E+0,4.0000000E+0,,,
,0.0000000E+0,5.8764763E+0,8.0000000E+0,,,
,0.0000000E+0,5.8804766E+0,5.0000000E+0,,,
,0.0000000E+0,5.8844769E+0,4.0000000E+0,,,
,0.0000000E+0,5.8884773E+0,4.0000000E+0,,,
,0.0000000E+0,5.8924776E+0,6.0000000E+0,,,
,0.0000000E+0,5.8964779E+0,7.0000000E+0,,,
,0.0000000E+0,5.9004782E+0,9.0000000E+0,,,
,0.0000000E+0,5.9044786E+0,1.3000000E+1,,,
,0.0000000E+0,5.9084789E+0,2.0000000E+0,,,
,0.0000000E+0,5.9124792E+0,5.0000000E+0,,,
,0.0000000E+0,5.9164795E+0,4.0000000E+0,,,
,0.0000000E+0,5.9204799E+0,4.0000000E+0,,,
,0.0000000E+0,5.9244802E+0,8.0000000E+0,,,
,0.0000000E+0,5.9284805E+0,4.0000000E+0,,,
,0.0000000E+0,5.9324808E+0,6.0000000E+0,,,
,0.0000000E+0,5.9364811E+0,4.0000000E+0,,,
,0.0000000E+0,5.9404815E+0,4.0000000E+0,,,
,0.0000000E+0,5.9444818E+0,3.0000000E+0,,,
,0.0000000E+0,5.9484821E+0,1.1000000E+1,,,
,0.0000000E+0,5.9524824E+0,7.0000000E+0,,,
,0.0000000E+0,5.9564828E+0,2.0000000E+0,,,
,0.0000000E+0,5.9604831E+0,6.0000000E+0,,,
,0.0000000E+0,5.9644834E+0,8.0000000E+0,,,
,0.0000000E+0,5.9684837E+0,8.0000000E+0,,,
,0.0000000E+0,5.9724841E+0,7.0000000E+0,,,
,0.0000000E+0,5.9764844E+0,6.0000000E+0,,,
,0.0000000E+0,5.9804847E+0,6.0000000E+0,,,
,0.0000000E+0,5.9844850E+0,3.0000000E+0,,,
,0.0000000E+0,5.9884854E+0,5.0000000E+0,,,
,0.0000000E+0,5.9924857E+0,8.0000000E+0,,,
,0.0000000E+0,5.9964860E+0,1.0000000E+1,,,
,0.0000000E+0,6.0004863E+0,3.0000000E+0,,,
,0.0000000E+0,6.0044867E+0,9.0000000E+0,,,
,0.0000000E+0,6.0084870E+0,4.0000000E+0,,,
,0.0000000E+0,6.0124873E+0,5.0000000E+0,,,
,0.0000000E+0,6.0164876E+0,7.0000000E+0,,,
,0.0000000E+0,6.0204880E+0,6.0000000E+0,,,
,0.0000000E+0,6.0244883E+0,1.0000000E+1,,,
,0.0000000E+0,6.0284886E+0,5.0000000E+0,,,
,0.0000000E+0,6.0324889E+0,4.0000000E+0,,,
,0.0000000E+0,6.0364893E+0,6.0000000E+0,,,
,0.0000000E+0,6.0404896E+0,6.0000000E+0,,,
,0.0000000E+0,6.0444899E+0,4.0000000E+0,,,
,0.0000000E+0,6.0484902E+0,4.0000000E+0,,,
,0.0000000E+0,6.0524906E+0,4.0000000E+0,,,
,0.0000000E+0,6.0564909E+0,6.0000000E+0,,,
,0.0000000E+0,6.0604912E+0,6.0000000E+0,,,
,0.0000000E+0,6.0644915E+0,4.0000000E+0,,,
,0.0000000E+0,6.0684918E+0,9.0000000E+0,,,
,0.0000000E+0,6.0724922E+0,7.0000000E+0,,,
,0.0000000E+0,6.0764925E+0,5.0000000E+0,,,
,0.0000000E+0,6.0804928E+0,4.0000000E+0,,,
,0.0000000E+0,6.0844931E+0,6.0000000E+0,,,
,0.0000000E+0,6.0884935E+0,3.0000000E+0,,,
,0.0000000E+0,6.0924938E+0,9.0000000E+0,,,
,0.0000000E+0,6.0964941E+0,7.0000000E+0,,,
,0.0000000E+0,6.1004944E+0,5.0000000E+0,,,
,0.0000000E+0,6.1044948E+0,5.0000000E+0,,,
,0.0000000E+0,6.1084951E+0,1.1000000E+1,,,
,0.0000000E+0,6.1124954E+0,6.0000000E+0,,,
,0.0000000E+0,6.1164957E+0,1.1000000E+1,,,
,0.0000000E+0,6.1204961E+0,6.0000000E+0,,,
,0.0000000E+0,6.1244964E+0,7.0000000E+0,,,
,0.0000000E+0,6.1284967E+0,4.0000000E+0,,,
,0.0000000E+0,6.1324970E+0,4.0000000E+0,,,
,0.0000000E+0,6.1364974E+0,7.0000000E+0,,,
,0.0000000E+0,6.1404977E+0,7.0000000E+0,,,
,0.0000000E+0,6.1444980E+0,6.0000000E+0,,,
,0.0000000E+0,6.1484983E+0,3.0000000E+0,,,
,0.0000000E+0,6.1524987E+0,5.0000000E+0,,,
,0.0000000E+0,6.1564990E+0,8.0000000E+0,,,
,0.0000000E+0,6.1604993E+0,5.0000000E+0,,,
,0.0000000E+0,6.1644996E+0,5.0000000E+0,,,
,0.0000000E+0,6.1685000E+0,7.0000000E+0,,,
,0.0000000E+0,6.1725003E+0,0.0000000E+0,,,
,0.0000000E+0,6.1765006E+0,5.0000000E+0,,,
,0.0000000E+0,6.1805009E+0,7.0000000E+0,,,
,0.0000000E+0,6.1845012E+0,9.0000000E+0,,,
,0.0000000E+0,6.1885016E+0,4.0000000E+0,,,
,0.0000000E+0,6.1925019E+0,6.0000000E+0,,,
,0.0000000E+0,6.1965022E+0,6.0000000E+0,,,
,0.0000000E+0,6.2005025E+0,5.0000000E+0,,,
,0.0000000E+0,6.2045029E+0,6.0000000E+0,,,
,0.0000000E+0,6.2085032E+0,9.0000000E+0,,,
,0.0000000E+0,6.2125035E+0,1.0000000E+1,,,
,0.0000000E+0,6.2165038E+0,4.0000000E+0,,,
,0.0000000E+0,6.2205042E+0,4.0000000E+0,,,
,0.0000000E+0,6.2245045E+0,5.0000000E+0,,,
,0.0000000E+0,6.2285048E+0,4.0000000E+0,,,
,0.0000000E+0,6.2325051E+0,9.0000000E+0,,,
,0.0000000E+0,6.2365055E+0,5.0000000E+0,,,
,0.0000000E+0,6.2405058E+0,9.0000000E+0,,,
,0.0000000E+0,6.2445061E+0,4.0000000E+0,,,
,0.0000000E+0,6.2485064E+0,3.0000000E+0,,,
,0.0000000E+0,6.2525068E+0,5.0000000E+0,,,
,0.0000000E+0,6.2565071E+0,3.0000000E+0,,,
,0.0000000E+0,6.2605074E+0,8.0000000E+0,,,
,0.0000000E+0,6.2645077E+0,7.0000000E+0,,,
,0.0000000E+0,6.2685081E+0,9.0000000E+0,,,
,0.0000000E+0,6.2725084E+0,4.0000000E+0,,,
,0.0000000E+0,6.2765087E+0,2.0000000E+0,,,
,0.0000000E+0,6.2805090E+0,3.0000000E+0,,,
,0.0000000E+0,6.2845094E+0,8.0000000E+0,,,
,0.0000000E+0,6.2885097E+0,8.0000000E+0,,,
,0.0000000E+0,6.2925100E+0,1.0000000E+1,,,
,0.0000000E+0,6.2965103E+0,6.0000000E+0,,,
,0.0000000E+0,6.3005107E+0,4.0000000E+0,,,
,0.0000000E+0,6.3045110E+0,6.0000000E+0,,,
,0.0000000E+0,6.3085113E+0,6.0000000E+0,,,
,0.0000000E+0,6.3125116E+0,5.0000000E+0,,,
,0.0000000E+0,6.3165119E+0,3.0000000E+0,,,
,0.0000000E+0,6.3205123E+0,6.0000000E+0,,,
,0.0000000E+0,6.3245126E+0,9.0000000E+0,,,
,0.0000000E+0,6.3285129E+0,8.0000000E+0,,,
,0.0000000E+0,6.3325132E+0,2.0000000E+0,,,
,0.0000000E+0,6.3365136E+0,8.0000000E+0,,,
,0.0000000E+0,6.3405139E+0,2.0000000E+0,,,
,0.0000000E+0,6.3445142E+0,5.0000000E+0,,,
,0.0000000E+0,6.3485145E+0,6.0000000E+0,,,
,0.0000000E+0,6.3525149E+0,7.0000000E+0,,,
,0.0000000E+0,6.3565152E+0,7.0000000E+0,,,
,0.0000000E+0,6.3605155E+0,7.0000000E+0,,,
,0.0000000E+0,6.3645158E+0,7.0000000E+0,,,
,0.0000000E+0,6.3685162E+0,7.0000000E+0,,,
,0.0000000E+0,6.3725165E+0,8.0000000E+0,,,
,0.0000000E+0,6.3765168E+0,3.0000000E+0,,,
,0.0000000E+0,6.3805171E+0,8.0000000E+0,,,
,0.0000000E+0,6.3845175E+0,4.0000000E+0,,,
,0.0000000E+0,6.3885178E+0,1.0000000E+1,,,
,0.0000000E+0,6.3925181E+0,9.0000000E+0,,,
,0.0000000E+0,6.3965184E+0,3.0000000E+0,,,
,0.0000000E+0,6.4005188E+0,2.0000000E+0,,,
,0.0000000E+0,6.4045191E+0,6.0000000E+0,,,
,0.0000000E+0,6.4085194E+0,4.0000000E+0,,,
,0.0000000E+0,6.4125197E+0,6.0000000E+0,,,
,0.0000000E+0,6.4165201E+0,3.0000000E+0,,,
,0.0000000E+0,6.4205204E+0,7.0000000E+0,,,
,0.0000000E+0,6.4245207E+0,4.0000000E+0,,,
,0.0000000E+0,6.4285210E+0,7.0000000E+0,,,
,0.0000000E+0,6.4325214E+0,4.0000000E+0,,,
,0.0000000E+0,6.4365217E+0,6.0000000E+0,,,
,0.0000000E+0,6.4405220E+0,5.0000000E+0,,,
,0.0000000E+0,6.4445223E+0,9.0000000E+0,,,
,0.0000000E+0,6.4485226E+0,7.0000000E+0,,,
,0.0000000E+0,6.4525230E+0,5.0000000E+0,,,
,0.0000000E+0,6.4565233E+0,4.0000000E+0,,,
,0.0000000E+0,6.4605236E+0,1.1000000E+1,,,
,0.0000000E+0,6.4645239E+0,7.0000000E+0,,,
,0.0000000E+0,6.4685243E+0,7.0000000E+0,,,
,0.0000000E+0,6.4725246E+0,9.0000000E+0,,,
,0.0000000E+0,6.4765249E+0,4.0000000E+0,,,
,0.0000000E+0,6.4805252E+0,7.0000000E+0,,,
,0.0000000E+0,6.4845256E+0,5.0000000E+0,,,
,0.0000000E+0,6.4885259E+0,5.0000000E+0,,,
,0.0000000E+0,6.4925262E+0,6.0000000E+0,,,
,0.0000000E+0,6.4965265E+0,5.0000000E+0,,,
,0.0000000E+0,6.5005269E+0,9.0000000E+0,,,
,0.0000000E+0,6.5045272E+0,1.1000000E+1,,,
,0.0000000E+0,6.5085275E+0,6.0000000E+0,,,
,0.0000000E+0,6.5125278E+0,5.0000000E+0,,,
,0.0000000E+0,6.5165282E+0,3.0000000E+0,,,
,0.0000000E+0,6.5205285E+0,5.0000000E+0,,,
,0.0000000E+0,6.5245288E+0,2.0000000E+0,,,
,0.0000000E+0,6.5285291E+0,8.0000000E+0,,,
,0.0000000E+0,6.5325295E+0,7.0000000E+0,,,
,0.0000000E+0,6.5365298E+0,5.0000000E+0,,,
,0.0000000E+0,6.5405301E+0,1.1000000E+1,,,
,0.0000000E+0,6.5445304E+0,0.0000000E+0,,,
,0.0000000E+0,6.5485308E+0,6.0000000E+0,,,
,0.0000000E+0,6.5525311E+0,2.0000000E+0,,,
,0.0000000E+0,6.5565314E+0,1.0000000E+1,,,
,0.0000000E+0,6.5605317E+0,3.0000000E+0,,,
,0.0000000E+0,6.5645321E+0,2.0000000E+0,,,
,0.0000000E+0,6.5685324E+0,6.0000000E+0,,,
,0.0000000E+0,6.5725327E+0,4.0000000E+0,,,
,0.0000000E+0,6.5765330E+0,5.0000000E+0,,,
,0.0000000E+0,6.5805333E+0,5.0000000E+0,,,
,0.0000000E+0,6.5845337E+0,8.0000000E+0,,,
,0.0000000E+0,6.5885340E+0,8.0000000E+0,,,
,0.0000000E+0,6.5925343E+0,4.0000000E+0,,,
,0.0000000E+0,6.5965346E+0,7.0000000E+0,,,
,0.0000000E+0,6.6005350E+0,7.0000000E+0,,,
,0.0000000E+0,6.6045353E+0,8.0000000E+0,,,
,0.0000000E+0,6.6085356E+0,3.0000000E+0,,,
,0.0000000E+0,6.6125359E+0,5.0000000E+0,,,
,0.0000000E+0,6.6165363E+0,4.0000000E+0,,,
,0.0000000E+0,6.6205366E+0,4.0000000E+0,,,
,0.0000000E+0,6.6245369E+0,1.0000000E+1,,,
,0.0000000E+0,6.6285372E+0,6.0000000E+0,,,
,0.0000000E+0,6.6325376E+0,7.0000000E+0,,,
,0.0000000E+0,6.6365379E+0,7.0000000E+0,,,
,0.0000000E+0,6.6405382E+0,1.1000000E+1,,,
,0.0000000E+0,6.6445385E+0,7.0000000E+0,,,
,0.0000000E+0,6.6485389E+0,8.0000000E+0,,,
,0.0000000E+0,6.6525392E+0,4.0000000E+0,,,
,0.0000000E+0,6.6565395E+0,7.0000000E+0,,,
,0.0000000E+0,6.6605398E+0,7.0000000E+0,,,
,0.0000000E+0,6.6645402E+0,7.0000000E+0,,,
,0.0000000E+0,6.6685405E+0,4.0000000E+0,,,
,0.0000000E+0,6.6725408E+0,6.0000000E+0,,,
,0.0000000E+0,6.6765411E+0,5.0000000E+0,,,
,0.0000000E+0,6.6805415E+0,9.0000000E+0,,,
,0.0000000E+0,6.6845418E+0,1.1000000E+1,,,
,0.0000000E+0,6.6885421E+0,1.0000000E+1,,,
,0.0000000E+0,6.6925424E+0,8.0000000E+0,,,
,0.0000000E+0,6.6965428E+0,5.0000000E+0,,,
,0.0000000E+0,6.7005431E+0,5.0000000E+0,,,
,0.0000000E+0,6.7045434E+0,6.0000000E+0,,,
,0.0000000E+0,6.7085437E+0,5.0000000E+0,,,
,0.0000000E+0,6.7125440E+0,5.0000000E+0,,,
,0.0000000E+0,6.7165444E+0,9.0000000E+0,,,
,0.0000000E+0,6.7205447E+0,6.0000000E+0,,,
,0.0000000E+0,6.7245450E+0,1.1000000E+1,,,
,0.0000000E+0,6.7285453E+0,4.0000000E+0,,,
,0.0000000E+0,6.7325457E+0,4.0000000E+0,,,
,0.0000000E+0,6.7365460E+0,9.0000000E+0,,,
,0.0000000E+0,6.7405463E+0,5.0000000E+0,,,
,0.0000000E+0,6.7445466E+0,6.0000000E+0,,,
,0.0000000E+0,6.7485470E+0,6.0000000E+0,,,
,0.0000000E+0,6.7525473E+0,7.0000000E+0,,,
,0.0000000E+0,6.7565476E+0,4.0000000E+0,,,
,0.0000000E+0,6.7605479E+0,4.0000000E+0,,,
,0.0000000E+0,6.7645483E+0,6.0000000E+0,,,
,0.0000000E+0,6.7685486E+0,9.0000000E+0,,,
,0.0000000E+0,6.7725489E+0,8.0000000E+0,,,
,0.0000000E+0,6.7765492E+0,4.0000000E+0,,,
,0.0000000E+0,6.7805496E+0,1.0000000E+0,,,
,0.0000000E+0,6.7845499E+0,5.0000000E+0,,,
,0.0000000E+0,6.7885502E+0,4.0000000E+0,,,
,0.0000000E+0,6.7925505E+0,5.0000000E+0,,,
,0.0000000E+0,6.7965509E+0,4.0000000E+0,,,
,0.0000000E+0,6.8005512E+0,6.0000000E+0,,,
,0.0000000E+0,6.8045515E+0,7.0000000E+0,,,
,0.0000000E+0,6.8085518E+0,8.0000000E+0,,,
,0.0000000E+0,6.8125522E+0,6.0000000E+0,,,
,0.0000000E+0,6.8165525E+0,9.0000000E+0,,,
,0.0000000E+0,6.8205528E+0,4.0000000E+0,,,
,0.0000000E+0,6.8245531E+0,5.0000000E+0,,,
,0.0000000E+0,6.8285534E+0,5.0000000E+0,,,
,0.0000000E+0,6.8325538E+0,7.0000000E+0,,,
,0.0000000E+0,6.8365541E+0,7.0000000E+0,,,
,0.0000000E+0,6.8405544E+0,4.0000000E+0,,,
,0.0000000E+0,6.8445547E+0,6.0000000E+0,,,
,0.0000000E+0,6.8485551E+0,6.0000000E+0,,,
,0.0000000E+0,6.8525554E+0,4.0000000E+0,,,
,0.0000000E+0,6.8565557E+0,8.0000000E+0,,,
,0.0000000E+0,6.8605560E+0,2.0000000E+0,,,
,0.0000000E+0,6.8645564E+0,4.0000000E+0,,,
,0.0000000E+0,6.8685567E+0,4.0000000E+0,,,
,0.0000000E+0,6.8725570E+0,8.0000000E+0,,,
,0.0000000E+0,6.8765573E+0,2.0000000E+0,,,
,0.0000000E+0,6.8805577E+0,3.0000000E+0,,,
,0.0000000E+0,6.8845580E+0,5.0000000E+0,,,
,0.0000000E+0,6.8885583E+0,8.0000000E+0,,,
,0.0000000E+0,6.8925586E+0,4.0000000E+0,,,
,0.0000000E+0,6.8965590E+0,5.0000000E+0,,,
,0.0000000E+0,6.9005593E+0,9.0000000E+0,,,
,0.0000000E+0,6.9045596E+0,6.0000000E+0,,,
,0.0000000E+0,6.9085599E+0,4.0000000E+0,,,
,0.0000000E+0,6.9125603E+0,8.0000000E+0,,,
,0.0000000E+0,6.9165606E+0,6.0000000E+0,,,
,0.0000000E+0,6.9205609E+0,6.0000000E+0,,,
,0.0000000E+0,6.9245612E+0,4.0000000E+0,,,
,0.0000000E+0,6.9285616E+0,5.0000000E+0,,,
,0.0000000E+0,6.9325619E+0,1.1000000E+1,,,
,0.0000000E+0,6.9365622E+0,3.0000000E+0,,,
,0.0000000E+0,6.9405625E+0,3.0000000E+0,,,
,0.0000000E+0,6.9445629E+0,5.0000000E+0,,,
,0.0000000E+0,6.9485632E+0,5.0000000E+0,,,
,0.0000000E+0,6.9525635E+0,5.0000000E+0,,,
,0.0000000E+0,6.9565638E+0,7.0000000E+0,,,
,0.0000000E+0,6.9605641E+0,3.0000000E+0,,,
,0.0000000E+0,6.9645645E+0,4.0000000E+0,,,
,0.0000000E+0,6.9685648E+0,3.0000000E+0,,,
,0.0000000E+0,6.9725651E+0,3.0000000E+0,,,
,0.0000000E+0,6.9765654E+0,4.0000000E+0,,,
,0.0000000E+0,6.9805658E+0,4.0000000E+0,,,
,0.0000000E+0,6.9845661E+0,7.0000000E+0,,,
,0.0000000E+0,6.9885664E+0,7.0000000E+0,,,
,0.0000000E+0,6.9925667E+0,5.0000000E+0,,,
,0.0000000E+0,6.9965671E+0,3.0000000E+0,,,
,0.0000000E+0,7.0005674E+0,3.0000000E+0,,,
,0.0000000E+0,7.0045677E+0,8.0000000E+0,,,
,0.0000000E+0,7.0085680E+0,6.0000000E+0,,,
,0.0000000E+0,7.0125684E+0,3.0000000E+0,,,
,0.0000000E+0,7.0165687E+0,2.0000000E+0,,,
,0.0000000E+0,7.0205690E+0,7.0000000E+0,,,
,0.0000000E+0,7.0245693E+0,5.0000000E+0,,,
,0.0000000E+0,7.0285697E+0,1.2000000E+1,,,
,0.0000000E+0,7.0325700E+0,3.0000000E+0,,,
,0.0000000E+0,7.0365703E+0,8.0000000E+0,,,
,0.0000000E+0,7.0405706E+0,6.0000000E+0,,,
,0.0000000E+0,7.0445710E+0,3.0000000E+0,,,
,0.0000000E+0,7.0485713E+0,6.0000000E+0,,,
,0.0000000E+0,7.0525716E+0,4.0000000E+0,,,
,0.0000000E+0,7.0565719E+0,5.0000000E+0,,,
,0.0000000E+0,7.0605723E+0,8.0000000E+0,,,
,0.0000000E+0,7.0645726E+0,4.0000000E+0,,,
,0.0000000E+0,7.0685729E+0,8.0000000E+0,,,
,0.0000000E+0,7.0725732E+0,5.0000000E+0,,,
,0.0000000E+0,7.0765736E+0,5.0000000E+0,,,
,0.0000000E+0,7.0805739E+0,6.0000000E+0,,,
,0.0000000E+0,7.0845742E+0,3.0000000E+0,,,
,0.0000000E+0,7.0885745E+0,7.0000000E+0,,,
,0.0000000E+0,7.0925748E+0,5.0000000E+0,,,
,0.0000000E+0,7.0965752E+0,9.0000000E+0,,,
,0.0000000E+0,7.1005755E+0,5.0000000E+0,,,
,0.0000000E+0,7.1045758E+0,9.0000000E+0,,,
,0.0000000E+0,7.1085761E+0,8.0000000E+0,,,
,0.0000000E+0,7.1125765E+0,3.0000000E+0,,,
,0.0000000E+0,7.1165768E+0,3.0000000E+0,,,
,0.0000000E+0,7.1205771E+0,3.0000000E+0,,,
,0.0000000E+0,7.1245774E+0,7.0000000E+0,,,
,0.0000000E+0,7.1285778E+0,1.0000000E+0,,,
,0.0000000E+0,7.1325781E+0,8.0000000E+0,,,
,0.0000000E+0,7.1365784E+0,6.0000000E+0,,,
,0.0000000E+0,7.1405787E+0,5.0000000E+0,,,
,0.0000000E+0,7.1445791E+0,4.0000000E+0,,,
,0.0000000E+0,7.1485794E+0,5.0000000E+0,,,
,0.0000000E+0,7.1525797E+0,4.0000000E+0,,,
,0.0000000E+0,7.1565800E+0,7.0000000E+0,,,
,0.0000000E+0,7.1605804E+0,9.0000000E+0,,,
,0.0000000E+0,7.1645807E+0,1.0000000E+1,,,
,0.0000000E+0,7.1685810E+0,6.0000000E+0,,,
,0.0000000E+0,7.1725813E+0,4.0000000E+0,,,
,0.0000000E+0,7.1765817E+0,6.0000000E+0,,,
,0.0000000E+0,7.1805820E+0,8.0000000E+0,,,
,0.0000000E+0,7.1845823E+0,6.0000000E+0,,,
,0.0000000E+0,7.1885826E+0,7.0000000E+0,,,
,0.0000000E+0,7.1925830E+0,7.0000000E+0,,,
,0.0000000E+0,7.1965833E+0,6.0000000E+0,,,
,0.0000000E+0,7.2005836E+0,4.0000000E+0,,,
,0.0000000E+0,7.2045839E+0,1.0000000E+0,,,
,0.0000000E+0,7.2085843E+0,6.0000000E+0,,,
,0.0000000E+0,7.2125846E+0,4.0000000E+0,,,
,0.0000000E+0,7.2165849E+0,7.0000000E+0,,,
,0.0000000E+0,7.2205852E+0,6.0000000E+0,,,
,0.0000000E+0,7.2245855E+0,7.0000000E+0,,,
,0.0000000E+0,7.2285859E+0,6.0000000E+0,,,
,0.0000000E+0,7.2325862E+0,7.0000000E+0,,,
,0.0000000E+0,7.2365865E+0,6.0000000E+0,,,
,0.0000000E+0,7.2405868E+0,1.1000000E+1,,,
,0.0000000E+0,7.2445872E+0,4.0000000E+0,,,
,0.0000000E+0,7.2485875E+0,7.0000000E+0,,,
,0.0000000E+0,7.2525878E+0,5.0000000E+0,,,
,0.0000000E+0,7.2565881E+0,5.0000000E+0,,,
,0.0000000E+0,7.2605885E+0,5.0000000E+0,,,
,0.0000000E+0,7.2645888E+0,8.0000000E+0,,,
,0.0000000E+0,7.2685891E+0,1.0000000E+0,,,
,0.0000000E+0,7.2725894E+0,9.0000000E+0,,,
,0.0000000E+0,7.2765898E+0,2.0000000E+0,,,
,0.0000000E+0,7.2805901E+0,5.0000000E+0,,,
,0.0000000E+0,7.2845904E+0,8.0000000E+0,,,
,0.0000000E+0,7.2885907E+0,6.0000000E+0,,,
,0.0000000E+0,7.2925911E+0,5.0000000E+0,,,
,0.0000000E+0,7.2965914E+0,4.0000000E+0,,,
,0.0000000E+0,7.3005917E+0,3.0000000E+0,,,
,0.0000000E+0,7.3045920E+0,2.0000000E+0,,,
,0.0000000E+0,7.3085924E+0,9.0000000E+0,,,
,0.0000000E+0,7.3125927E+0,5.0000000E+0,,,
,0.0000000E+0,7.3165930E+0,3.0000000E+0,,,
,0.0000000E+0,7.3205933E+0,6.0000000E+0,,,
,0.0000000E+0,7.3245937E+0,5.0000000E+0,,,
,0.0000000E+0,7.3285940E+0,3.0000000E+0,,,
,0.0000000E+0,7.3325943E+0,4.0000000E+0,,,
,0.0000000E+0,7.3365946E+0,7.0000000E+0,,,
,0.0000000E+0,7.3405949E+0,7.0000000E+0,,,
,0.0000000E+0,7.3445953E+0,8.0000000E+0,,,
,0.0000000E+0,7.3485956E+0,3.0000000E+0,,,
,0.0000000E+0,7.3525959E+0,5.0000000E+0,,,
,0.0000000E+0,7.3565962E+0,9.0000000E+0,,,
,0.0000000E+0,7.3605966E+0,5.0000000E+0,,,
,0.0000000E+0,7.3645969E+0,6.0000000E+0,,,
,0.0000000E+0,7.3685972E+0,1.1000000E+1,,,
,0.0000000E+0,7.3725975E+0,7.0000000E+0,,,
,0.0000000E+0,7.3765979E+0,4.0000000E+0,,,
,0.0000000E+0,7.3805982E+0,5.0000000E+0,,,
,0.0000000E+0,7.3845985E+0,5.0000000E+0,,,
,0.0000000E+0,7.3885988E+0,6.0000000E+0,,,
,0.0000000E+0,7.3925992E+0,6.0000000E+0,,,
,0.0000000E+0,7.3965995E+0,5.0000000E+0,,,
,0.0000000E+0,7.4005998E+0,3.0000000E+0,,,
,0.0000000E+0,7.4046001E+0,4.0000000E+0,,,
,0.0000000E+0,7.4086005E+0,1.0000000E+0,,,
,0.0000000E+0,7.4126008E+0,4.0000000E+0,,,
,0.0000000E+0,7.4166011E+0,8.0000000E+0,,,
,0.0000000E+0,7.4206014E+0,7.0000000E+0,,,
,0.0000000E+0,7.4246018E+0,5.0000000E+0,,,
,0.0000000E+0,7.4286021E+0,7.0000000E+0,,,
,0.0000000E+0,7.4326024E+0,6.0000000E+0,,,
,0.0000000E+0,7.4366027E+0,8.0000000E+0,,,
,0.0000000E+0,7.4406031E+0,6.0000000E+0,,,
,0.0000000E+0,7.4446034E+0,3.0000000E+0,,,
,0.0000000E+0,7.4486037E+0,7.0000000E+0,,,
,0.0000000E+0,7.4526040E+0,7.0000000E+0,,,
,0.0000000E+0,7.4566044E+0,7.0000000E+0,,,
,0.0000000E+0,7.4606047E+0,6.0000000E+0,,,
,0.0000000E+0,7.4646050E+0,6.0000000E+0,,,
,0.0000000E+0,7.4686053E+0,6.0000000E+0,,,
,0.0000000E+0,7.4726056E+0,5.0000000E+0,,,
,0.0000000E+0,7.4766060E+0,4.0000000E+0,,,
,0.0000000E+0,7.4806063E+0,5.0000000E+0,,,
,0.0000000E+0,7.4846066E+0,9.0000000E+0,,,
,0.0000000E+0,7.4886069E+0,7.0000000E+0,,,
,0.0000000E+0,7.4926073E+0,8.0000000E+0,,,
,0.0000000E+0,7.4966076E+0,9.0000000E+0,,,
,0.0000000E+0,7.5006079E+0,6.0000000E+0,,,
,0.0000000E+0,7.5046082E+0,1.1000000E+1,,,
,0.0000000E+0,7.5086086E+0,1.0000000E+1,,,
,0.0000000E+0,7.5126089E+0,5.0000000E+0,,,
,0.0000000E+0,7.5166092E+0,4.0000000E+0,,,
,0.0000000E+0,7.5206095E+0,7.0000000E+0,,,
,0.0000000E+0,7.5246099E+0,6.0000000E+0,,,
,0.0000000E+0,7.5286102E+0,6.0000000E+0,,,
,0.0000000E+0,7.5326105E+0,8.0000000E+0,,,
,0.0000000E+0,7.5366108E+0,1.1000000E+1,,,
,0.0000000E+0,7.5406112E+0,7.0000000E+0,,,
,0.0000000E+0,7.5446115E+0,1.1000000E+1,,,
,0.0000000E+0,7.5486118E+0,6.0000000E+0,,,
,0.0000000E+0,7.5526121E+0,4.0000000E+0,,,
,0.0000000E+0,7.5566125E+0,8.0000000E+0,,,
,0.0000000E+0,7.5606128E+0,2.0000000E+0,,,
,0.0000000E+0,7.5646131E+0,3.0000000E+0,,,
,0.0000000E+0,7.5686134E+0,8.0000000E+0,,,
,0.0000000E+0,7.5726138E+0,9.0000000E+0,,,
,0.0000000E+0,7.5766141E+0,6.0000000E+0,,,
,0.0000000E+0,7.5806144E+0,7.0000000E+0,,,
,0.0000000E+0,7.5846147E+0,5.0000000E+0,,,
,0.0000000E+0,7.5886151E+0,7.0000000E+0,,,
,0.0000000E+0,7.5926154E+0,1.1000000E+1,,,
,0.0000000E+0,7.5966157E+0,5.0000000E+0,,,
,0.0000000E+0,7.6006160E+0,6.0000000E+0,,,
,0.0000000E+0,7.6046163E+0,4.0000000E+0,,,
,0.0000000E+0,7.6086167E+0,5.0000000E+0,,,
,0.0000000E+0,7.6126170E+0,1.0000000E+1,,,
,0.0000000E+0,7.6166173E+0,5.0000000E+0,,,
,0.0000000E+0,7.6206176E+0,7.0000000E+0,,,
,0.0000000E+0,7.6246180E+0,2.0000000E+0,,,
,0.0000000E+0,7.6286183E+0,7.0000000E+0,,,
,0.0000000E+0,7.6326186E+0,7.0000000E+0,,,
,0.0000000E+0,7.6366189E+0,9.0000000E+0,,,
,0.0000000E+0,7.6406193E+0,4.0000000E+0,,,
,0.0000000E+0,7.6446196E+0,7.0000000E+0,,,
,0.0000000E+0,7.6486199E+0,5.0000000E+0,,,
,0.0000000E+0,7.6526202E+0,7.0000000E+0,,,
,0.0000000E+0,7.6566206E+0,6.0000000E+0,,,
,0.0000000E+0,7.6606209E+0,1.0000000E+1,,,
,0.0000000E+0,7.6646212E+0,5.0000000E+0,,,
,0.0000000E+0,7.6686215E+0,9.0000000E+0,,,
,0.0000000E+0,7.6726219E+0,6.0000000E+0,,,
,0.0000000E+0,7.6766222E+0,7.0000000E+0,,,
,0.0000000E+0,7.6806225E+0,6.0000000E+0,,,
,0.0000000E+0,7.6846228E+0,4.0000000E+0,,,
,0.0000000E+0,7.6886232E+0,3.0000000E+0,,,
,0.0000000E+0,7.6926235E+0,3.0000000E+0,,,
,0.0000000E+0,7.6966238E+0,4.0000000E+0,,,
,0.0000000E+0,7.7006241E+0,6.0000000E+0,,,
,0.0000000E+0,7.7046245E+0,4.0000000E+0,,,
,0.0000000E+0,7.7086248E+0,3.0000000E+0,,,
,0.0000000E+0,7.7126251E+0,4.0000000E+0,,,
,0.0000000E+0,7.7166254E+0,6.0000000E+0,,,
,0.0000000E+0,7.7206258E+0,7.0000000E+0,,,
,0.0000000E+0,7.7246261E+0,6.0000000E+0,,,
,0.0000000E+0,7.7286264E+0,7.0000000E+0,,,
,0.0000000E+0,7.7326267E+0,5.0000000E+0,,,
,0.0000000E+0,7.7366270E+0,6.0000000E+0,,,
,0.0000000E+0,7.7406274E+0,9.0000000E+0,,,
,0.0000000E+0,7.7446277E+0,6.0000000E+0,,,
,0.0000000E+0,7.7486280E+0,2.0000000E+0,,,
,0.0000000E+0,7.7526283E+0,9.0000000E+0,,,
,0.0000000E+0,7.7566287E+0,8.0000000E+0,,,
,0.0000000E+0,7.7606290E+0,7.0000000E+0,,,
,0.0000000E+0,7.7646293E+0,4.0000000E+0,,,
,0.0000000E+0,7.7686296E+0,4.0000000E+0,,,
,0.0000000E+0,7.7726300E+0,7.0000000E+0,,,
,0.0000000E+0,7.7766303E+0,7.0000000E+0,,,
,0.0000000E+0,7.7806306E+0,3.0000000E+0,,,
,0.0000000E+0,7.7846309E+0,7.0000000E+0,,,
,0.0000000E+0,7.7886313E+0,5.0000000E+0,,,
,0.0000000E+0,7.7926316E+0,9.0000000E+0,,,
,0.0000000E+0,7.7966319E+0,8.0000000E+0,,,
,0.0000000E+0,7.8006322E+0,5.0000000E+0,,,
,0.0000000E+0,7.8046326E+0,6.0000000E+0,,,
,0.0000000E+0,7.8086329E+0,8.0000000E+0,,,
,0.0000000E+0,7.8126332E+0,6.0000000E+0,,,
,0.0000000E+0,7.8166335E+0,3.0000000E+0,,,
,0.0000000E+0,7.8206339E+0,4.0000000E+0,,,
,0.0000000E+0,7.8246342E+0,1.2000000E+1,,,
,0.0000000E+0,7.8286345E+0,2.0000000E+0,,,
,0.0000000E+0,7.8326348E+0,4.0000000E+0,,,
,0.0000000E+0,7.8366352E+0,6.0000000E+0,,,
,0.0000000E+0,7.8406355E+0,3.0000000E+0,,,
,0.0000000E+0,7.8446358E+0,2.0000000E+0,,,
,0.0000000E+0,7.8486361E+0,4.0000000E+0,,,
,0.0000000E+0,7.8526365E+0,7.0000000E+0,,,
,0.0000000E+0,7.8566368E+0,5.0000000E+0,,,
,0.0000000E+0,7.8606371E+0,4.0000000E+0,,,
,0.0000000E+0,7.8646374E+0,8.0000000E+0,,,
,0.0000000E+0,7.8686377E+0,7.0000000E+0,,,
,0.0000000E+0,7.8726381E+0,8.0000000E+0,,,
,0.0000000E+0,7.8766384E+0,9.0000000E+0,,,
,0.0000000E+0,7.8806387E+0,6.0000000E+0,,,
,0.0000000E+0,7.8846390E+0,1.0000000E+1,,,
,0.0000000E+0,7.8886394E+0,5.0000000E+0,,,
,0.0000000E+0,7.8926397E+0,9.0000000E+0,,,
,0.0000000E+0,7.8966400E+0,7.0000000E+0,,,
,0.0000000E+0,7.9006403E+0,7.0000000E+0,,,
,0.0000000E+0,7.9046407E+0,6.0000000E+0,,,
,0.0000000E+0,7.9086410E+0,6.0000000E+0,,,
,0.0000000E+0,7.9126413E+0,4.0000000E+0,,,
,0.0000000E+0,7.9166416E+0,6.0000000E+0,,,
,0.0000000E+0,7.9206420E+0,8.0000000E+0,,,
,0.0000000E+0,7.9246423E+0,1.0000000E+1,,,
,0.0000000E+0,7.9286426E+0,4.0000000E+0,,,
,0.0000000E+0,7.9326429E+0,3.0000000E+0,,,
,0.0000000E+0,7.9366433E+0,4.0000000E+0,,,
,0.0000000E+0,7.9406436E+0,7.0000000E+0,,,
,0.0000000E+0,7.9446439E+0,7.0000000E+0,,,
,0.0000000E+0,7.9486442E+0,8.0000000E+0,,,
,0.0000000E+0,7.9526446E+0,5.0000000E+0,,,
,0.0000000E+0,7.9566449E+0,4.0000000E+0,,,
,0.0000000E+0,7.9606452E+0,4.0000000E+0,,,
,0.0000000E+0,7.9646455E+0,5.0000000E+0,,,
,0.0000000E+0,7.9686459E+0,4.0000000E+0,,,
,0.0000000E+0,7.9726462E+0,6.0000000E+0,,,
,0.0000000E+0,7.9766465E+0,3.0000000E+0,,,
,0.0000000E+0,7.9806468E+0,8.0000000E+0,,,
,0.0000000E+0,7.9846471E+0,5.0000000E+0,,,
,0.0000000E+0,7.9886475E+0,3.0000000E+0,,,
,0.0000000E+0,7.9926478E+0,4.0000000E+0,,,
,0.0000000E+0,7.9966481E+0,4.0000000E+0,,,
,0.0000000E+0,8.0006484E+0,9.0000000E+0,,,
,0.0000000E+0,8.0046488E+0,8.0000000E+0,,,
,0.0000000E+0,8.0086491E+0,5.0000000E+0,,,
,0.0000000E+0,8.0126494E+0,3.0000000E+0,,,
,0.0000000E+0,8.0166497E+0,5.0000000E+0,,,
,0.0000000E+0,8.0206501E+0,6.0000000E+0,,,
,0.0000000E+0,8.0246504E+0,5.0000000E+0,,,
,0.0000000E+0,8.0286507E+0,9.0000000E+0,,,
,0.0000000E+0,8.0326510E+0,5.0000000E+0,,,
,0.0000000E+0,8.0366514E+0,4.0000000E+0,,,
,0.0000000E+0,8.0406517E+0,6.0000000E+0,,,
,0.0000000E+0,8.0446520E+0,8.0000000E+0,,,
,0.0000000E+0,8.0486523E+0,4.0000000E+0,,,
,0.0000000E+0,8.0526527E+0,9.0000000E+0,,,
,0.0000000E+0,8.0566530E+0,6.0000000E+0,,,
,0.0000000E+0,8.0606533E+0,4.0000000E+0,,,
,0.0000000E+0,8.0646536E+0,3.0000000E+0,,,
,0.0000000E+0,8.0686540E+0,7.0000000E+0,,,
,0.0000000E+0,8.0726543E+0,8.0000000E+0,,,
,0.0000000E+0,8.0766546E+0,6.0000000E+0,,,
,0.0000000E+0,8.0806549E+0,5.0000000E+0,,,
,0.0000000E+0,8.0846553E+0,3.0000000E+0,,,
,0.0000000E+0,8.0886556E+0,3.0000000E+0,,,
,0.0000000E+0,8.0926559E+0,4.0000000E+0,,,
,0.0000000E+0,8.0966562E+0,3.0000000E+0,,,
,0.0000000E+0,8.1006566E+0,2.0000000E+0,,,
,0.0000000E+0,8.1046569E+0,1.0000000E+0,,,
,0.0000000E+0,8.1086572E+0,6.0000000E+0,,,
,0.0000000E+0,8.1126575E+0,5.0000000E+0,,,
,0.0000000E+0,8.1166578E+0,7.0000000E+0,,,
,0.0000000E+0,8.1206582E+0,6.0000000E+0,,,
,0.0000000E+0,8.1246585E+0,5.0000000E+0,,,
,0.0000000E+0,8.1286588E+0,8.0000000E+0,,,
,0.0000000E+0,8.1326591E+0,5.0000000E+0,,,
,0.0000000E+0,8.1366595E+0,8.0000000E+0,,,
,0.0000000E+0,8.1406598E+0,6.0000000E+0,,,
,0.0000000E+0,8.1446601E+0,9.0000000E+0,,,
,0.0000000E+0,8.1486604E+0,5.0000000E+0,,,
,0.0000000E+0,8.1526608E+0,3.0000000E+0,,,
,0.0000000E+0,8.1566611E+0,4.0000000E+0,,,
,0.0000000E+0,8.1606614E+0,7.0000000E+0,,,
,0.0000000E+0,8.1646617E+0,4.0000000E+0,,,
,0.0000000E+0,8.1686621E+0,7.0000000E+0,,,
,0.0000000E+0,8.1726624E+0,7.0000000E+0,,,
,0.0000000E+0,8.1766627E+0,4.0000000E+0,,,
,0.0000000E+0,8.1806630E+0,6.0000000E+0,,,
,0.0000000E+0,8.1846634E+0,5.0000000E+0,,,
,0.0000000E+0,8.1886637E+0,9.0000000E+0,,,
,0.0000000E+0,8.1926640E+0,4.0000000E+0,,,
,0.0000000E+0,8.1966643E+0,4.0000000E+0,,,
,0.0000000E+0,8.2006647E+0,4.0000000E+0,,,
,0.0000000E+0,8.2046650E+0,5.0000000E+0,,,
,0.0000000E+0,8.2086653E+0,8.0000000E+0,,,
,0.0000000E+0,8.2126656E+0,9.0000000E+0,,,
,0.0000000E+0,8.2166660E+0,5.0000000E+0,,,
,0.0000000E+0,8.2206663E+0,3.0000000E+0,,,
,0.0000000E+0,8.2246666E+0,7.0000000E+0,,,
,0.0000000E+0,8.2286669E+0,3.0000000E+0,,,
,0.0000000E+0,8.2326673E+0,8.0000000E+0,,,
,0.0000000E+0,8.2366676E+0,5.0000000E+0,,,
,0.0000000E+0,8.2406679E+0,5.0000000E+0,,,
,0.0000000E+0,8.2446682E+0,1.0000000E+1,,,
,0.0000000E+0,8.2486685E+0,4.0000000E+0,,,
,0.0000000E+0,8.2526689E+0,6.0000000E+0,,,
,0.0000000E+0,8.2566692E+0,2.0000000E+0,,,
,0.0000000E+0,8.2606695E+0,2.0000000E+0,,,
,0.0000000E+0,8.2646698E+0,6.0000000E+0,,,
,0.0000000E+0,8.2686702E+0,6.0000000E+0,,,
,0.0000000E+0,8.2726705E+0,4.0000000E+0,,,
,0.0000000E+0,8.2766708E+0,6.0000000E+0,,,
,0.0000000E+0,8.2806711E+0,4.0000000E+0,,,
,0.0000000E+0,8.2846715E+0,6.0000000E+0,,,
,0.0000000E+0,8.2886718E+0,7.0000000E+0,,,
,0.0000000E+0,8.2926721E+0,6.0000000E+0,,,
,0.0000000E+0,8.2966724E+0,4.0000000E+0,,,
,0.0000000E+0,8.3006728E+0,4.0000000E+0,,,
,0.0000000E+0,8.3046731E+0,8.0000000E+0,,,
,0.0000000E+0,8.3086734E+0,5.0000000E+0,,,
,0.0000000E+0,8.3126737E+0,4.0000000E+0,,,
,0.0000000E+0,8.3166741E+0,3.0000000E+0,,,
,0.0000000E+0,8.3206744E+0,3.0000000E+0,,,
,0.0000000E+0,8.3246747E+0,6.0000000E+0,,,
,0.0000000E+0,8.3286750E+0,3.0000000E+0,,,
,0.0000000E+0,8.3326754E+0,9.0000000E+0,,,
,0.0000000E+0,8.3366757E+0,8.0000000E+0,,,
,0.0000000E+0,8.3406760E+0,7.0000000E+0,,,
,0.0000000E+0,8.3446763E+0,6.0000000E+0,,,
,0.0000000E+0,8.3486767E+0,5.0000000E+0,,,
,0.0000000E+0,8.3526770E+0,9.0000000E+0,,,
,0.0000000E+0,8.3566773E+0,6.0000000E+0,,,
,0.0000000E+0,8.3606776E+0,6.0000000E+0,,,
,0.0000000E+0,8.3646780E+0,4.0000000E+0,,,
,0.0000000E+0,8.3686783E+0,8.0000000E+0,,,
,0.0000000E+0,8.3726786E+0,5.0000000E+0,,,
,0.0000000E+0,8.3766789E+0,9.0000000E+0,,,
,0.0000000E+0,8.3806792E+0,4.0000000E+0,,,
,0.0000000E+0,8.3846796E+0,4.0000000E+0,,,
,0.0000000E+0,8.3886799E+0,6.0000000E+0,,,
,0.0000000E+0,8.3926802E+0,5.0000000E+0,,,
,0.0000000E+0,8.3966805E+0,5.0000000E+0,,,
,0.0000000E+0,8.4006809E+0,2.0000000E+0,,,
,0.0000000E+0,8.4046812E+0,5.0000000E+0,,,
,0.0000000E+0,8.4086815E+0,8.0000000E+0,,,
,0.0000000E+0,8.4126818E+0,4.0000000E+0,,,
,0.0000000E+0,8.4166822E+0,9.0000000E+0,,,
,0.0000000E+0,8.4206825E+0,6.0000000E+0,,,
,0.0000000E+0,8.4246828E+0,4.0000000E+0,,,
,0.0000000E+0,8.4286831E+0,7.0000000E+0,,,
,0.0000000E+0,8.4326835E+0,1.2000000E+1,,,
,0.0000000E+0,8.4366838E+0,9.0000000E+0,,,
,0.0000000E+0,8.4406841E+0,7.0000000E+0,,,
,0.0000000E+0,8.4446844E+0,4.0000000E+0,,,
,0.0000000E+0,8.4486848E+0,8.0000000E+0,,,
,0.0000000E+0,8.4526851E+0,2.0000000E+0,,,
,0.0000000E+0,8.4566854E+0,5.0000000E+0,,,
,0.0000000E+0,8.4606857E+0,4.0000000E+0,,,
,0.0000000E+0,8.4646861E+0,3.0000000E+0,,,
,0.0000000E+0,8.4686864E+0,5.0000000E+0,,,
,0.0000000E+0,8.4726867E+0,1.4000000E+1,,,
,0.0000000E+0,8.4766870E+0,2.0000000E+0,,,
,0.0000000E+0,8.4806874E+0,5.0000000E+0,,,
,0.0000000E+0,8.4846877E+0,8.0000000E+0,,,
,0.0000000E+0,8.4886880E+0,8.0000000E+0,,,
,0.0000000E+0,8.4926883E+0,3.0000000E+0,,,
,0.0000000E+0,8.4966887E+0,6.0000000E+0,,,
,0.0000000E+0,8.5006890E+0,5.0000000E+0,,,
,0.0000000E+0,8.5046893E+0,4.0000000E+0,,,
,0.0000000E+0,8.5086896E+0,1.0000000E+1,,,
,0.0000000E+0,8.5126899E+0,2.0000000E+0,,,
,0.0000000E+0,8.5166903E+0,6.0000000E+0,,,
,0.0000000E+0,8.5206906E+0,4.0000000E+0,,,
,0.0000000E+0,8.5246909E+0,5.0000000E+0,,,
,0.0000000E+0,8.5286912E+0,4.0000000E+0,,,
,0.0000000E+0,8.5326916E+0,6.0000000E+0,,,
,0.0000000E+0,8.5366919E+0,3.0000000E+0,,,
,0.0000000E+0,8.5406922E+0,1.2000000E+1,,,
,0.0000000E+0,8.5446925E+0,4.0000000E+0,,,
,0.0000000E+0,8.5486929E+0,8.0000000E+0,,,
,0.0000000E+0,8.5526932E+0,7.0000000E+0,,,
,0.0000000E+0,8.5566935E+0,3.0000000E+0,,,
,0.0000000E+0,8.5606938E+0,7.0000000E+0,,,
,0.0000000E+0,8.5646942E+0,9.0000000E+0,,,
,0.0000000E+0,8.5686945E+0,9.0000000E+0,,,
,0.0000000E+0,8.5726948E+0,4.0000000E+0,,,
,0.0000000E+0,8.5766951E+0,9.0000000E+0,,,
,0.0000000E+0,8.5806955E+0,4.0000000E+0,,,
,0.0000000E+0,8.5846958E+0,6.0000000E+0,,,
,0.0000000E+0,8.5886961E+0,8.0000000E+0,,,
,0.0000000E+0,8.5926964E+0,7.0000000E+0,,,
,0.0000000E+0,8.5966968E+0,7.0000000E+0,,,
,0.0000000E+0,8.6006971E+0,9.0000000E+0,,,
,0.0000000E+0,8.6046974E+0,4.0000000E+0,,,
,0.0000000E+0,8.6086977E+0,4.0000000E+0,,,
,0.0000000E+0,8.6126981E+0,7.0000000E+0,,,
,0.0000000E+0,8.6166984E+0,2.0000000E+0,,,
,0.0000000E+0,8.6206987E+0,3.0000000E+0,,,
,0.0000000E+0,8.6246990E+0,6.0000000E+0,,,
,0.0000000E+0,8.6286993E+0,5.0000000E+0,,,
,0.0000000E+0,8.6326997E+0,9.0000000E+0,,,
,0.0000000E+0,8.6367000E+0,4.0000000E+0,,,
,0.0000000E+0,8.6407003E+0,1.6000000E+1,,,
,0.0000000E+0,8.6447006E+0,1.2000000E+1,,,
,0.0000000E+0,8.6487010E+0,9.0000000E+0,,,
,0.0000000E+0,8.6527013E+0,4.0000000E+0,,,
,0.0000000E+0,8.6567016E+0,6.0000000E+0,,,
,0.0000000E+0,8.6607019E+0,7.0000000E+0,,,
,0.0000000E+0,8.6647023E+0,7.0000000E+0,,,
,0.0000000E+0,8.6687026E+0,8.0000000E+0,,,
,0.0000000E+0,8.6727029E+0,4.0000000E+0,,,
,0.0000000E+0,8.6767032E+0,6.0000000E+0,,,
,0.0000000E+0,8.6807036E+0,4.0000000E+0,,,
,0.0000000E+0,8.6847039E+0,4.0000000E+0,,,
,0.0000000E+0,8.6887042E+0,3.0000000E+0,,,
,0.0000000E+0,8.6927045E+0,3.0000000E+0,,,
,0.0000000E+0,8.6967049E+0,3.0000000E+0,,,
,0.0000000E+0,8.7007052E+0,7.0000000E+0,,,
,0.0000000E+0,8.7047055E+0,4.0000000E+0,,,
,0.0000000E+0,8.7087058E+0,6.0000000E+0,,,
,0.0000000E+0,8.7127062E+0,6.0000000E+0,,,
,0.0000000E+0,8.7167065E+0,7.0000000E+0,,,
,0.0000000E+0,8.7207068E+0,8.0000000E+0,,,
,0.0000000E+0,8.7247071E+0,1.3000000E+1,,,
,0.0000000E+0,8.7287075E+0,6.0000000E+0,,,
,0.0000000E+0,8.7327078E+0,7.0000000E+0,,,
,0.0000000E+0,8.7367081E+0,7.0000000E+0,,,
,0.0000000E+0,8.7407084E+0,5.0000000E+0,,,
,0.0000000E+0,8.7447088E+0,1.0000000E+1,,,
,0.0000000E+0,8.7487091E+0,1.0000000E+1,,,
,0.0000000E+0,8.7527094E+0,6.0000000E+0,,,
,0.0000000E+0,8.7567097E+0,5.0000000E+0,,,
,0.0000000E+0,8.7607100E+0,7.0000000E+0,,,
,0.0000000E+0,8.7647104E+0,8.0000000E+0,,,
,0.0000000E+0,8.7687107E+0,5.0000000E+0,,,
,0.0000000E+0,8.7727110E+0,8.0000000E+0,,,
,0.0000000E+0,8.7767113E+0,8.0000000E+0,,,
,0.0000000E+0,8.7807117E+0,5.0000000E+0,,,
,0.0000000E+0,8.7847120E+0,8.0000000E+0,,,
,0.0000000E+0,8.7887123E+0,2.0000000E+0,,,
,0.0000000E+0,8.7927126E+0,4.0000000E+0,,,
,0.0000000E+0,8.7967130E+0,2.0000000E+0,,,
,0.0000000E+0,8.8007133E+0,7.0000000E+0,,,
,0.0000000E+0,8.8047136E+0,4.0000000E+0,,,
,0.0000000E+0,8.8087139E+0,1.1000000E+1,,,
,0.0000000E+0,8.8127143E+0,4.0000000E+0,,,
,0.0000000E+0,8.8167146E+0,7.0000000E+0,,,
,0.0000000E+0,8.8207149E+0,1.0000000E+1,,,
,0.0000000E+0,8.8247152E+0,7.0000000E+0,,,
,0.0000000E+0,8.8287156E+0,3.0000000E+0,,,
,0.0000000E+0,8.8327159E+0,2.0000000E+0,,,
,0.0000000E+0,8.8367162E+0,5.0000000E+0,,,
,0.0000000E+0,8.8407165E+0,2.0000000E+0,,,
,0.0000000E+0,8.8447169E+0,4.0000000E+0,,,
,0.0000000E+0,8.8487172E+0,6.0000000E+0,,,
,0.0000000E+0,8.8527175E+0,4.0000000E+0,,,
,0.0000000E+0,8.8567178E+0,1.0000000E+1,,,
,0.0000000E+0,8.8607182E+0,8.0000000E+0,,,
,0.0000000E+0,8.8647185E+0,6.0000000E+0,,,
,0.0000000E+0,8.8687188E+0,6.0000000E+0,,,
,0.0000000E+0,8.8727191E+0,6.0000000E+0,,,
,0.0000000E+0,8.8767195E+0,4.0000000E+0,,,
,0.0000000E+0,8.8807198E+0,5.0000000E+0,,,
,0.0000000E+0,8.8847201E+0,3.0000000E+0,,,
,0.0000000E+0,8.8887204E+0,7.0000000E+0,,,
,0.0000000E+0,8.8927207E+0,6.0000000E+0,,,
,0.0000000E+0,8.8967211E+0,4.0000000E+0,,,
,0.0000000E+0,8.9007214E+0,6.0000000E+0,,,
,0.0000000E+0,8.9047217E+0,7.0000000E+0,,,
,0.0000000E+0,8.9087220E+0,9.0000000E+0,,,
,0.0000000E+0,8.9127224E+0,1.0000000E+1,,,
,0.0000000E+0,8.9167227E+0,4.0000000E+0,,,
,0.0000000E+0,8.9207230E+0,8.0000000E+0,,,
,0.0000000E+0,8.9247233E+0,4.0000000E+0,,,
,0.0000000E+0,8.9287237E+0,1.0000000E+0,,,
,0.0000000E+0,8.9327240E+0,7.0000000E+0,,,
,0.0000000E+0,8.9367243E+0,2.0000000E+0,,,
,0.0000000E+0,8.9407246E+0,4.0000000E+0,,,
,0.0000000E+0,8.9447250E+0,5.0000000E+0,,,
,0.0000000E+0,8.9487253E+0,7.0000000E+0,,,
,0.0000000E+0,8.9527256E+0,9.0000000E+0,,,
,0.0000000E+0,8.9567259E+0,5.0000000E+0,,,
,0.0000000E+0,8.9607263E+0,1.0000000E+1,,,
,0.0000000E+0,8.9647266E+0,7.0000000E+0,,,
,0.0000000E+0,8.9687269E+0,9.0000000E+0,,,
,0.0000000E+0,8.9727272E+0,4.0000000E+0,,,
,0.0000000E+0,8.9767276E+0,8.0000000E+0,,,
,0.0000000E+0,8.9807279E+0,6.0000000E+0,,,
,0.0000000E+0,8.9847282E+0,5.0000000E+0,,,
,0.0000000E+0,8.9887285E+0,1.1000000E+1,,,
,0.0000000E+0,8.9927289E+0,5.0000000E+0,,,
,0.0000000E+0,8.9967292E+0,5.0000000E+0,,,
,0.0000000E+0,9.0007295E+0,6.0000000E+0,,,
,0.0000000E+0,9.0047298E+0,2.0000000E+0,,,
,0.0000000E+0,9.0087302E+0,4.0000000E+0,,,
,0.0000000E+0,9.0127305E+0,7.0000000E+0,,,
,0.0000000E+0,9.0167308E+0,5.0000000E+0,,,
,0.0000000E+0,9.0207311E+0,3.0000000E+0,,,
,0.0000000E+0,9.0247314E+0,5.0000000E+0,,,
,0.0000000E+0,9.0287318E+0,8.0000000E+0,,,
,0.0000000E+0,9.0327321E+0,7.0000000E+0,,,
,0.0000000E+0,9.0367324E+0,4.0000000E+0,,,
,0.0000000E+0,9.0407327E+0,6.0000000E+0,,,
,0.0000000E+0,9.0447331E+0,5.0000000E+0,,,
,0.0000000E+0,9.0487334E+0,5.0000000E+0,,,
,0.0000000E+0,9.0527337E+0,6.0000000E+0,,,
,0.0000000E+0,9.0567340E+0,8.0000000E+0,,,
,0.0000000E+0,9.0607344E+0,4.0000000E+0,,,
,0.0000000E+0,9.0647347E+0,4.0000000E+0,,,
,0.0000000E+0,9.0687350E+0,6.0000000E+0,,,
,0.0000000E+0,9.0727353E+0,9.0000000E+0,,,
,0.0000000E+0,9.0767357E+0,3.0000000E+0,,,
,0.0000000E+0,9.0807360E+0,8.0000000E+0,,,
,0.0000000E+0,9.0847363E+0,9.0000000E+0,,,
,0.0000000E+0,9.0887366E+0,1.0000000E+0,,,
,0.0000000E+0,9.0927370E+0,6.0000000E+0,,,
,0.0000000E+0,9.0967373E+0,8.0000000E+0,,,
,0.0000000E+0,9.1007376E+0,8.0000000E+0,,,
,0.0000000E+0,9.1047379E+0,7.0000000E+0,,,
,0.0000000E+0,9.1087383E+0,7.0000000E+0,,,
,0.0000000E+0,9.1127386E+0,2.0000000E+0,,,
,0.0000000E+0,9.1167389E+0,4.0000000E+0,,,
,0.0000000E+0,9.1207392E+0,6.0000000E+0,,,
,0.0000000E+0,9.1247396E+0,5.0000000E+0,,,
,0.0000000E+0,9.1287399E+0,9.0000000E+0,,,
,0.0000000E+0,9.1327402E+0,4.0000000E+0,,,
,0.0000000E+0,9.1367405E+0,1.1000000E+1,,,
,0.0000000E+0,9.1407409E+0,5.0000000E+0,,,
,0.0000000E+0,9.1447412E+0,8.0000000E+0,,,
,0.0000000E+0,9.1487415E+0,7.0000000E+0,,,
,0.0000000E+0,9.1527418E+0,6.0000000E+0,,,
,0.0000000E+0,9.1567421E+0,5.0000000E+0,,,
,0.0000000E+0,9.1607425E+0,5.0000000E+0,,,
,0.0000000E+0,9.1647428E+0,7.0000000E+0,,,
,0.0000000E+0,9.1687431E+0,2.0000000E+0,,,
,0.0000000E+0,9.1727434E+0,6.0000000E+0,,,
,0.0000000E+0,9.1767438E+0,0.0000000E+0,,,
,0.0000000E+0,9.1807441E+0,6.0000000E+0,,,
,0.0000000E+0,9.1847444E+0,5.0000000E+0,,,
,0.0000000E+0,9.1887447E+0,4.0000000E+0,,,
,0.0000000E+0,9.1927451E+0,6.0000000E+0,,,
,0.0000000E+0,9.1967454E+0,7.0000000E+0,,,
,0.0000000E+0,9.2007457E+0,7.0000000E+0,,,
,0.0000000E+0,9.2047460E+0,7.0000000E+0,,,
,0.0000000E+0,9.2087464E+0,3.0000000E+0,,,
,0.0000000E+0,9.2127467E+0,1.0000000E+1,,,
,0.0000000E+0,9.2167470E+0,6.0000000E+0,,,
,0.0000000E+0,9.2207473E+0,7.0000000E+0,,,
,0.0000000E+0,9.2247477E+0,9.0000000E+0,,,
,0.0000000E+0,9.2287480E+0,6.0000000E+0,,,
,0.0000000E+0,9.2327483E+0,5.0000000E+0,,,
,0.0000000E+0,9.2367486E+0,4.0000000E+0,,,
,0.0000000E+0,9.2407490E+0,4.0000000E+0,,,
,0.0000000E+0,9.2447493E+0,6.0000000E+0,,,
,0.0000000E+0,9.2487496E+0,3.0000000E+0,,,
,0.0000000E+0,9.2527499E+0,3.0000000E+0,,,
,0.0000000E+0,9.2567503E+0,3.0000000E+0,,,
,0.0000000E+0,9.2607506E+0,4.0000000E+0,,,
,0.0000000E+0,9.2647509E+0,6.0000000E+0,,,
,0.0000000E+0,9.2687512E+0,1.1000000E+1,,,
,0.0000000E+0,9.2727515E+0,5.0000000E+0,,,
,0.0000000E+0,9.2767519E+0,2.0000000E+0,,,
,0.0000000E+0,9.2807522E+0,4.0000000E+0,,,
,0.0000000E+0,9.2847525E+0,4.0000000E+0,,,
,0.0000000E+0,9.2887528E+0,8.0000000E+0,,,
,0.0000000E+0,9.2927532E+0,6.0000000E+0,,,
,0.0000000E+0,9.2967535E+0,7.0000000E+0,,,
,0.0000000E+0,9.3007538E+0,8.0000000E+0,,,
,0.0000000E+0,9.3047541E+0,7.0000000E+0,,,
,0.0000000E+0,9.3087545E+0,5.0000000E+0,,,
,0.0000000E+0,9.3127548E+0,2.0000000E+0,,,
,0.0000000E+0,9.3167551E+0,6.0000000E+0,,,
,0.0000000E+0,9.3207554E+0,3.0000000E+0,,,
,0.0000000E+0,9.3247558E+0,6.0000000E+0,,,
,0.0000000E+0,9.3287561E+0,3.0000000E+0,,,
,0.0000000E+0,9.3327564E+0,6.0000000E+0,,,
,0.0000000E+0,9.3367567E+0,4.0000000E+0,,,
,0.0000000E+0,9.3407571E+0,3.0000000E+0,,,
,0.0000000E+0,9.3447574E+0,9.0000000E+0,,,
,0.0000000E+0,9.3487577E+0,6.0000000E+0,,,
,0.0000000E+0,9.3527580E+0,3.0000000E+0,,,
,0.0000000E+0,9.3567584E+0,5.0000000E+0,,,
,0.0000000E+0,9.3607587E+0,5.0000000E+0,,,
,0.0000000E+0,9.3647590E+0,8.0000000E+0,,,
,0.0000000E+0,9.3687593E+0,5.0000000E+0,,,
,0.0000000E+0,9.3727597E+0,6.0000000E+0,,,
,0.0000000E+0,9.3767600E+0,3.0000000E+0,,,
,0.0000000E+0,9.3807603E+0,3.0000000E+0,,,
,0.0000000E+0,9.3847606E+0,4.0000000E+0,,,
,0.0000000E+0,9.3887610E+0,9.0000000E+0,,,
,0.0000000E+0,9.3927613E+0,1.1000000E+1,,,
,0.0000000E+0,9.3967616E+0,3.0000000E+0,,,
,0.0000000E+0,9.4007619E+0,6.0000000E+0,,,
,0.0000000E+0,9.4047622E+0,5.0000000E+0,,,
,0.0000000E+0,9.4087626E+0,8.0000000E+0,,,
,0.0000000E+0,9.4127629E+0,3.0000000E+0,,,
,0.0000000E+0,9.4167632E+0,4.0000000E+0,,,
,0.0000000E+0,9.4207635E+0,5.0000000E+0,,,
,0.0000000E+0,9.4247639E+0,4.0000000E+0,,,
,0.0000000E+0,9.4287642E+0,7.0000000E+0,,,
,0.0000000E+0,9.4327645E+0,6.0000000E+0,,,
,0.0000000E+0,9.4367648E+0,2.0000000E+0,,,
,0.0000000E+0,9.4407652E+0,5.0000000E+0,,,
,0.0000000E+0,9.4447655E+0,2.0000000E+0,,,
,0.0000000E+0,9.4487658E+0,7.0000000E+0,,,
,0.0000000E+0,9.4527661E+0,5.0000000E+0,,,
,0.0000000E+0,9.4567665E+0,7.0000000E+0,,,
,0.0000000E+0,9.4607668E+0,8.0000000E+0,,,
,0.0000000E+0,9.4647671E+0,9.0000000E+0,,,
,0.0000000E+0,9.4687674E+0,4.0000000E+0,,,
,0.0000000E+0,9.4727678E+0,7.0000000E+0,,,
,0.0000000E+0,9.4767681E+0,8.0000000E+0,,,
,0.0000000E+0,9.4807684E+0,8.0000000E+0,,,
,0.0000000E+0,9.4847687E+0,8.0000000E+0,,,
,0.0000000E+0,9.4887691E+0,1.0000000E+1,,,
,0.0000000E+0,9.4927694E+0,5.0000000E+0,,,
,0.0000000E+0,9.4967697E+0,7.0000000E+0,,,
,0.0000000E+0,9.5007700E+0,4.0000000E+0,,,
,0.0000000E+0,9.5047704E+0,7.0000000E+0,,,
,0.0000000E+0,9.5087707E+0,9.0000000E+0,,,
,0.0000000E+0,9.5127710E+0,3.0000000E+0,,,
,0.0000000E+0,9.5167713E+0,3.0000000E+0,,,
,0.0000000E+0,9.5207717E+0,4.0000000E+0,,,
,0.0000000E+0,9.5247720E+0,7.0000000E+0,,,
,0.0000000E+0,9.5287723E+0,6.0000000E+0,,,
,0.0000000E+0,9.5327726E+0,2.0000000E+0,,,
,0.0000000E+0,9.5367729E+0,2.0000000E+0,,,
,0.0000000E+0,9.5407733E+0,1.1000000E+1,,,
,0.0000000E+0,9.5447736E+0,4.0000000E+0,,,
,0.0000000E+0,9.5487739E+0,8.0000000E+0,,,
,0.0000000E+0,9.5527742E+0,6.0000000E+0,,,
,0.0000000E+0,9.5567746E+0,3.0000000E+0,,,
,0.0000000E+0,9.5607749E+0,2.0000000E+0,,,
,0.0000000E+0,9.5647752E+0,1.1000000E+1,,,
,0.0000000E+0,9.5687755E+0,8.0000000E+0,,,
,0.0000000E+0,9.5727759E+0,8.0000000E+0,,,
,0.0000000E+0,9.5767762E+0,8.0000000E+0,,,
,0.0000000E+0,9.5807765E+0,3.0000000E+0,,,
,0.0000000E+0,9.5847768E+0,3.0000000E+0,,,
,0.0000000E+0,9.5887772E+0,4.0000000E+0,,,
,0.0000000E+0,9.5927775E+0,3.0000000E+0,,,
,0.0000000E+0,9.5967778E+0,5.0000000E+0,,,
,0.0000000E+0,9.6007781E+0,4.0000000E+0,,,
,0.0000000E+0,9.6047785E+0,4.0000000E+0,,,
,0.0000000E+0,9.6087788E+0,6.0000000E+0,,,
,0.0000000E+0,9.6127791E+0,6.0000000E+0,,,
,0.0000000E+0,9.6167794E+0,4.0000000E+0,,,
,0.0000000E+0,9.6207798E+0,7.0000000E+0,,,
,0.0000000E+0,9.6247801E+0,4.0000000E+0,,,
,0.0000000E+0,9.6287804E+0,1.3000000E+1,,,
,0.0000000E+0,9.6327807E+0,5.0000000E+0,,,
,0.0000000E+0,9.6367811E+0,7.0000000E+0,,,
,0.0000000E+0,9.6407814E+0,7.0000000E+0,,,
,0.0000000E+0,9.6447817E+0,6.0000000E+0,,,
,0.0000000E+0,9.6487820E+0,2.0000000E+0,,,
,0.0000000E+0,9.6527824E+0,4.0000000E+0,,,
,0.0000000E+0,9.6567827E+0,7.0000000E+0,,,
,0.0000000E+0,9.6607830E+0,5.0000000E+0,,,
,0.0000000E+0,9.6647833E+0,8.0000000E+0,,,
,0.0000000E+0,9.6687836E+0,4.0000000E+0,,,
,0.0000000E+0,9.6727840E+0,2.0000000E+0,,,
,0.0000000E+0,9.6767843E+0,5.0000000E+0,,,
,0.0000000E+0,9.6807846E+0,6.0000000E+0,,,
,0.0000000E+0,9.6847849E+0,7.0000000E+0,,,
,0.0000000E+0,9.6887853E+0,7.0000000E+0,,,
,0.0000000E+0,9.6927856E+0,3.0000000E+0,,,
,0.0000000E+0,9.6967859E+0,3.0000000E+0,,,
,0.0000000E+0,9.7007862E+0,4.0000000E+0,,,
,0.0000000E+0,9.7047866E+0,1.3000000E+1,,,
,0.0000000E+0,9.7087869E+0,5.0000000E+0,,,
,0.0000000E+0,9.7127872E+0,6.0000000E+0,,,
,0.0000000E+0,9.7167875E+0,8.0000000E+0,,,
,0.0000000E+0,9.7207879E+0,8.0000000E+0,,,
,0.0000000E+0,9.7247882E+0,7.0000000E+0,,,
,0.0000000E+0,9.7287885E+0,5.0000000E+0,,,
,0.0000000E+0,9.7327888E+0,4.0000000E+0,,,
,0.0000000E+0,9.7367892E+0,5.0000000E+0,,,
,0.0000000E+0,9.7407895E+0,7.0000000E+0,,,
,0.0000000E+0,9.7447898E+0,5.0000000E+0,,,
,0.0000000E+0,9.7487901E+0,3.0000000E+0,,,
,0.0000000E+0,9.7527905E+0,7.0000000E+0,,,
,0.0000000E+0,9.7567908E+0,6.0000000E+0,,,
,0.0000000E+0,9.7607911E+0,6.0000000E+0,,,
,0.0000000E+0,9.7647914E+0,6.0000000E+0,,,
,0.0000000E+0,9.7687918E+0,4.0000000E+0,,,
,0.0000000E+0,9.7727921E+0,7.0000000E+0,,,
,0.0000000E+0,9.7767924E+0,5.0000000E+0,,,
,0.0000000E+0,9.7807927E+0,4.0000000E+0,,,
,0.0000000E+0,9.7847931E+0,1.1000000E+1,,,
,0.0000000E+0,9.7887934E+0,4.0000000E+0,,,
,0.0000000E+0,9.7927937E+0,2.0000000E+0,,,
,0.0000000E+0,9.7967940E+0,5.0000000E+0,,,
,0.0000000E+0,9.8007943E+0,2.0000000E+0,,,
,0.0000000E+0,9.8047947E+0,8.0000000E+0,,,
,0.0000000E+0,9.8087950E+0,7.0000000E+0,,,
,0.0000000E+0,9.8127953E+0,4.0000000E+0,,,
,0.0000000E+0,9.8167956E+0,6.0000000E+0,,,
,0.0000000E+0,9.8207960E+0,6.0000000E+0,,,
,0.0000000E+0,9.8247963E+0,6.0000000E+0,,,
,0.0000000E+0,9.8287966E+0,1.2000000E+1,,,
,0.0000000E+0,9.8327969E+0,9.0000000E+0,,,
,0.0000000E+0,9.8367973E+0,6.0000000E+0,,,
,0.0000000E+0,9.8407976E+0,7.0000000E+0,,,
,0.0000000E+0,9.8447979E+0,9.0000000E+0,,,
,0.0000000E+0,9.8487982E+0,8.0000000E+0,,,
,0.0000000E+0,9.8527986E+0,9.0000000E+0,,,
,0.0000000E+0,9.8567989E+0,6.0000000E+0,,,
,0.0000000E+0,9.8607992E+0,4.0000000E+0,,,
,0.0000000E+0,9.8647995E+0,5.0000000E+0,,,
,0.0000000E+0,9.8687999E+0,8.0000000E+0,,,
,0.0000000E+0,9.8728002E+0,3.0000000E+0,,,
,0.0000000E+0,9.8768005E+0,1.0000000E+1,,,
,0.0000000E+0,9.8808008E+0,4.0000000E+0,,,
,0.0000000E+0,9.8848012E+0,6.0000000E+0,,,
,0.0000000E+0,9.8888015E+0,6.0000000E+0,,,
,0.0000000E+0,9.8928018E+0,2.0000000E+0,,,
,0.0000000E+0,9.8968021E+0,1.0000000E+1,,,
,0.0000000E+0,9.9008025E+0,5.0000000E+0,,,
,0.0000000E+0,9.9048028E+0,5.0000000E+0,,,
,0.0000000E+0,9.9088031E+0,7.0000000E+0,,,
,0.0000000E+0,9.9128034E+0,7.0000000E+0,,,
,0.0000000E+0,9.9168037E+0,7.0000000E+0,,,
,0.0000000E+0,9.9208041E+0,6.0000000E+0,,,
,0.0000000E+0,9.9248044E+0,5.0000000E+0,,,
,0.0000000E+0,9.9288047E+0,8.0000000E+0,,,
,0.0000000E+0,9.9328050E+0,5.0000000E+0,,,
,0.0000000E+0,9.9368054E+0,5.0000000E+0,,,
,0.0000000E+0,9.9408057E+0,3.0000000E+0,,,
,0.0000000E+0,9.9448060E+0,8.0000000E+0,,,
,0.0000000E+0,9.9488063E+0,5.0000000E+0,,,
,0.0000000E+0,9.9528067E+0,7.0000000E+0,,,
,0.0000000E+0,9.9568070E+0,9.0000000E+0,,,
,0.0000000E+0,9.9608073E+0,3.0000000E+0,,,
,0.0000000E+0,9.9648076E+0,6.0000000E+0,,,
,0.0000000E+0,9.9688080E+0,6.0000000E+0,,,
,0.0000000E+0,9.9728083E+0,7.0000000E+0,,,
,0.0000000E+0,9.9768086E+0,8.0000000E+0,,,
,0.0000000E+0,9.9808089E+0,4.0000000E+0,,,
,0.0000000E+0,9.9848093E+0,9.0000000E+0,,,
,0.0000000E+0,9.9888096E+0,6.0000000E+0,,,
,0.0000000E+0,9.9928099E+0,6.0000000E+0,,,
,0.0000000E+0,9.9968102E+0,5.0000000E+0,,,
,0.0000000E+0,1.0000811E+1,4.0000000E+0,,,
,0.0000000E+0,1.0004811E+1,3.0000000E+0,,,
,0.0000000E+0,1.0008811E+1,1.0000000E+1,,,
,0.0000000E+0,1.0012812E+1,4.0000000E+0,,,
,0.0000000E+0,1.0016812E+1,7.0000000E+0,,,
,0.0000000E+0,1.0020812E+1,8.0000000E+0,,,
,0.0000000E+0,1.0024813E+1,9.0000000E+0,,,
,0.0000000E+0,1.0028813E+1,4.0000000E+0,,,
,0.0000000E+0,1.0032813E+1,7.0000000E+0,,,
,0.0000000E+0,1.0036813E+1,6.0000000E+0,,,
,0.0000000E+0,1.0040814E+1,4.0000000E+0,,,
,0.0000000E+0,1.0044814E+1,7.0000000E+0,,,
,0.0000000E+0,1.0048814E+1,4.0000000E+0,,,
,0.0000000E+0,1.0052815E+1,4.0000000E+0,,,
,0.0000000E+0,1.0056815E+1,8.0000000E+0,,,
,0.0000000E+0,1.0060815E+1,5.0000000E+0,,,
,0.0000000E+0,1.0064816E+1,1.0000000E+1,,,
,0.0000000E+0,1.0068816E+1,3.0000000E+0,,,
,0.0000000E+0,1.0072816E+1,7.0000000E+0,,,
,0.0000000E+0,1.0076817E+1,1.0000000E+1,,,
,0.0000000E+0,1.0080817E+1,8.0000000E+0,,,
,0.0000000E+0,1.0084817E+1,2.0000000E+0,,,
,0.0000000E+0,1.0088818E+1,9.0000000E+0,,,
,0.0000000E+0,1.0092818E+1,6.0000000E+0,,,
,0.0000000E+0,1.0096818E+1,2.0000000E+0,,,
,0.0000000E+0,1.0100819E+1,7.0000000E+0,,,
,0.0000000E+0,1.0104819E+1,3.0000000E+0,,,
,0.0000000E+0,1.0108819E+1,7.0000000E+0,,,
,0.0000000E+0,1.0112820E+1,5.0000000E+0,,,
,0.0000000E+0,1.0116820E+1,3.0000000E+0,,,
,0.0000000E+0,1.0120820E+1,6.0000000E+0,,,
,0.0000000E+0,1.0124821E+1,6.0000000E+0,,,
,0.0000000E+0,1.0128821E+1,1.0000000E+0,,,
,0.0000000E+0,1.0132821E+1,3.0000000E+0,,,
,0.0000000E+0,1.0136822E+1,9.0000000E+0,,,
,0.0000000E+0,1.0140822E+1,2.0000000E+0,,,
,0.0000000E+0,1.0144822E+1,4.0000000E+0,,,
,0.0000000E+0,1.0148823E+1,5.0000000E+0,,,
,0.0000000E+0,1.0152823E+1,1.1000000E+1,,,
,0.0000000E+0,1.0156823E+1,5.0000000E+0,,,
,0.0000000E+0,1.0160824E+1,5.0000000E+0,,,
,0.0000000E+0,1.0164824E+1,6.0000000E+0,,,
,0.0000000E+0,1.0168824E+1,5.0000000E+0,,,
,0.0000000E+0,1.0172825E+1,2.0000000E+0,,,
,0.0000000E+0,1.0176825E+1,8.0000000E+0,,,
,0.0000000E+0,1.0180825E+1,3.0000000E+0,,,
,0.0000000E+0,1.0184825E+1,6.0000000E+0,,,
,0.0000000E+0,1.0188826E+1,7.0000000E+0,,,
,0.0000000E+0,1.0192826E+1,3.0000000E+0,,,
,0.0000000E+0,1.0196826E+1,6.0000000E+0,,,
,0.0000000E+0,1.0200827E+1,4.0000000E+0,,,
,0.0000000E+0,1.0204827E+1,8.0000000E+0,,,
,0.0000000E+0,1.0208827E+1,2.0000000E+0,,,
,0.0000000E+0,1.0212828E+1,6.0000000E+0,,,
,0.0000000E+0,1.0216828E+1,1.0000000E+1,,,
,0.0000000E+0,1.0220828E+1,4.0000000E+0,,,
,0.0000000E+0,1.0224829E+1,5.0000000E+0,,,
,0.0000000E+0,1.0228829E+1,7.0000000E+0,,,
,0.0000000E+0,1.0232829E+1,7.0000000E+0,,,
,0.0000000E+0,1.0236830E+1,4.0000000E+0,,,
,0.0000000E+0,1.0240830E+1,8.0000000E+0,,,
,0.0000000E+0,1.0244830E+1,6.0000000E+0,,,
,0.0000000E+0,1.0248831E+1,8.0000000E+0,,,
,0.0000000E+0,1.0252831E+1,2.0000000E+0,,,
,0.0000000E+0,1.0256831E+1,3.0000000E+0,,,
,0.0000000E+0,1.0260832E+1,9.0000000E+0,,,
,0.0000000E+0,1.0264832E+1,2.0000000E+0,,,
,0.0000000E+0,1.0268832E+1,5.0000000E+0,,,
,0.0000000E+0,1.0272833E+1,4.0000000E+0,,,
,0.0000000E+0,1.0276833E+1,1.3000000E+1,,,
,0.0000000E+0,1.0280833E+1,4.0000000E+0,,,
,0.0000000E+0,1.0284834E+1,6.0000000E+0,,,
,0.0000000E+0,1.0288834E+1,6.0000000E+0,,,
,0.0000000E+0,1.0292834E+1,6.0000000E+0,,,
,0.0000000E+0,1.0296835E+1,7.0000000E+0,,,
,0.0000000E+0,1.0300835E+1,6.0000000E+0,,,
,0.0000000E+0,1.0304835E+1,5.0000000E+0,,,
,0.0000000E+0,1.0308836E+1,5.0000000E+0,,,
,0.0000000E+0,1.0312836E+1,8.0000000E+0,,,
,0.0000000E+0,1.0316836E+1,6.0000000E+0,,,
,0.0000000E+0,1.0320836E+1,7.0000000E+0,,,
,0.0000000E+0,1.0324837E+1,4.0000000E+0,,,
,0.0000000E+0,1.0328837E+1,6.0000000E+0,,,
,0.0000000E+0,1.0332837E+1,6.0000000E+0,,,
,0.0000000E+0,1.0336838E+1,6.0000000E+0,,,
,0.0000000E+0,1.0340838E+1,9.0000000E+0,,,
,0.0000000E+0,1.0344838E+1,8.0000000E+0,,,
,0.0000000E+0,1.0348839E+1,6.0000000E+0,,,
,0.0000000E+0,1.0352839E+1,6.0000000E+0,,,
,0.0000000E+0,1.0356839E+1,1.3000000E+1,,,
,0.0000000E+0,1.0360840E+1,7.0000000E+0,,,
,0.0000000E+0,1.0364840E+1,1.0000000E+1,,,
,0.0000000E+0,1.0368840E+1,1.5000000E+1,,,
,0.0000000E+0,1.0372841E+1,1.4000000E+1,,,
,0.0000000E+0,1.0376841E+1,1.2000000E+1,,,
,0.0000000E+0,1.0380841E+1,1.5000000E+1,,,
,0.0000000E+0,1.0384842E+1,1.3000000E+1,,,
,0.0000000E+0,1.0388842E+1,1.3000000E+1,,,
,0.0000000E+0,1.0392842E+1,1.8000000E+1,,,
,0.0000000E+0,1.0396843E+1,1.7000000E+1,,,
,0.0000000E+0,1.0400843E+1,1.9000000E+1,,,
,0.0000000E+0,1.0404843E+1,1.7000000E+1,,,
,0.0000000E+0,1.0408844E+1,1.6000000E+1,,,
,0.0000000E+0,1.0412844E+1,1.9000000E+1,,,
,0.0000000E+0,1.0416844E+1,1.4000000E+1,,,
,0.0000000E+0,1.0420845E+1,2.0000000E+1,,,
,0.0000000E+0,1.0424845E+1,1.1000000E+1,,,
,0.0000000E+0,1.0428845E+1,1.2000000E+1,,,
,0.0000000E+0,1.0432846E+1,1.3000000E+1,,,
,0.0000000E+0,1.0436846E+1,8.0000000E+0,,,
,0.0000000E+0,1.0440846E+1,8.0000000E+0,,,
,0.0000000E+0,1.0444847E+1,1.7000000E+1,,,
,0.0000000E+0,1.0448847E+1,6.0000000E+0,,,
,0.0000000E+0,1.0452847E+1,1.0000000E+1,,,
,0.0000000E+0,1.0456848E+1,1.2000000E+1,,,
,0.0000000E+0,1.0460848E+1,9.0000000E+0,,,
,0.0000000E+0,1.0464848E+1,2.2000000E+1,,,
,0.0000000E+0,1.0468848E+1,5.0000000E+0,,,
,0.0000000E+0,1.0472849E+1,1.0000000E+1,,,
,0.0000000E+0,1.0476849E+1,4.0000000E+0,,,
,0.0000000E+0,1.0480849E+1,6.0000000E+0,,,
,0.0000000E+0,1.0484850E+1,5.0000000E+0,,,
,0.0000000E+0,1.0488850E+1,5.0000000E+0,,,
,0.0000000E+0,1.0492850E+1,6.0000000E+0,,,
,0.0000000E+0,1.0496851E+1,6.0000000E+0,,,
,0.0000000E+0,1.0500851E+1,5.0000000E+0,,,
,0.0000000E+0,1.0504851E+1,1.2000000E+1,,,
,0.0000000E+0,1.0508852E+1,6.0000000E+0,,,
,0.0000000E+0,1.0512852E+1,5.0000000E+0,,,
,0.0000000E+0,1.0516852E+1,7.0000000E+0,,,
,0.0000000E+0,1.0520853E+1,7.0000000E+0,,,
,0.0000000E+0,1.0524853E+1,6.0000000E+0,,,
,0.0000000E+0,1.0528853E+1,1.3000000E+1,,,
,0.0000000E+0,1.0532854E+1,1.4000000E+1,,,
,0.0000000E+0,1.0536854E+1,9.0000000E+0,,,
,0.0000000E+0,1.0540854E+1,1.7000000E+1,,,
,0.0000000E+0,1.0544855E+1,1.0000000E+1,,,
,0.0000000E+0,1.0548855E+1,5.0000000E+0,,,
,0.0000000E+0,1.0552855E+1,1.2000000E+1,,,
,0.0000000E+0,1.0556856E+1,1.2000000E+1,,,
,0.0000000E+0,1.0560856E+1,1.0000000E+1,,,
,0.0000000E+0,1.0564856E+1,6.0000000E+0,,,
,0.0000000E+0,1.0568857E+1,1.3000000E+1,,,
,0.0000000E+0,1.0572857E+1,1.1000000E+1,,,
,0.0000000E+0,1.0576857E+1,4.0000000E+0,,,
,0.0000000E+0,1.0580858E+1,1.0000000E+1,,,
,0.0000000E+0,1.0584858E+1,9.0000000E+0,,,
,0.0000000E+0,1.0588858E+1,5.0000000E+0,,,
,0.0000000E+0,1.0592859E+1,8.0000000E+0,,,
,0.0000000E+0,1.0596859E+1,1.0000000E+1,,,
,0.0000000E+0,1.0600859E+1,9.0000000E+0,,,
,0.0000000E+0,1.0604860E+1,9.0000000E+0,,,
,0.0000000E+0,1.0608860E+1,1.1000000E+1,,,
,0.0000000E+0,1.0612860E+1,1.7000000E+1,,,
,0.0000000E+0,1.0616860E+1,7.0000000E+0,,,
,0.0000000E+0,1.0620861E+1,1.0000000E+1,,,
,0.0000000E+0,1.0624861E+1,6.0000000E+0,,,
,0.0000000E+0,1.0628861E+1,7.0000000E+0,,,
,0.0000000E+0,1.0632862E+1,1.4000000E+1,,,
,0.0000000E+0,1.0636862E+1,8.0000000E+0,,,
,0.0000000E+0,1.0640862E+1,1.3000000E+1,,,
,0.0000000E+0,1.0644863E+1,9.0000000E+0,,,
,0.0000000E+0,1.0648863E+1,1.1000000E+1,,,
,0.0000000E+0,1.0652863E+1,8.0000000E+0,,,
,0.0000000E+0,1.0656864E+1,7.0000000E+0,,,
,0.0000000E+0,1.0660864E+1,7.0000000E+0,,,
,0.0000000E+0,1.0664864E+1,1.0000000E+1,,,
,0.0000000E+0,1.0668865E+1,8.0000000E+0,,,
,0.0000000E+0,1.0672865E+1,1.1000000E+1,,,
,0.0000000E+0,1.0676865E+1,1.7000000E+1,,,
,0.0000000E+0,1.0680866E+1,1.2000000E+1,,,
,0.0000000E+0,1.0684866E+1,5.0000000E+0,,,
,0.0000000E+0,1.0688866E+1,8.0000000E+0,,,
,0.0000000E+0,1.0692867E+1,1.0000000E+1,,,
,0.0000000E+0,1.0696867E+1,6.0000000E+0,,,
,0.0000000E+0,1.0700867E+1,1.3000000E+1,,,
,0.0000000E+0,1.0704868E+1,9.0000000E+0,,,
,0.0000000E+0,1.0708868E+1,1.1000000E+1,,,
,0.0000000E+0,1.0712868E+1,1.2000000E+1,,,
,0.0000000E+0,1.0716869E+1,1.2000000E+1,,,
,0.0000000E+0,1.0720869E+1,8.0000000E+0,,,
,0.0000000E+0,1.0724869E+1,6.0000000E+0,,,
,0.0000000E+0,1.0728870E+1,2.0000000E+0,,,
,0.0000000E+0,1.0732870E+1,1.3000000E+1,,,
,0.0000000E+0,1.0736870E+1,6.0000000E+0,,,
,0.0000000E+0,1.0740871E+1,5.0000000E+0,,,
,0.0000000E+0,1.0744871E+1,8.0000000E+0,,,
,0.0000000E+0,1.0748871E+1,7.0000000E+0,,,
,0.0000000E+0,1.0752872E+1,3.0000000E+0,,,
,0.0000000E+0,1.0756872E+1,8.0000000E+0,,,
,0.0000000E+0,1.0760872E+1,1.1000000E+1,,,
,0.0000000E+0,1.0764872E+1,7.0000000E+0,,,
,0.0000000E+0,1.0768873E+1,7.0000000E+0,,,
,0.0000000E+0,1.0772873E+1,9.0000000E+0,,,
,0.0000000E+0,1.0776873E+1,1.2000000E+1,,,
,0.0000000E+0,1.0780874E+1,8.0000000E+0,,,
,0.0000000E+0,1.0784874E+1,1.3000000E+1,,,
,0.0000000E+0,1.0788874E+1,3.0000000E+0,,,
,0.0000000E+0,1.0792875E+1,1.0000000E+1,,,
,0.0000000E+0,1.0796875E+1,7.0000000E+0,,,
,0.0000000E+0,1.0800875E+1,4.0000000E+0,,,
,0.0000000E+0,1.0804876E+1,4.0000000E+0,,,
,0.0000000E+0,1.0808876E+1,5.0000000E+0,,,
,0.0000000E+0,1.0812876E+1,6.0000000E+0,,,
,0.0000000E+0,1.0816877E+1,8.0000000E+0,,,
,0.0000000E+0,1.0820877E+1,1.0000000E+1,,,
,0.0000000E+0,1.0824877E+1,5.0000000E+0,,,
,0.0000000E+0,1.0828878E+1,8.0000000E+0,,,
,0.0000000E+0,1.0832878E+1,2.0000000E+0,,,
,0.0000000E+0,1.0836878E+1,9.0000000E+0,,,
,0.0000000E+0,1.0840879E+1,5.0000000E+0,,,
,0.0000000E+0,1.0844879E+1,1.0000000E+1,,,
,0.0000000E+0,1.0848879E+1,4.0000000E+0,,,
,0.0000000E+0,1.0852880E+1,5.0000000E+0,,,
,0.0000000E+0,1.0856880E+1,6.0000000E+0,,,
,0.0000000E+0,1.0860880E+1,2.0000000E+0,,,
,0.0000000E+0,1.0864881E+1,1.3000000E+1,,,
,0.0000000E+0,1.0868881E+1,1.0000000E+1,,,
,0.0000000E+0,1.0872881E+1,3.0000000E+0,,,
,0.0000000E+0,1.0876882E+1,5.0000000E+0,,,
,0.0000000E+0,1.0880882E+1,5.0000000E+0,,,
,0.0000000E+0,1.0884882E+1,8.0000000E+0,,,
,0.0000000E+0,1.0888883E+1,3.0000000E+0,,,
,0.0000000E+0,1.0892883E+1,8.0000000E+0,,,
,0.0000000E+0,1.0896883E+1,3.0000000E+0,,,
,0.0000000E+0,1.0900884E+1,7.0000000E+0,,,
,0.0000000E+0,1.0904884E+1,8.0000000E+0,,,
,0.0000000E+0,1.0908884E+1,5.0000000E+0,,,
,0.0000000E+0,1.0912884E+1,1.0000000E+1,,,
,0.0000000E+0,1.0916885E+1,5.0000000E+0,,,
,0.0000000E+0,1.0920885E+1,1.0000000E+0,,,
,0.0000000E+0,1.0924885E+1,4.0000000E+0,,,
,0.0000000E+0,1.0928886E+1,1.0000000E+1,,,
,0.0000000E+0,1.0932886E+1,7.0000000E+0,,,
,0.0000000E+0,1.0936886E+1,8.0000000E+0,,,
,0.0000000E+0,1.0940887E+1,3.0000000E+0,,,
,0.0000000E+0,1.0944887E+1,1.4000000E+1,,,
,0.0000000E+0,1.0948887E+1,1.0000000E+1,,,
,0.0000000E+0,1.0952888E+1,2.0000000E+0,,,
,0.0000000E+0,1.0956888E+1,1.0000000E+1,,,
,0.0000000E+0,1.0960888E+1,1.0000000E+1,,,
,0.0000000E+0,1.0964889E+1,6.0000000E+0,,,
,0.0000000E+0,1.0968889E+1,8.0000000E+0,,,
,0.0000000E+0,1.0972889E+1,7.0000000E+0,,,
,0.0000000E+0,1.0976890E+1,8.0000000E+0,,,
,0.0000000E+0,1.0980890E+1,1.0000000E+1,,,
,0.0000000E+0,1.0984890E+1,2.0000000E+0,,,
,0.0000000E+0,1.0988891E+1,8.0000000E+0,,,
,0.0000000E+0,1.0992891E+1,6.0000000E+0,,,
,0.0000000E+0,1.0996891E+1,9.0000000E+0,,,
,0.0000000E+0,1.1000892E+1,7.0000000E+0,,,
,0.0000000E+0,1.1004892E+1,8.0000000E+0,,,
,0.0000000E+0,1.1008892E+1,6.0000000E+0,,,
,0.0000000E+0,1.1012893E+1,1.1000000E+1,,,
,0.0000000E+0,1.1016893E+1,4.0000000E+0,,,
,0.0000000E+0,1.1020893E+1,1.3000000E+1,,,
,0.0000000E+0,1.1024894E+1,1.0000000E+0,,,
,0.0000000E+0,1.1028894E+1,4.0000000E+0,,,
,0.0000000E+0,1.1032894E+1,2.0000000E+0,,,
,0.0000000E+0,1.1036895E+1,5.0000000E+0,,,
,0.0000000E+0,1.1040895E+1,6.0000000E+0,,,
,0.0000000E+0,1.1044895E+1,5.0000000E+0,,,
,0.0000000E+0,1.1048896E+1,1.2000000E+1,,,
,0.0000000E+0,1.1052896E+1,6.0000000E+0,,,
,0.0000000E+0,1.1056896E+1,6.0000000E+0,,,
,0.0000000E+0,1.1060896E+1,9.0000000E+0,,,
,0.0000000E+0,1.1064897E+1,6.0000000E+0,,,
,0.0000000E+0,1.1068897E+1,5.0000000E+0,,,
,0.0000000E+0,1.1072897E+1,6.0000000E+0,,,
,0.0000000E+0,1.1076898E+1,8.0000000E+0,,,
,0.0000000E+0,1.1080898E+1,7.0000000E+0,,,
,0.0000000E+0,1.1084898E+1,6.0000000E+0,,,
,0.0000000E+0,1.1088899E+1,2.0000000E+0,,,
,0.0000000E+0,1.1092899E+1,6.0000000E+0,,,
,0.0000000E+0,1.1096899E+1,5.0000000E+0,,,
,0.0000000E+0,1.1100900E+1,4.0000000E+0,,,
,0.0000000E+0,1.1104900E+1,4.0000000E+0,,,
,0.0000000E+0,1.1108900E+1,7.0000000E+0,,,
,0.0000000E+0,1.1112901E+1,5.0000000E+0,,,
,0.0000000E+0,1.1116901E+1,9.0000000E+0,,,
,0.0000000E+0,1.1120901E+1,3.0000000E+0,,,
,0.0000000E+0,1.1124902E+1,4.0000000E+0,,,
,0.0000000E+0,1.1128902E+1,7.0000000E+0,,,
,0.0000000E+0,1.1132902E+1,4.0000000E+0,,,
,0.0000000E+0,1.1136903E+1,5.0000000E+0,,,
,0.0000000E+0,1.1140903E+1,2.0000000E+0,,,
,0.0000000E+0,1.1144903E+1,6.0000000E+0,,,
,0.0000000E+0,1.1148904E+1,5.0000000E+0,,,
,0.0000000E+0,1.1152904E+1,6.0000000E+0,,,
,0.0000000E+0,1.1156904E+1,4.0000000E+0,,,
,0.0000000E+0,1.1160905E+1,4.0000000E+0,,,
,0.0000000E+0,1.1164905E+1,5.0000000E+0,,,
,0.0000000E+0,1.1168905E+1,5.0000000E+0,,,
,0.0000000E+0,1.1172906E+1,5.0000000E+0,,,
,0.0000000E+0,1.1176906E+1,4.0000000E+0,,,
,0.0000000E+0,1.1180906E+1,6.0000000E+0,,,
,0.0000000E+0,1.1184907E+1,6.0000000E+0,,,
,0.0000000E+0,1.1188907E+1,7.0000000E+0,,,
,0.0000000E+0,1.1192907E+1,1.3000000E+1,,,
,0.0000000E+0,1.1196908E+1,4.0000000E+0,,,
,0.0000000E+0,1.1200908E+1,1.1000000E+1,,,
,0.0000000E+0,1.1204908E+1,8.0000000E+0,,,
,0.0000000E+0,1.1208908E+1,4.0000000E+0,,,
,0.0000000E+0,1.1212909E+1,6.0000000E+0,,,
,0.0000000E+0,1.1216909E+1,3.0000000E+0,,,
,0.0000000E+0,1.1220909E+1,8.0000000E+0,,,
,0.0000000E+0,1.1224910E+1,5.0000000E+0,,,
,0.0000000E+0,1.1228910E+1,7.0000000E+0,,,
,0.0000000E+0,1.1232910E+1,9.0000000E+0,,,
,0.0000000E+0,1.1236911E+1,8.0000000E+0,,,
,0.0000000E+0,1.1240911E+1,3.0000000E+0,,,
,0.0000000E+0,1.1244911E+1,6.0000000E+0,,,
,0.0000000E+0,1.1248912E+1,9.0000000E+0,,,
,0.0000000E+0,1.1252912E+1,2.0000000E+0,,,
,0.0000000E+0,1.1256912E+1,6.0000000E+0,,,
,0.0000000E+0,1.1260913E+1,4.0000000E+0,,,
,0.0000000E+0,1.1264913E+1,5.0000000E+0,,,
,0.0000000E+0,1.1268913E+1,8.0000000E+0,,,
,0.0000000E+0,1.1272914E+1,5.0000000E+0,,,
,0.0000000E+0,1.1276914E+1,6.0000000E+0,,,
,0.0000000E+0,1.1280914E+1,3.0000000E+0,,,
,0.0000000E+0,1.1284915E+1,1.0000000E+1,,,
,0.0000000E+0,1.1288915E+1,2.0000000E+0,,,
,0.0000000E+0,1.1292915E+1,3.0000000E+0,,,
,0.0000000E+0,1.1296916E+1,6.0000000E+0,,,
,0.0000000E+0,1.1300916E+1,5.0000000E+0,,,
,0.0000000E+0,1.1304916E+1,2.0000000E+0,,,
,0.0000000E+0,1.1308917E+1,1.2000000E+1,,,
,0.0000000E+0,1.1312917E+1,8.0000000E+0,,,
,0.0000000E+0,1.1316917E+1,1.0000000E+1,,,
,0.0000000E+0,1.1320918E+1,2.0000000E+0,,,
,0.0000000E+0,1.1324918E+1,7.0000000E+0,,,
,0.0000000E+0,1.1328918E+1,6.0000000E+0,,,
,0.0000000E+0,1.1332919E+1,8.0000000E+0,,,
,0.0000000E+0,1.1336919E+1,8.0000000E+0,,,
,0.0000000E+0,1.1340919E+1,8.0000000E+0,,,
,0.0000000E+0,1.1344919E+1,4.0000000E+0,,,
,0.0000000E+0,1.1348920E+1,3.0000000E+0,,,
,0.0000000E+0,1.1352920E+1,1.1000000E+1,,,
,0.0000000E+0,1.1356920E+1,5.0000000E+0,,,
,0.0000000E+0,1.1360921E+1,3.0000000E+0,,,
,0.0000000E+0,1.1364921E+1,4.0000000E+0,,,
,0.0000000E+0,1.1368921E+1,7.0000000E+0,,,
,0.0000000E+0,1.1372922E+1,5.0000000E+0,,,
,0.0000000E+0,1.1376922E+1,1.3000000E+1,,,
,0.0000000E+0,1.1380922E+1,4.0000000E+0,,,
,0.0000000E+0,1.1384923E+1,6.0000000E+0,,,
,0.0000000E+0,1.1388923E+1,2.0000000E+0,,,
,0.0000000E+0,1.1392923E+1,9.0000000E+0,,,
,0.0000000E+0,1.1396924E+1,3.0000000E+0,,,
,0.0000000E+0,1.1400924E+1,5.0000000E+0,,,
,0.0000000E+0,1.1404924E+1,4.0000000E+0,,,
,0.0000000E+0,1.1408925E+1,1.2000000E+1,,,
,0.0000000E+0,1.1412925E+1,2.0000000E+0,,,
,0.0000000E+0,1.1416925E+1,3.0000000E+0,,,
,0.0000000E+0,1.1420926E+1,9.0000000E+0,,,
,0.0000000E+0,1.1424926E+1,3.0000000E+0,,,
,0.0000000E+0,1.1428926E+1,4.0000000E+0,,,
,0.0000000E+0,1.1432927E+1,8.0000000E+0,,,
,0.0000000E+0,1.1436927E+1,9.0000000E+0,,,
,0.0000000E+0,1.1440927E+1,2.0000000E+0,,,
,0.0000000E+0,1.1444928E+1,6.0000000E+0,,,
,0.0000000E+0,1.1448928E+1,4.0000000E+0,,,
,0.0000000E+0,1.1452928E+1,4.0000000E+0,,,
,0.0000000E+0,1.1456929E+1,7.0000000E+0,,,
,0.0000000E+0,1.1460929E+1,2.0000000E+0,,,
,0.0000000E+0,1.1464929E+1,6.0000000E+0,,,
,0.0000000E+0,1.1468930E+1,3.0000000E+0,,,
,0.0000000E+0,1.1472930E+1,2.0000000E+0,,,
,0.0000000E+0,1.1476930E+1,5.0000000E+0,,,
,0.0000000E+0,1.1480931E+1,6.0000000E+0,,,
,0.0000000E+0,1.1484931E+1,6.0000000E+0,,,
,0.0000000E+0,1.1488931E+1,6.0000000E+0,,,
,0.0000000E+0,1.1492931E+1,3.0000000E+0,,,
,0.0000000E+0,1.1496932E+1,5.0000000E+0,,,
,0.0000000E+0,1.1500932E+1,6.0000000E+0,,,
,0.0000000E+0,1.1504932E+1,5.0000000E+0,,,
,0.0000000E+0,1.1508933E+1,6.0000000E+0,,,
,0.0000000E+0,1.1512933E+1,1.0000000E+1,,,
,0.0000000E+0,1.1516933E+1,1.0000000E+0,,,
,0.0000000E+0,1.1520934E+1,9.0000000E+0,,,
,0.0000000E+0,1.1524934E+1,6.0000000E+0,,,
,0.0000000E+0,1.1528934E+1,6.0000000E+0,,,
,0.0000000E+0,1.1532935E+1,5.0000000E+0,,,
,0.0000000E+0,1.1536935E+1,8.0000000E+0,,,
,0.0000000E+0,1.1540935E+1,6.0000000E+0,,,
,0.0000000E+0,1.1544936E+1,7.0000000E+0,,,
,0.0000000E+0,1.1548936E+1,8.0000000E+0,,,
,0.0000000E+0,1.1552936E+1,7.0000000E+0,,,
,0.0000000E+0,1.1556937E+1,6.0000000E+0,,,
,0.0000000E+0,1.1560937E+1,6.0000000E+0,,,
,0.0000000E+0,1.1564937E+1,4.0000000E+0,,,
,0.0000000E+0,1.1568938E+1,3.0000000E+0,,,
,0.0000000E+0,1.1572938E+1,2.0000000E+0,,,
,0.0000000E+0,1.1576938E+1,3.0000000E+0,,,
,0.0000000E+0,1.1580939E+1,9.0000000E+0,,,
,0.0000000E+0,1.1584939E+1,3.0000000E+0,,,
,0.0000000E+0,1.1588939E+1,6.0000000E+0,,,
,0.0000000E+0,1.1592940E+1,6.0000000E+0,,,
,0.0000000E+0,1.1596940E+1,4.0000000E+0,,,
,0.0000000E+0,1.1600940E+1,3.0000000E+0,,,
,0.0000000E+0,1.1604941E+1,5.0000000E+0,,,
,0.0000000E+0,1.1608941E+1,4.0000000E+0,,,
,0.0000000E+0,1.1612941E+1,4.0000000E+0,,,
,0.0000000E+0,1.1616942E+1,4.0000000E+0,,,
,0.0000000E+0,1.1620942E+1,8.0000000E+0,,,
,0.0000000E+0,1.1624942E+1,9.0000000E+0,,,
,0.0000000E+0,1.1628943E+1,1.0000000E+1,,,
,0.0000000E+0,1.1632943E+1,1.2000000E+1,,,
,0.0000000E+0,1.1636943E+1,3.0000000E+0,,,
,0.0000000E+0,1.1640943E+1,4.0000000E+0,,,
,0.0000000E+0,1.1644944E+1,6.0000000E+0,,,
,0.0000000E+0,1.1648944E+1,8.0000000E+0,,,
,0.0000000E+0,1.1652944E+1,1.0000000E+1,,,
,0.0000000E+0,1.1656945E+1,6.0000000E+0,,,
,0.0000000E+0,1.1660945E+1,5.0000000E+0,,,
,0.0000000E+0,1.1664945E+1,4.0000000E+0,,,
,0.0000000E+0,1.1668946E+1,9.0000000E+0,,,
,0.0000000E+0,1.1672946E+1,5.0000000E+0,,,
,0.0000000E+0,1.1676946E+1,8.0000000E+0,,,
,0.0000000E+0,1.1680947E+1,4.0000000E+0,,,
,0.0000000E+0,1.1684947E+1,6.0000000E+0,,,
,0.0000000E+0,1.1688947E+1,1.0000000E+1,,,
,0.0000000E+0,1.1692948E+1,4.0000000E+0,,,
,0.0000000E+0,1.1696948E+1,2.0000000E+0,,,
,0.0000000E+0,1.1700948E+1,1.0000000E+1,,,
,0.0000000E+0,1.1704949E+1,6.0000000E+0,,,
,0.0000000E+0,1.1708949E+1,6.0000000E+0,,,
,0.0000000E+0,1.1712949E+1,4.0000000E+0,,,
,0.0000000E+0,1.1716950E+1,6.0000000E+0,,,
,0.0000000E+0,1.1720950E+1,6.0000000E+0,,,
,0.0000000E+0,1.1724950E+1,5.0000000E+0,,,
,0.0000000E+0,1.1728951E+1,1.0000000E+1,,,
,0.0000000E+0,1.1732951E+1,6.0000000E+0,,,
,0.0000000E+0,1.1736951E+1,7.0000000E+0,,,
,0.0000000E+0,1.1740952E+1,6.0000000E+0,,,
,0.0000000E+0,1.1744952E+1,8.0000000E+0,,,
,0.0000000E+0,1.1748952E+1,2.0000000E+0,,,
,0.0000000E+0,1.1752953E+1,5.0000000E+0,,,
,0.0000000E+0,1.1756953E+1,2.0000000E+0,,,
,0.0000000E+0,1.1760953E+1,9.0000000E+0,,,
,0.0000000E+0,1.1764954E+1,4.0000000E+0,,,
,0.0000000E+0,1.1768954E+1,6.0000000E+0,,,
,0.0000000E+0,1.1772954E+1,6.0000000E+0,,,
,0.0000000E+0,1.1776955E+1,3.0000000E+0,,,
,0.0000000E+0,1.1780955E+1,6.0000000E+0,,,
,0.0000000E+0,1.1784955E+1,8.0000000E+0,,,
,0.0000000E+0,1.1788955E+1,2.0000000E+0,,,
,0.0000000E+0,1.1792956E+1,4.0000000E+0,,,
,0.0000000E+0,1.1796956E+1,3.0000000E+0,,,
,0.0000000E+0,1.1800956E+1,7.0000000E+0,,,
,0.0000000E+0,1.1804957E+1,8.0000000E+0,,,
,0.0000000E+0,1.1808957E+1,9.0000000E+0,,,
,0.0000000E+0,1.1812957E+1,5.0000000E+0,,,
,0.0000000E+0,1.1816958E+1,3.0000000E+0,,,
,0.0000000E+0,1.1820958E+1,6.0000000E+0,,,
,0.0000000E+0,1.1824958E+1,6.0000000E+0,,,
,0.0000000E+0,1.1828959E+1,4.0000000E+0,,,
,0.0000000E+0,1.1832959E+1,1.0000000E+0,,,
,0.0000000E+0,1.1836959E+1,3.0000000E+0,,,
,0.0000000E+0,1.1840960E+1,5.0000000E+0,,,
,0.0000000E+0,1.1844960E+1,6.0000000E+0,,,
,0.0000000E+0,1.1848960E+1,1.0000000E+1,,,
,0.0000000E+0,1.1852961E+1,5.0000000E+0,,,
,0.0000000E+0,1.1856961E+1,6.0000000E+0,,,
,0.0000000E+0,1.1860961E+1,8.0000000E+0,,,
,0.0000000E+0,1.1864962E+1,4.0000000E+0,,,
,0.0000000E+0,1.1868962E+1,6.0000000E+0,,,
,0.0000000E+0,1.1872962E+1,1.0000000E+1,,,
,0.0000000E+0,1.1876963E+1,8.0000000E+0,,,
,0.0000000E+0,1.1880963E+1,6.0000000E+0,,,
,0.0000000E+0,1.1884963E+1,3.0000000E+0,,,
,0.0000000E+0,1.1888964E+1,3.0000000E+0,,,
,0.0000000E+0,1.1892964E+1,1.0000000E+1,,,
,0.0000000E+0,1.1896964E+1,4.0000000E+0,,,
,0.0000000E+0,1.1900965E+1,5.0000000E+0,,,
,0.0000000E+0,1.1904965E+1,4.0000000E+0,,,
,0.0000000E+0,1.1908965E+1,7.0000000E+0,,,
,0.0000000E+0,1.1912966E+1,5.0000000E+0,,,
,0.0000000E+0,1.1916966E+1,3.0000000E+0,,,
,0.0000000E+0,1.1920966E+1,4.0000000E+0,,,
,0.0000000E+0,1.1924967E+1,3.0000000E+0,,,
,0.0000000E+0,1.1928967E+1,5.0000000E+0,,,
,0.0000000E+0,1.1932967E+1,3.0000000E+0,,,
,0.0000000E+0,1.1936967E+1,3.0000000E+0,,,
,0.0000000E+0,1.1940968E+1,5.0000000E+0,,,
,0.0000000E+0,1.1944968E+1,5.0000000E+0,,,
,0.0000000E+0,1.1948968E+1,5.0000000E+0,,,
,0.0000000E+0,1.1952969E+1,5.0000000E+0,,,
,0.0000000E+0,1.1956969E+1,5.0000000E+0,,,
,0.0000000E+0,1.1960969E+1,6.0000000E+0,,,
,0.0000000E+0,1.1964970E+1,9.0000000E+0,,,
,0.0000000E+0,1.1968970E+1,6.0000000E+0,,,
,0.0000000E+0,1.1972970E+1,5.0000000E+0,,,
,0.0000000E+0,1.1976971E+1,7.0000000E+0,,,
,0.0000000E+0,1.1980971E+1,9.0000000E+0,,,
,0.0000000E+0,1.1984971E+1,5.0000000E+0,,,
,0.0000000E+0,1.1988972E+1,7.0000000E+0,,,
,0.0000000E+0,1.1992972E+1,1.0000000E+1,,,
,0.0000000E+0,1.1996972E+1,1.1000000E+1,,,
,0.0000000E+0,1.2000973E+1,5.0000000E+0,,,
,0.0000000E+0,1.2004973E+1,8.0000000E+0,,,
,0.0000000E+0,1.2008973E+1,6.0000000E+0,,,
,0.0000000E+0,1.2012974E+1,1.0000000E+0,,,
,0.0000000E+0,1.2016974E+1,2.0000000E+0,,,
,0.0000000E+0,1.2020974E+1,9.0000000E+0,,,
,0.0000000E+0,1.2024975E+1,9.0000000E+0,,,
,0.0000000E+0,1.2028975E+1,6.0000000E+0,,,
,0.0000000E+0,1.2032975E+1,7.0000000E+0,,,
,0.0000000E+0,1.2036976E+1,9.0000000E+0,,,
,0.0000000E+0,1.2040976E+1,6.0000000E+0,,,
,0.0000000E+0,1.2044976E+1,5.0000000E+0,,,
,0.0000000E+0,1.2048977E+1,7.0000000E+0,,,
,0.0000000E+0,1.2052977E+1,8.0000000E+0,,,
,0.0000000E+0,1.2056977E+1,5.0000000E+0,,,
,0.0000000E+0,1.2060978E+1,6.0000000E+0,,,
,0.0000000E+0,1.2064978E+1,6.0000000E+0,,,
,0.0000000E+0,1.2068978E+1,5.0000000E+0,,,
,0.0000000E+0,1.2072979E+1,8.0000000E+0,,,
,0.0000000E+0,1.2076979E+1,2.0000000E+0,,,
,0.0000000E+0,1.2080979E+1,9.0000000E+0,,,
,0.0000000E+0,1.2084979E+1,4.0000000E+0,,,
,0.0000000E+0,1.2088980E+1,8.0000000E+0,,,
,0.0000000E+0,1.2092980E+1,9.0000000E+0,,,
,0.0000000E+0,1.2096980E+1,5.0000000E+0,,,
,0.0000000E+0,1.2100981E+1,7.0000000E+0,,,
,0.0000000E+0,1.2104981E+1,6.0000000E+0,,,
,0.0000000E+0,1.2108981E+1,6.0000000E+0,,,
,0.0000000E+0,1.2112982E+1,4.0000000E+0,,,
,0.0000000E+0,1.2116982E+1,5.0000000E+0,,,
,0.0000000E+0,1.2120982E+1,8.0000000E+0,,,
,0.0000000E+0,1.2124983E+1,6.0000000E+0,,,
,0.0000000E+0,1.2128983E+1,4.0000000E+0,,,
,0.0000000E+0,1.2132983E+1,2.0000000E+0,,,
,0.0000000E+0,1.2136984E+1,4.0000000E+0,,,
,0.0000000E+0,1.2140984E+1,5.0000000E+0,,,
,0.0000000E+0,1.2144984E+1,7.0000000E+0,,,
,0.0000000E+0,1.2148985E+1,7.0000000E+0,,,
,0.0000000E+0,1.2152985E+1,8.0000000E+0,,,
,0.0000000E+0,1.2156985E+1,5.0000000E+0,,,
,0.0000000E+0,1.2160986E+1,7.0000000E+0,,,
,0.0000000E+0,1.2164986E+1,7.0000000E+0,,,
,0.0000000E+0,1.2168986E+1,3.0000000E+0,,,
,0.0000000E+0,1.2172987E+1,7.0000000E+0,,,
,0.0000000E+0,1.2176987E+1,5.0000000E+0,,,
,0.0000000E+0,1.2180987E+1,5.0000000E+0,,,
,0.0000000E+0,1.2184988E+1,7.0000000E+0,,,
,0.0000000E+0,1.2188988E+1,5.0000000E+0,,,
,0.0000000E+0,1.2192988E+1,7.0000000E+0,,,
,0.0000000E+0,1.2196989E+1,6.0000000E+0,,,
,0.0000000E+0,1.2200989E+1,1.2000000E+1,,,
,0.0000000E+0,1.2204989E+1,3.0000000E+0,,,
,0.0000000E+0,1.2208990E+1,6.0000000E+0,,,
,0.0000000E+0,1.2212990E+1,4.0000000E+0,,,
,0.0000000E+0,1.2216990E+1,6.0000000E+0,,,
,0.0000000E+0,1.2220991E+1,4.0000000E+0,,,
,0.0000000E+0,1.2224991E+1,6.0000000E+0,,,
,0.0000000E+0,1.2228991E+1,7.0000000E+0,,,
,0.0000000E+0,1.2232991E+1,9.0000000E+0,,,
,0.0000000E+0,1.2236992E+1,2.0000000E+0,,,
,0.0000000E+0,1.2240992E+1,3.0000000E+0,,,
,0.0000000E+0,1.2244992E+1,4.0000000E+0,,,
,0.0000000E+0,1.2248993E+1,3.0000000E+0,,,
,0.0000000E+0,1.2252993E+1,6.0000000E+0,,,
,0.0000000E+0,1.2256993E+1,7.0000000E+0,,,
,0.0000000E+0,1.2260994E+1,1.0000000E+0,,,
,0.0000000E+0,1.2264994E+1,6.0000000E+0,,,
,0.0000000E+0,1.2268994E+1,1.1000000E+1,,,
,0.0000000E+0,1.2272995E+1,6.0000000E+0,,,
,0.0000000E+0,1.2276995E+1,2.0000000E+0,,,
,0.0000000E+0,1.2280995E+1,4.0000000E+0,,,
,0.0000000E+0,1.2284996E+1,5.0000000E+0,,,
,0.0000000E+0,1.2288996E+1,2.0000000E+0,,,
,0.0000000E+0,1.2292996E+1,7.0000000E+0,,,
,0.0000000E+0,1.2296997E+1,5.0000000E+0,,,
,0.0000000E+0,1.2300997E+1,4.0000000E+0,,,
,0.0000000E+0,1.2304997E+1,7.0000000E+0,,,
,0.0000000E+0,1.2308998E+1,7.0000000E+0,,,
,0.0000000E+0,1.2312998E+1,3.0000000E+0,,,
,0.0000000E+0,1.2316998E+1,1.0000000E+1,,,
,0.0000000E+0,1.2320999E+1,4.0000000E+0,,,
,0.0000000E+0,1.2324999E+1,3.0000000E+0,,,
,0.0000000E+0,1.2328999E+1,4.0000000E+0,,,
,0.0000000E+0,1.2333000E+1,6.0000000E+0,,,
,0.0000000E+0,1.2337000E+1,5.0000000E+0,,,
,0.0000000E+0,1.2341000E+1,5.0000000E+0,,,
,0.0000000E+0,1.2345001E+1,7.0000000E+0,,,
,0.0000000E+0,1.2349001E+1,2.0000000E+0,,,
,0.0000000E+0,1.2353001E+1,4.0000000E+0,,,
,0.0000000E+0,1.2357002E+1,8.0000000E+0,,,
,0.0000000E+0,1.2361002E+1,5.0000000E+0,,,
,0.0000000E+0,1.2365002E+1,9.0000000E+0,,,
,0.0000000E+0,1.2369002E+1,2.0000000E+0,,,
,0.0000000E+0,1.2373003E+1,5.0000000E+0,,,
,0.0000000E+0,1.2377003E+1,2.0000000E+0,,,
,0.0000000E+0,1.2381003E+1,3.0000000E+0,,,
,0.0000000E+0,1.2385004E+1,7.0000000E+0,,,
,0.0000000E+0,1.2389004E+1,6.0000000E+0,,,
,0.0000000E+0,1.2393004E+1,4.0000000E+0,,,
,0.0000000E+0,1.2397005E+1,8.0000000E+0,,,
,0.0000000E+0,1.2401005E+1,2.0000000E+0,,,
,0.0000000E+0,1.2405005E+1,5.0000000E+0,,,
,0.0000000E+0,1.2409006E+1,1.0000000E+1,,,
,0.0000000E+0,1.2413006E+1,1.0000000E+0,,,
,0.0000000E+0,1.2417006E+1,5.0000000E+0,,,
,0.0000000E+0,1.2421007E+1,1.0000000E+1,,,
,0.0000000E+0,1.2425007E+1,6.0000000E+0,,,
,0.0000000E+0,1.2429007E+1,6.0000000E+0,,,
,0.0000000E+0,1.2433008E+1,6.0000000E+0,,,
,0.0000000E+0,1.2437008E+1,5.0000000E+0,,,
,0.0000000E+0,1.2441008E+1,4.0000000E+0,,,
,0.0000000E+0,1.2445009E+1,6.0000000E+0,,,
,0.0000000E+0,1.2449009E+1,7.0000000E+0,,,
,0.0000000E+0,1.2453009E+1,6.0000000E+0,,,
,0.0000000E+0,1.2457010E+1,5.0000000E+0,,,
,0.0000000E+0,1.2461010E+1,6.0000000E+0,,,
,0.0000000E+0,1.2465010E+1,9.0000000E+0,,,
,0.0000000E+0,1.2469011E+1,5.0000000E+0,,,
,0.0000000E+0,1.2473011E+1,8.0000000E+0,,,
,0.0000000E+0,1.2477011E+1,8.0000000E+0,,,
,0.0000000E+0,1.2481012E+1,1.0000000E+1,,,
,0.0000000E+0,1.2485012E+1,1.0000000E+1,,,
,0.0000000E+0,1.2489012E+1,7.0000000E+0,,,
,0.0000000E+0,1.2493013E+1,6.0000000E+0,,,
,0.0000000E+0,1.2497013E+1,2.0000000E+0,,,
,0.0000000E+0,1.2501013E+1,9.0000000E+0,,,
,0.0000000E+0,1.2505014E+1,4.0000000E+0,,,
,0.0000000E+0,1.2509014E+1,4.0000000E+0,,,
,0.0000000E+0,1.2513014E+1,5.0000000E+0,,,
,0.0000000E+0,1.2517014E+1,6.0000000E+0,,,
,0.0000000E+0,1.2521015E+1,3.0000000E+0,,,
,0.0000000E+0,1.2525015E+1,6.0000000E+0,,,
,0.0000000E+0,1.2529015E+1,7.0000000E+0,,,
,0.0000000E+0,1.2533016E+1,3.0000000E+0,,,
,0.0000000E+0,1.2537016E+1,3.0000000E+0,,,
,0.0000000E+0,1.2541016E+1,6.0000000E+0,,,
,0.0000000E+0,1.2545017E+1,1.0000000E+1,,,
,0.0000000E+0,1.2549017E+1,3.0000000E+0,,,
,0.0000000E+0,1.2553017E+1,6.0000000E+0,,,
,0.0000000E+0,1.2557018E+1,5.0000000E+0,,,
,0.0000000E+0,1.2561018E+1,3.0000000E+0,,,
,0.0000000E+0,1.2565018E+1,1.3000000E+1,,,
,0.0000000E+0,1.2569019E+1,9.0000000E+0,,,
,0.0000000E+0,1.2573019E+1,5.0000000E+0,,,
,0.0000000E+0,1.2577019E+1,6.0000000E+0,,,
,0.0000000E+0,1.2581020E+1,7.0000000E+0,,,
,0.0000000E+0,1.2585020E+1,1.3000000E+1,,,
,0.0000000E+0,1.2589020E+1,6.0000000E+0,,,
,0.0000000E+0,1.2593021E+1,7.0000000E+0,,,
,0.0000000E+0,1.2597021E+1,7.0000000E+0,,,
,0.0000000E+0,1.2601021E+1,0.0000000E+0,,,
,0.0000000E+0,1.2605022E+1,7.0000000E+0,,,
,0.0000000E+0,1.2609022E+1,2.0000000E+0,,,
,0.0000000E+0,1.2613022E+1,4.0000000E+0,,,
,0.0000000E+0,1.2617023E+1,2.0000000E+0,,,
,0.0000000E+0,1.2621023E+1,6.0000000E+0,,,
,0.0000000E+0,1.2625023E+1,5.0000000E+0,,,
,0.0000000E+0,1.2629024E+1,1.3000000E+1,,,
,0.0000000E+0,1.2633024E+1,1.0000000E+0,,,
,0.0000000E+0,1.2637024E+1,5.0000000E+0,,,
,0.0000000E+0,1.2641025E+1,6.0000000E+0,,,
,0.0000000E+0,1.2645025E+1,8.0000000E+0,,,
,0.0000000E+0,1.2649025E+1,1.0000000E+0,,,
,0.0000000E+0,1.2653026E+1,8.0000000E+0,,,
,0.0000000E+0,1.2657026E+1,4.0000000E+0,,,
,0.0000000E+0,1.2661026E+1,5.0000000E+0,,,
,0.0000000E+0,1.2665026E+1,8.0000000E+0,,,
,0.0000000E+0,1.2669027E+1,5.0000000E+0,,,
,0.0000000E+0,1.2673027E+1,9.0000000E+0,,,
,0.0000000E+0,1.2677027E+1,4.0000000E+0,,,
,0.0000000E+0,1.2681028E+1,7.0000000E+0,,,
,0.0000000E+0,1.2685028E+1,3.0000000E+0,,,
,0.0000000E+0,1.2689028E+1,7.0000000E+0,,,
,0.0000000E+0,1.2693029E+1,7.0000000E+0,,,
,0.0000000E+0,1.2697029E+1,5.0000000E+0,,,
,0.0000000E+0,1.2701029E+1,7.0000000E+0,,,
,0.0000000E+0,1.2705030E+1,4.0000000E+0,,,
,0.0000000E+0,1.2709030E+1,7.0000000E+0,,,
,0.0000000E+0,1.2713030E+1,9.0000000E+0,,,
,0.0000000E+0,1.2717031E+1,2.0000000E+0,,,
,0.0000000E+0,1.2721031E+1,4.0000000E+0,,,
,0.0000000E+0,1.2725031E+1,1.2000000E+1,,,
,0.0000000E+0,1.2729032E+1,7.0000000E+0,,,
,0.0000000E+0,1.2733032E+1,5.0000000E+0,,,
,0.0000000E+0,1.2737032E+1,5.0000000E+0,,,
,0.0000000E+0,1.2741033E+1,5.0000000E+0,,,
,0.0000000E+0,1.2745033E+1,9.0000000E+0,,,
,0.0000000E+0,1.2749033E+1,4.0000000E+0,,,
,0.0000000E+0,1.2753034E+1,2.0000000E+0,,,
,0.0000000E+0,1.2757034E+1,6.0000000E+0,,,
,0.0000000E+0,1.2761034E+1,5.0000000E+0,,,
,0.0000000E+0,1.2765035E+1,7.0000000E+0,,,
,0.0000000E+0,1.2769035E+1,9.0000000E+0,,,
,0.0000000E+0,1.2773035E+1,1.0000000E+1,,,
,0.0000000E+0,1.2777036E+1,6.0000000E+0,,,
,0.0000000E+0,1.2781036E+1,5.0000000E+0,,,
,0.0000000E+0,1.2785036E+1,3.0000000E+0,,,
,0.0000000E+0,1.2789037E+1,1.1000000E+1,,,
,0.0000000E+0,1.2793037E+1,3.0000000E+0,,,
,0.0000000E+0,1.2797037E+1,8.0000000E+0,,,
,0.0000000E+0,1.2801038E+1,4.0000000E+0,,,
,0.0000000E+0,1.2805038E+1,4.0000000E+0,,,
,0.0000000E+0,1.2809038E+1,3.0000000E+0,,,
,0.0000000E+0,1.2813038E+1,7.0000000E+0,,,
,0.0000000E+0,1.2817039E+1,9.0000000E+0,,,
,,,,,,
