Parameters Labels,Par_0,Wavelength0,Exp_0,,,
Scanner X,0.0000000E+0,0.0000000E+0,0.0000000E+0,,,
Scanner Y,0.0000000E+0,4.0003283E-3,0.0000000E+0,,,
Excitation Power,4.8740470E-4,8.0006567E-3,0.0000000E+0,,,
V_A,-1.6799720E+0,1.2000985E-2,0.0000000E+0,,,
I_A,-1.2311340E-10,1.6001313E-2,0.0000000E+0,,,
V_B,9.9999170E-1,2.0001642E-2,2.0000000E+0,,,
I_B,1.3765140E-10,2.4001970E-2,0.0000000E+0,,,
PD_V,1.0512639E+1,2.8002298E-2,0.0000000E+0,,,
T,-1.0000000E+0,3.2002627E-2,0.0000000E+0,,,
SR865_R,-1.0000000E+0,3.6002955E-2,0.0000000E+0,,,
SR865_T,-1.0000000E+0,4.0003283E-2,1.0000000E+0,,,
SR865_AUX4,-1.0000000E+0,4.4003612E-2,0.0000000E+0,,,
Fianium_Varia_Central_Wavelength,7.3000000E+2,4.8003940E-2,0.0000000E+0,,,
Fianium_Varia_Bandwidth,1.0000000E+1,5.2004268E-2,3.0000000E+0,,,
Fianium_Laser_Power,9.0000000E+1,5.6004597E-2,1.0000000E+0,,,
Fianium_Varia_ND,0.0000000E+0,6.0004925E-2,1.0000000E+0,,,
NKT - Pulse Picker Ratio,1.0000000E+0,6.4005253E-2,0.0000000E+0,,,
Fianium_Select_W0,-1.0000000E+0,6.8005582E-2,0.0000000E+0,,,
Fianium_Select_W1,-1.0000000E+0,7.2005910E-2,0.0000000E+0,,,
Fianium_Select_W2,-1.0000000E+0,7.6006238E-2,1.0000000E+0,,,
Fianium_Select_W3,-1.0000000E+0,8.0006567E-2,0.0000000E+0,,,
Fianium_Select_W4,-1.0000000E+0,8.4006895E-2,0.0000000E+0,,,
Fianium_Select_W5,-1.0000000E+0,8.8007223E-2,0.0000000E+0,,,
Fianium_Select_W6,-1.0000000E+0,9.2007552E-2,0.0000000E+0,,,
Fianium_Select_W7,-1.0000000E+0,9.6007880E-2,1.0000000E+0,,,
Fianium_Select_A0,-1.0000000E+0,1.0000821E-1,0.0000000E+0,,,
Fianium_Select_A1,-1.0000000E+0,1.0400854E-1,2.0000000E+0,,,
Fianium_Select_A2,-1.0000000E+0,1.0800886E-1,0.0000000E+0,,,
Fianium_Select_A3,-1.0000000E+0,1.1200919E-1,0.0000000E+0,,,
Fianium_Select_A4,9.3000000E+4,1.1600952E-1,0.0000000E+0,,,
Fianium_Select_A5,7.7996720E+7,1.2000985E-1,0.0000000E+0,,,
Fianium_Select_A6,1.3000000E+2,1.2401018E-1,1.0000000E+0,,,
Fianium_Select_A7,1.0045000E+1,1.2801051E-1,0.0000000E+0,,,
33600A_Ch1_Vpp,-1.0000000E+0,1.3201083E-1,0.0000000E+0,,,
33600A_Ch1_Vdc,-1.0000000E+0,1.3601116E-1,1.0000000E+0,,,
33600A_Ch1_freq,-1.0000000E+0,1.4001149E-1,0.0000000E+0,,,
33600A_Ch2_Vpp,-1.0000000E+0,1.4401182E-1,0.0000000E+0,,,
33600A_Ch2_Vdc,-1.0000000E+0,1.4801215E-1,0.0000000E+0,,,
33600A_Ch2_freq,0.0000000E+0,1.5201248E-1,1.0000000E+0,,,
PG1072_V_High,0.0000000E+0,1.5601280E-1,0.0000000E+0,,,
PG1072_V_Low,0.0000000E+0,1.6001313E-1,0.0000000E+0,,,
PG1072_PulseWidth,0.0000000E+0,1.6401346E-1,0.0000000E+0,,,
PG1072_PulseDelay,0.0000000E+0,1.6801379E-1,1.0000000E+0,,,
PG1072_Frequency,0.0000000E+0,1.7201412E-1,0.0000000E+0,,,
Galvo_X,0.0000000E+0,1.7601445E-1,1.0000000E+0,,,
Galvo_Y,0.0000000E+0,1.8001477E-1,1.0000000E+0,,,
TCML - Actual Position,0.0000000E+0,1.8401510E-1,0.0000000E+0,,,
Picoharp - RepRate,0.0000000E+0,1.8801543E-1,0.0000000E+0,,,
Picoharp - Counts,0.0000000E+0,1.9201576E-1,0.0000000E+0,,,
Picoharp - Actual Measurement Time,0.0000000E+0,1.9601609E-1,0.0000000E+0,,,
Solstis - Target Wavelength,0.0000000E+0,2.0001642E-1,0.0000000E+0,,,
Solstis - Actual Wavelength from Wavemeter,0.0000000E+0,2.0401674E-1,0.0000000E+0,,,
Rotation Axis - Value,0.0000000E+0,2.0801707E-1,0.0000000E+0,,,
ZI Vpp1,0.0000000E+0,2.1201740E-1,0.0000000E+0,,,
ZI Voff1,0.0000000E+0,2.1601773E-1,0.0000000E+0,,,
ZI Vpp2,0.0000000E+0,2.2001806E-1,0.0000000E+0,,,
ZI Voff2,0.0000000E+0,2.2401839E-1,0.0000000E+0,,,
,0.0000000E+0,2.2801871E-1,0.0000000E+0,,,
,0.0000000E+0,2.3201904E-1,0.0000000E+0,,,
,0.0000000E+0,2.3601937E-1,0.0000000E+0,,,
,0.0000000E+0,2.4001970E-1,0.0000000E+0,,,
,0.0000000E+0,2.4402003E-1,0.0000000E+0,,,
,0.0000000E+0,2.4802036E-1,0.0000000E+0,,,
,0.0000000E+0,2.5202068E-1,1.0000000E+0,,,
,0.0000000E+0,2.5602101E-1,0.0000000E+0,,,
,0.0000000E+0,2.6002134E-1,1.0000000E+0,,,
,0.0000000E+0,2.6402167E-1,0.0000000E+0,,,
,0.0000000E+0,2.6802200E-1,0.0000000E+0,,,
,0.0000000E+0,2.7202233E-1,0.0000000E+0,,,
,0.0000000E+0,2.7602265E-1,1.0000000E+0,,,
,0.0000000E+0,2.8002298E-1,1.0000000E+0,,,
,0.0000000E+0,2.8402331E-1,0.0000000E+0,,,
,0.0000000E+0,2.8802364E-1,0.0000000E+0,,,
,0.0000000E+0,2.9202397E-1,0.0000000E+0,,,
,0.0000000E+0,2.9602430E-1,0.0000000E+0,,,
,0.0000000E+0,3.0002462E-1,1.0000000E+0,,,
,0.0000000E+0,3.0402495E-1,0.0000000E+0,,,
,0.0000000E+0,3.0802528E-1,1.0000000E+0,,,
,0.0000000E+0,3.1202561E-1,1.0000000E+0,,,
,0.0000000E+0,3.1602594E-1,0.0000000E+0,,,
,0.0000000E+0,3.2002627E-1,0.0000000E+0,,,
,0.0000000E+0,3.2402659E-1,0.0000000E+0,,,
,0.0000000E+0,3.2802692E-1,0.0000000E+0,,,
,0.0000000E+0,3.3202725E-1,0.0000000E+0,,,
,0.0000000E+0,3.3602758E-1,1.0000000E+0,,,
,0.0000000E+0,3.4002791E-1,0.0000000E+0,,,
,0.0000000E+0,3.4402824E-1,0.0000000E+0,,,
,0.0000000E+0,3.4802856E-1,1.0000000E+0,,,
,0.0000000E+0,3.5202889E-1,1.0000000E+0,,,
,0.0000000E+0,3.5602922E-1,0.0000000E+0,,,
,0.0000000E+0,3.6002955E-1,0.0000000E+0,,,
,0.0000000E+0,3.6402988E-1,0.0000000E+0,,,
,0.0000000E+0,3.6803021E-1,1.0000000E+0,,,
,0.0000000E+0,3.7203053E-1,0.0000000E+0,,,
,0.0000000E+0,3.7603086E-1,0.0000000E+0,,,
,0.0000000E+0,3.8003119E-1,0.0000000E+0,,,
,0.0000000E+0,3.8403152E-1,0.0000000E+0,,,
,0.0000000E+0,3.8803185E-1,0.0000000E+0,,,
,0.0000000E+0,3.9203218E-1,0.0000000E+0,,,
,0.0000000E+0,3.9603250E-1,0.0000000E+0,,,
,0.0000000E+0,4.0003283E-1,1.0000000E+0,,,
,0.0000000E+0,4.0403316E-1,0.0000000E+0,,,
,0.0000000E+0,4.0803349E-1,0.0000000E+0,,,
,0.0000000E+0,4.1203382E-1,0.0000000E+0,,,
,0.0000000E+0,4.1603415E-1,0.0000000E+0,,,
,0.0000000E+0,4.2003447E-1,0.0000000E+0,,,
,0.0000000E+0,4.2403480E-1,0.0000000E+0,,,
,0.0000000E+0,4.2803513E-1,0.0000000E+0,,,
,0.0000000E+0,4.3203546E-1,0.0000000E+0,,,
,0.0000000E+0,4.3603579E-1,0.0000000E+0,,,
,0.0000000E+0,4.4003612E-1,0.0000000E+0,,,
,0.0000000E+0,4.4403644E-1,0.0000000E+0,,,
,0.0000000E+0,4.4803677E-1,0.0000000E+0,,,
,0.0000000E+0,4.5203710E-1,0.0000000E+0,,,
,0.0000000E+0,4.5603743E-1,0.0000000E+0,,,
,0.0000000E+0,4.6003776E-1,0.0000000E+0,,,
,0.0000000E+0,4.6403809E-1,0.0000000E+0,,,
,0.0000000E+0,4.6803841E-1,0.0000000E+0,,,
,0.0000000E+0,4.7203874E-1,0.0000000E+0,,,
,0.0000000E+0,4.7603907E-1,0.0000000E+0,,,
,0.0000000E+0,4.8003940E-1,0.0000000E+0,,,
,0.0000000E+0,4.8403973E-1,0.0000000E+0,,,
,0.0000000E+0,4.8804006E-1,0.0000000E+0,,,
,0.0000000E+0,4.9204038E-1,1.0000000E+0,,,
,0.0000000E+0,4.9604071E-1,0.0000000E+0,,,
,0.0000000E+0,5.0004104E-1,0.0000000E+0,,,
,0.0000000E+0,5.0404137E-1,0.0000000E+0,,,
,0.0000000E+0,5.0804170E-1,0.0000000E+0,,,
,0.0000000E+0,5.1204203E-1,0.0000000E+0,,,
,0.0000000E+0,5.1604235E-1,0.0000000E+0,,,
,0.0000000E+0,5.2004268E-1,0.0000000E+0,,,
,0.0000000E+0,5.2404301E-1,1.0000000E+0,,,
,0.0000000E+0,5.2804334E-1,0.0000000E+0,,,
,0.0000000E+0,5.3204367E-1,0.0000000E+0,,,
,0.0000000E+0,5.3604400E-1,1.0000000E+0,,,
,0.0000000E+0,5.4004432E-1,1.0000000E+0,,,
,0.0000000E+0,5.4404465E-1,1.0000000E+0,,,
,0.0000000E+0,5.4804498E-1,0.0000000E+0,,,
,0.0000000E+0,5.5204531E-1,0.0000000E+0,,,
,0.0000000E+0,5.5604564E-1,1.0000000E+0,,,
,0.0000000E+0,5.6004597E-1,0.0000000E+0,,,
,0.0000000E+0,5.6404629E-1,0.0000000E+0,,,
,0.0000000E+0,5.6804662E-1,0.0000000E+0,,,
,0.0000000E+0,5.7204695E-1,0.0000000E+0,,,
,0.0000000E+0,5.7604728E-1,0.0000000E+0,,,
,0.0000000E+0,5.8004761E-1,0.0000000E+0,,,
,0.0000000E+0,5.8404794E-1,1.0000000E+0,,,
,0.0000000E+0,5.8804826E-1,0.0000000E+0,,,
,0.0000000E+0,5.9204859E-1,0.0000000E+0,,,
,0.0000000E+0,5.9604892E-1,0.0000000E+0,,,
,0.0000000E+0,6.0004925E-1,0.0000000E+0,,,
,0.0000000E+0,6.0404958E-1,1.0000000E+0,,,
,0.0000000E+0,6.0804991E-1,0.0000000E+0,,,
,0.0000000E+0,6.1205023E-1,0.0000000E+0,,,
,0.0000000E+0,6.1605056E-1,0.0000000E+0,,,
,0.0000000E+0,6.2005089E-1,0.0000000E+0,,,
,0.0000000E+0,6.2405122E-1,0.0000000E+0,,,
,0.0000000E+0,6.2805155E-1,0.0000000E+0,,,
,0.0000000E+0,6.3205188E-1,0.0000000E+0,,,
,0.0000000E+0,6.3605220E-1,0.0000000E+0,,,
,0.0000000E+0,6.4005253E-1,0.0000000E+0,,,
,0.0000000E+0,6.4405286E-1,0.0000000E+0,,,
,0.0000000E+0,6.4805319E-1,1.0000000E+0,,,
,0.0000000E+0,6.5205352E-1,0.0000000E+0,,,
,0.0000000E+0,6.5605385E-1,0.0000000E+0,,,
,0.0000000E+0,6.6005417E-1,0.0000000E+0,,,
,0.0000000E+0,6.6405450E-1,0.0000000E+0,,,
,0.0000000E+0,6.6805483E-1,0.0000000E+0,,,
,0.0000000E+0,6.7205516E-1,0.0000000E+0,,,
,0.0000000E+0,6.7605549E-1,1.0000000E+0,,,
,0.0000000E+0,6.8005582E-1,1.0000000E+0,,,
,0.0000000E+0,6.8405614E-1,0.0000000E+0,,,
,0.0000000E+0,6.8805647E-1,0.0000000E+0,,,
,0.0000000E+0,6.9205680E-1,0.0000000E+0,,,
,0.0000000E+0,6.9605713E-1,0.0000000E+0,,,
,0.0000000E+0,7.0005746E-1,0.0000000E+0,,,
,0.0000000E+0,7.0405779E-1,0.0000000E+0,,,
,0.0000000E+0,7.0805811E-1,0.0000000E+0,,,
,0.0000000E+0,7.1205844E-1,0.0000000E+0,,,
,0.0000000E+0,7.1605877E-1,0.0000000E+0,,,
,0.0000000E+0,7.2005910E-1,0.0000000E+0,,,
,0.0000000E+0,7.2405943E-1,0.0000000E+0,,,
,0.0000000E+0,7.2805976E-1,0.0000000E+0,,,
,0.0000000E+0,7.3206008E-1,0.0000000E+0,,,
,0.0000000E+0,7.3606041E-1,0.0000000E+0,,,
,0.0000000E+0,7.4006074E-1,0.0000000E+0,,,
,0.0000000E+0,7.4406107E-1,0.0000000E+0,,,
,0.0000000E+0,7.4806140E-1,0.0000000E+0,,,
,0.0000000E+0,7.5206173E-1,0.0000000E+0,,,
,0.0000000E+0,7.5606205E-1,0.0000000E+0,,,
,0.0000000E+0,7.6006238E-1,0.0000000E+0,,,
,0.0000000E+0,7.6406271E-1,1.0000000E+0,,,
,0.0000000E+0,7.6806304E-1,0.0000000E+0,,,
,0.0000000E+0,7.7206337E-1,0.0000000E+0,,,
,0.0000000E+0,7.7606370E-1,0.0000000E+0,,,
,0.0000000E+0,7.8006402E-1,1.0000000E+0,,,
,0.0000000E+0,7.8406435E-1,0.0000000E+0,,,
,0.0000000E+0,7.8806468E-1,1.0000000E+0,,,
,0.0000000E+0,7.9206501E-1,1.0000000E+0,,,
,0.0000000E+0,7.9606534E-1,0.0000000E+0,,,
,0.0000000E+0,8.0006567E-1,0.0000000E+0,,,
,0.0000000E+0,8.0406599E-1,0.0000000E+0,,,
,0.0000000E+0,8.0806632E-1,0.0000000E+0,,,
,0.0000000E+0,8.1206665E-1,0.0000000E+0,,,
,0.0000000E+0,8.1606698E-1,0.0000000E+0,,,
,0.0000000E+0,8.2006731E-1,0.0000000E+0,,,
,0.0000000E+0,8.2406764E-1,0.0000000E+0,,,
,0.0000000E+0,8.2806796E-1,0.0000000E+0,,,
,0.0000000E+0,8.3206829E-1,0.0000000E+0,,,
,0.0000000E+0,8.3606862E-1,1.0000000E+0,,,
,0.0000000E+0,8.4006895E-1,0.0000000E+0,,,
,0.0000000E+0,8.4406928E-1,0.0000000E+0,,,
,0.0000000E+0,8.4806961E-1,2.0000000E+0,,,
,0.0000000E+0,8.5206993E-1,0.0000000E+0,,,
,0.0000000E+0,8.5607026E-1,0.0000000E+0,,,
,0.0000000E+0,8.6007059E-1,0.0000000E+0,,,
,0.0000000E+0,8.6407092E-1,0.0000000E+0,,,
,0.0000000E+0,8.6807125E-1,0.0000000E+0,,,
,0.0000000E+0,8.7207158E-1,0.0000000E+0,,,
,0.0000000E+0,8.7607190E-1,0.0000000E+0,,,
,0.0000000E+0,8.8007223E-1,1.0000000E+0,,,
,0.0000000E+0,8.8407256E-1,1.0000000E+0,,,
,0.0000000E+0,8.8807289E-1,0.0000000E+0,,,
,0.0000000E+0,8.9207322E-1,0.0000000E+0,,,
,0.0000000E+0,8.9607355E-1,1.0000000E+0,,,
,0.0000000E+0,9.0007387E-1,0.0000000E+0,,,
,0.0000000E+0,9.0407420E-1,0.0000000E+0,,,
,0.0000000E+0,9.0807453E-1,0.0000000E+0,,,
,0.0000000E+0,9.1207486E-1,0.0000000E+0,,,
,0.0000000E+0,9.1607519E-1,0.0000000E+0,,,
,0.0000000E+0,9.2007552E-1,0.0000000E+0,,,
,0.0000000E+0,9.2407584E-1,0.0000000E+0,,,
,0.0000000E+0,9.2807617E-1,0.0000000E+0,,,
,0.0000000E+0,9.3207650E-1,0.0000000E+0,,,
,0.0000000E+0,9.3607683E-1,0.0000000E+0,,,
,0.0000000E+0,9.4007716E-1,0.0000000E+0,,,
,0.0000000E+0,9.4407749E-1,0.0000000E+0,,,
,0.0000000E+0,9.4807781E-1,0.0000000E+0,,,
,0.0000000E+0,9.5207814E-1,1.0000000E+0,,,
,0.0000000E+0,9.5607847E-1,0.0000000E+0,,,
,0.0000000E+0,9.6007880E-1,1.0000000E+0,,,
,0.0000000E+0,9.6407913E-1,0.0000000E+0,,,
,0.0000000E+0,9.6807946E-1,0.0000000E+0,,,
,0.0000000E+0,9.7207978E-1,0.0000000E+0,,,
,0.0000000E+0,9.7608011E-1,0.0000000E+0,,,
,0.0000000E+0,9.8008044E-1,0.0000000E+0,,,
,0.0000000E+0,9.8408077E-1,0.0000000E+0,,,
,0.0000000E+0,9.8808110E-1,0.0000000E+0,,,
,0.0000000E+0,9.9208143E-1,0.0000000E+0,,,
,0.0000000E+0,9.9608175E-1,0.0000000E+0,,,
,0.0000000E+0,1.0000821E+0,0.0000000E+0,,,
,0.0000000E+0,1.0040824E+0,0.0000000E+0,,,
,0.0000000E+0,1.0080827E+0,0.0000000E+0,,,
,0.0000000E+0,1.0120831E+0,0.0000000E+0,,,
,0.0000000E+0,1.0160834E+0,0.0000000E+0,,,
,0.0000000E+0,1.0200837E+0,0.0000000E+0,,,
,0.0000000E+0,1.0240841E+0,1.0000000E+0,,,
,0.0000000E+0,1.0280844E+0,0.0000000E+0,,,
,0.0000000E+0,1.0320847E+0,0.0000000E+0,,,
,0.0000000E+0,1.0360850E+0,0.0000000E+0,,,
,0.0000000E+0,1.0400854E+0,0.0000000E+0,,,
,0.0000000E+0,1.0440857E+0,0.0000000E+0,,,
,0.0000000E+0,1.0480860E+0,0.0000000E+0,,,
,0.0000000E+0,1.0520864E+0,0.0000000E+0,,,
,0.0000000E+0,1.0560867E+0,0.0000000E+0,,,
,0.0000000E+0,1.0600870E+0,1.0000000E+0,,,
,0.0000000E+0,1.0640873E+0,0.0000000E+0,,,
,0.0000000E+0,1.0680877E+0,0.0000000E+0,,,
,0.0000000E+0,1.0720880E+0,0.0000000E+0,,,
,0.0000000E+0,1.0760883E+0,0.0000000E+0,,,
,0.0000000E+0,1.0800886E+0,0.0000000E+0,,,
,0.0000000E+0,1.0840890E+0,0.0000000E+0,,,
,0.0000000E+0,1.0880893E+0,0.0000000E+0,,,
,0.0000000E+0,1.0920896E+0,0.0000000E+0,,,
,0.0000000E+0,1.0960900E+0,0.0000000E+0,,,
,0.0000000E+0,1.1000903E+0,0.0000000E+0,,,
,0.0000000E+0,1.1040906E+0,0.0000000E+0,,,
,0.0000000E+0,1.1080909E+0,0.0000000E+0,,,
,0.0000000E+0,1.1120913E+0,1.0000000E+0,,,
,0.0000000E+0,1.1160916E+0,1.0000000E+0,,,
,0.0000000E+0,1.1200919E+0,0.0000000E+0,,,
,0.0000000E+0,1.1240923E+0,0.0000000E+0,,,
,0.0000000E+0,1.1280926E+0,0.0000000E+0,,,
,0.0000000E+0,1.1320929E+0,0.0000000E+0,,,
,0.0000000E+0,1.1360932E+0,0.0000000E+0,,,
,0.0000000E+0,1.1400936E+0,0.0000000E+0,,,
,0.0000000E+0,1.1440939E+0,0.0000000E+0,,,
,0.0000000E+0,1.1480942E+0,0.0000000E+0,,,
,0.0000000E+0,1.1520946E+0,0.0000000E+0,,,
,0.0000000E+0,1.1560949E+0,0.0000000E+0,,,
,0.0000000E+0,1.1600952E+0,0.0000000E+0,,,
,0.0000000E+0,1.1640955E+0,0.0000000E+0,,,
,0.0000000E+0,1.1680959E+0,0.0000000E+0,,,
,0.0000000E+0,1.1720962E+0,0.0000000E+0,,,
,0.0000000E+0,1.1760965E+0,0.0000000E+0,,,
,0.0000000E+0,1.1800969E+0,0.0000000E+0,,,
,0.0000000E+0,1.1840972E+0,0.0000000E+0,,,
,0.0000000E+0,1.1880975E+0,0.0000000E+0,,,
,0.0000000E+0,1.1920978E+0,0.0000000E+0,,,
,0.0000000E+0,1.1960982E+0,0.0000000E+0,,,
,0.0000000E+0,1.2000985E+0,0.0000000E+0,,,
,0.0000000E+0,1.2040988E+0,0.0000000E+0,,,
,0.0000000E+0,1.2080992E+0,0.0000000E+0,,,
,0.0000000E+0,1.2120995E+0,2.0000000E+0,,,
,0.0000000E+0,1.2160998E+0,0.0000000E+0,,,
,0.0000000E+0,1.2201001E+0,0.0000000E+0,,,
,0.0000000E+0,1.2241005E+0,1.0000000E+0,,,
,0.0000000E+0,1.2281008E+0,0.0000000E+0,,,
,0.0000000E+0,1.2321011E+0,0.0000000E+0,,,
,0.0000000E+0,1.2361015E+0,0.0000000E+0,,,
,0.0000000E+0,1.2401018E+0,0.0000000E+0,,,
,0.0000000E+0,1.2441021E+0,0.0000000E+0,,,
,0.0000000E+0,1.2481024E+0,1.0000000E+0,,,
,0.0000000E+0,1.2521028E+0,0.0000000E+0,,,
,0.0000000E+0,1.2561031E+0,0.0000000E+0,,,
,0.0000000E+0,1.2601034E+0,0.0000000E+0,,,
,0.0000000E+0,1.2641038E+0,0.0000000E+0,,,
,0.0000000E+0,1.2681041E+0,0.0000000E+0,,,
,0.0000000E+0,1.2721044E+0,0.0000000E+0,,,
,0.0000000E+0,1.2761047E+0,0.0000000E+0,,,
,0.0000000E+0,1.2801051E+0,0.0000000E+0,,,
,0.0000000E+0,1.2841054E+0,0.0000000E+0,,,
,0.0000000E+0,1.2881057E+0,0.0000000E+0,,,
,0.0000000E+0,1.2921060E+0,0.0000000E+0,,,
,0.0000000E+0,1.2961064E+0,0.0000000E+0,,,
,0.0000000E+0,1.3001067E+0,0.0000000E+0,,,
,0.0000000E+0,1.3041070E+0,0.0000000E+0,,,
,0.0000000E+0,1.3081074E+0,0.0000000E+0,,,
,0.0000000E+0,1.3121077E+0,0.0000000E+0,,,
,0.0000000E+0,1.3161080E+0,0.0000000E+0,,,
,0.0000000E+0,1.3201083E+0,1.0000000E+0,,,
,0.0000000E+0,1.3241087E+0,0.0000000E+0,,,
,0.0000000E+0,1.3281090E+0,0.0000000E+0,,,
,0.0000000E+0,1.3321093E+0,0.0000000E+0,,,
,0.0000000E+0,1.3361097E+0,0.0000000E+0,,,
,0.0000000E+0,1.3401100E+0,0.0000000E+0,,,
,0.0000000E+0,1.3441103E+0,0.0000000E+0,,,
,0.0000000E+0,1.3481106E+0,0.0000000E+0,,,
,0.0000000E+0,1.3521110E+0,0.0000000E+0,,,
,0.0000000E+0,1.3561113E+0,0.0000000E+0,,,
,0.0000000E+0,1.3601116E+0,1.0000000E+0,,,
,0.0000000E+0,1.3641120E+0,0.0000000E+0,,,
,0.0000000E+0,1.3681123E+0,0.0000000E+0,,,
,0.0000000E+0,1.3721126E+0,0.0000000E+0,,,
,0.0000000E+0,1.3761129E+0,0.0000000E+0,,,
,0.0000000E+0,1.3801133E+0,0.0000000E+0,,,
,0.0000000E+0,1.3841136E+0,0.0000000E+0,,,
,0.0000000E+0,1.3881139E+0,0.0000000E+0,,,
,0.0000000E+0,1.3921143E+0,0.0000000E+0,,,
,0.0000000E+0,1.3961146E+0,0.0000000E+0,,,
,0.0000000E+0,1.4001149E+0,0.0000000E+0,,,
,0.0000000E+0,1.4041152E+0,0.0000000E+0,,,
,0.0000000E+0,1.4081156E+0,0.0000000E+0,,,
,0.0000000E+0,1.4121159E+0,0.0000000E+0,,,
,0.0000000E+0,1.4161162E+0,0.0000000E+0,,,
,0.0000000E+0,1.4201166E+0,0.0000000E+0,,,
,0.0000000E+0,1.4241169E+0,0.0000000E+0,,,
,0.0000000E+0,1.4281172E+0,0.0000000E+0,,,
,0.0000000E+0,1.4321175E+0,0.0000000E+0,,,
,0.0000000E+0,1.4361179E+0,0.0000000E+0,,,
,0.0000000E+0,1.4401182E+0,1.0000000E+0,,,
,0.0000000E+0,1.4441185E+0,0.0000000E+0,,,
,0.0000000E+0,1.4481189E+0,0.0000000E+0,,,
,0.0000000E+0,1.4521192E+0,0.0000000E+0,,,
,0.0000000E+0,1.4561195E+0,0.0000000E+0,,,
,0.0000000E+0,1.4601198E+0,0.0000000E+0,,,
,0.0000000E+0,1.4641202E+0,0.0000000E+0,,,
,0.0000000E+0,1.4681205E+0,0.0000000E+0,,,
,0.0000000E+0,1.4721208E+0,0.0000000E+0,,,
,0.0000000E+0,1.4761212E+0,0.0000000E+0,,,
,0.0000000E+0,1.4801215E+0,0.0000000E+0,,,
,0.0000000E+0,1.4841218E+0,0.0000000E+0,,,
,0.0000000E+0,1.4881221E+0,0.0000000E+0,,,
,0.0000000E+0,1.4921225E+0,0.0000000E+0,,,
,0.0000000E+0,1.4961228E+0,0.0000000E+0,,,
,0.0000000E+0,1.5001231E+0,1.0000000E+0,,,
,0.0000000E+0,1.5041235E+0,0.0000000E+0,,,
,0.0000000E+0,1.5081238E+0,0.0000000E+0,,,
,0.0000000E+0,1.5121241E+0,0.0000000E+0,,,
,0.0000000E+0,1.5161244E+0,0.0000000E+0,,,
,0.0000000E+0,1.5201248E+0,0.0000000E+0,,,
,0.0000000E+0,1.5241251E+0,0.0000000E+0,,,
,0.0000000E+0,1.5281254E+0,0.0000000E+0,,,
,0.0000000E+0,1.5321257E+0,0.0000000E+0,,,
,0.0000000E+0,1.5361261E+0,1.0000000E+0,,,
,0.0000000E+0,1.5401264E+0,0.0000000E+0,,,
,0.0000000E+0,1.5441267E+0,2.0000000E+0,,,
,0.0000000E+0,1.5481271E+0,0.0000000E+0,,,
,0.0000000E+0,1.5521274E+0,0.0000000E+0,,,
,0.0000000E+0,1.5561277E+0,0.0000000E+0,,,
,0.0000000E+0,1.5601280E+0,0.0000000E+0,,,
,0.0000000E+0,1.5641284E+0,0.0000000E+0,,,
,0.0000000E+0,1.5681287E+0,0.0000000E+0,,,
,0.0000000E+0,1.5721290E+0,0.0000000E+0,,,
,0.0000000E+0,1.5761294E+0,0.0000000E+0,,,
,0.0000000E+0,1.5801297E+0,0.0000000E+0,,,
,0.0000000E+0,1.5841300E+0,0.0000000E+0,,,
,0.0000000E+0,1.5881303E+0,0.0000000E+0,,,
,0.0000000E+0,1.5921307E+0,1.0000000E+0,,,
,0.0000000E+0,1.5961310E+0,0.0000000E+0,,,
,0.0000000E+0,1.6001313E+0,1.0000000E+0,,,
,0.0000000E+0,1.6041317E+0,0.0000000E+0,,,
,0.0000000E+0,1.6081320E+0,0.0000000E+0,,,
,0.0000000E+0,1.6121323E+0,0.0000000E+0,,,
,0.0000000E+0,1.6161326E+0,0.0000000E+0,,,
,0.0000000E+0,1.6201330E+0,0.0000000E+0,,,
,0.0000000E+0,1.6241333E+0,0.0000000E+0,,,
,0.0000000E+0,1.6281336E+0,0.0000000E+0,,,
,0.0000000E+0,1.6321340E+0,0.0000000E+0,,,
,0.0000000E+0,1.6361343E+0,0.0000000E+0,,,
,0.0000000E+0,1.6401346E+0,0.0000000E+0,,,
,0.0000000E+0,1.6441349E+0,0.0000000E+0,,,
,0.0000000E+0,1.6481353E+0,0.0000000E+0,,,
,0.0000000E+0,1.6521356E+0,0.0000000E+0,,,
,0.0000000E+0,1.6561359E+0,0.0000000E+0,,,
,0.0000000E+0,1.6601363E+0,1.0000000E+0,,,
,0.0000000E+0,1.6641366E+0,0.0000000E+0,,,
,0.0000000E+0,1.6681369E+0,1.0000000E+0,,,
,0.0000000E+0,1.6721372E+0,0.0000000E+0,,,
,0.0000000E+0,1.6761376E+0,0.0000000E+0,,,
,0.0000000E+0,1.6801379E+0,0.0000000E+0,,,
,0.0000000E+0,1.6841382E+0,0.0000000E+0,,,
,0.0000000E+0,1.6881386E+0,0.0000000E+0,,,
,0.0000000E+0,1.6921389E+0,0.0000000E+0,,,
,0.0000000E+0,1.6961392E+0,0.0000000E+0,,,
,0.0000000E+0,1.7001395E+0,0.0000000E+0,,,
,0.0000000E+0,1.7041399E+0,0.0000000E+0,,,
,0.0000000E+0,1.7081402E+0,1.0000000E+0,,,
,0.0000000E+0,1.7121405E+0,1.0000000E+0,,,
,0.0000000E+0,1.7161409E+0,0.0000000E+0,,,
,0.0000000E+0,1.7201412E+0,1.0000000E+0,,,
,0.0000000E+0,1.7241415E+0,0.0000000E+0,,,
,0.0000000E+0,1.7281418E+0,0.0000000E+0,,,
,0.0000000E+0,1.7321422E+0,0.0000000E+0,,,
,0.0000000E+0,1.7361425E+0,0.0000000E+0,,,
,0.0000000E+0,1.7401428E+0,0.0000000E+0,,,
,0.0000000E+0,1.7441432E+0,0.0000000E+0,,,
,0.0000000E+0,1.7481435E+0,0.0000000E+0,,,
,0.0000000E+0,1.7521438E+0,0.0000000E+0,,,
,0.0000000E+0,1.7561441E+0,0.0000000E+0,,,
,0.0000000E+0,1.7601445E+0,0.0000000E+0,,,
,0.0000000E+0,1.7641448E+0,0.0000000E+0,,,
,0.0000000E+0,1.7681451E+0,1.0000000E+0,,,
,0.0000000E+0,1.7721454E+0,0.0000000E+0,,,
,0.0000000E+0,1.7761458E+0,0.0000000E+0,,,
,0.0000000E+0,1.7801461E+0,0.0000000E+0,,,
,0.0000000E+0,1.7841464E+0,0.0000000E+0,,,
,0.0000000E+0,1.7881468E+0,0.0000000E+0,,,
,0.0000000E+0,1.7921471E+0,0.0000000E+0,,,
,0.0000000E+0,1.7961474E+0,1.0000000E+0,,,
,0.0000000E+0,1.8001477E+0,1.0000000E+0,,,
,0.0000000E+0,1.8041481E+0,0.0000000E+0,,,
,0.0000000E+0,1.8081484E+0,0.0000000E+0,,,
,0.0000000E+0,1.8121487E+0,1.0000000E+0,,,
,0.0000000E+0,1.8161491E+0,0.0000000E+0,,,
,0.0000000E+0,1.8201494E+0,0.0000000E+0,,,
,0.0000000E+0,1.8241497E+0,0.0000000E+0,,,
,0.0000000E+0,1.8281500E+0,0.0000000E+0,,,
,0.0000000E+0,1.8321504E+0,0.0000000E+0,,,
,0.0000000E+0,1.8361507E+0,0.0000000E+0,,,
,0.0000000E+0,1.8401510E+0,0.0000000E+0,,,
,0.0000000E+0,1.8441514E+0,0.0000000E+0,,,
,0.0000000E+0,1.8481517E+0,1.0000000E+0,,,
,0.0000000E+0,1.8521520E+0,0.0000000E+0,,,
,0.0000000E+0,1.8561523E+0,0.0000000E+0,,,
,0.0000000E+0,1.8601527E+0,0.0000000E+0,,,
,0.0000000E+0,1.8641530E+0,1.0000000E+0,,,
,0.0000000E+0,1.8681533E+0,0.0000000E+0,,,
,0.0000000E+0,1.8721537E+0,0.0000000E+0,,,
,0.0000000E+0,1.8761540E+0,0.0000000E+0,,,
,0.0000000E+0,1.8801543E+0,1.0000000E+0,,,
,0.0000000E+0,1.8841546E+0,0.0000000E+0,,,
,0.0000000E+0,1.8881550E+0,0.0000000E+0,,,
,0.0000000E+0,1.8921553E+0,0.0000000E+0,,,
,0.0000000E+0,1.8961556E+0,0.0000000E+0,,,
,0.0000000E+0,1.9001560E+0,0.0000000E+0,,,
,0.0000000E+0,1.9041563E+0,0.0000000E+0,,,
,0.0000000E+0,1.9081566E+0,1.0000000E+0,,,
,0.0000000E+0,1.9121569E+0,0.0000000E+0,,,
,0.0000000E+0,1.9161573E+0,0.0000000E+0,,,
,0.0000000E+0,1.9201576E+0,0.0000000E+0,,,
,0.0000000E+0,1.9241579E+0,0.0000000E+0,,,
,0.0000000E+0,1.9281583E+0,0.0000000E+0,,,
,0.0000000E+0,1.9321586E+0,0.0000000E+0,,,
,0.0000000E+0,1.9361589E+0,0.0000000E+0,,,
,0.0000000E+0,1.9401592E+0,0.0000000E+0,,,
,0.0000000E+0,1.9441596E+0,0.0000000E+0,,,
,0.0000000E+0,1.9481599E+0,0.0000000E+0,,,
,0.0000000E+0,1.9521602E+0,0.0000000E+0,,,
,0.0000000E+0,1.9561606E+0,0.0000000E+0,,,
,0.0000000E+0,1.9601609E+0,1.0000000E+0,,,
,0.0000000E+0,1.9641612E+0,1.0000000E+0,,,
,0.0000000E+0,1.9681615E+0,0.0000000E+0,,,
,0.0000000E+0,1.9721619E+0,0.0000000E+0,,,
,0.0000000E+0,1.9761622E+0,0.0000000E+0,,,
,0.0000000E+0,1.9801625E+0,0.0000000E+0,,,
,0.0000000E+0,1.9841629E+0,0.0000000E+0,,,
,0.0000000E+0,1.9881632E+0,0.0000000E+0,,,
,0.0000000E+0,1.9921635E+0,0.0000000E+0,,,
,0.0000000E+0,1.9961638E+0,2.0000000E+0,,,
,0.0000000E+0,2.0001642E+0,1.0000000E+0,,,
,0.0000000E+0,2.0041645E+0,0.0000000E+0,,,
,0.0000000E+0,2.0081648E+0,0.0000000E+0,,,
,0.0000000E+0,2.0121651E+0,0.0000000E+0,,,
,0.0000000E+0,2.0161655E+0,1.0000000E+0,,,
,0.0000000E+0,2.0201658E+0,1.0000000E+0,,,
,0.0000000E+0,2.0241661E+0,0.0000000E+0,,,
,0.0000000E+0,2.0281665E+0,0.0000000E+0,,,
,0.0000000E+0,2.0321668E+0,1.0000000E+0,,,
,0.0000000E+0,2.0361671E+0,0.0000000E+0,,,
,0.0000000E+0,2.0401674E+0,0.0000000E+0,,,
,0.0000000E+0,2.0441678E+0,1.0000000E+0,,,
,0.0000000E+0,2.0481681E+0,0.0000000E+0,,,
,0.0000000E+0,2.0521684E+0,0.0000000E+0,,,
,0.0000000E+0,2.0561688E+0,1.0000000E+0,,,
,0.0000000E+0,2.0601691E+0,0.0000000E+0,,,
,0.0000000E+0,2.0641694E+0,0.0000000E+0,,,
,0.0000000E+0,2.0681697E+0,1.0000000E+0,,,
,0.0000000E+0,2.0721701E+0,0.0000000E+0,,,
,0.0000000E+0,2.0761704E+0,1.0000000E+0,,,
,0.0000000E+0,2.0801707E+0,0.0000000E+0,,,
,0.0000000E+0,2.0841711E+0,2.0000000E+0,,,
,0.0000000E+0,2.0881714E+0,0.0000000E+0,,,
,0.0000000E+0,2.0921717E+0,0.0000000E+0,,,
,0.0000000E+0,2.0961720E+0,0.0000000E+0,,,
,0.0000000E+0,2.1001724E+0,0.0000000E+0,,,
,0.0000000E+0,2.1041727E+0,0.0000000E+0,,,
,0.0000000E+0,2.1081730E+0,0.0000000E+0,,,
,0.0000000E+0,2.1121734E+0,0.0000000E+0,,,
,0.0000000E+0,2.1161737E+0,1.0000000E+0,,,
,0.0000000E+0,2.1201740E+0,0.0000000E+0,,,
,0.0000000E+0,2.1241743E+0,0.0000000E+0,,,
,0.0000000E+0,2.1281747E+0,0.0000000E+0,,,
,0.0000000E+0,2.1321750E+0,0.0000000E+0,,,
,0.0000000E+0,2.1361753E+0,2.0000000E+0,,,
,0.0000000E+0,2.1401757E+0,0.0000000E+0,,,
,0.0000000E+0,2.1441760E+0,0.0000000E+0,,,
,0.0000000E+0,2.1481763E+0,0.0000000E+0,,,
,0.0000000E+0,2.1521766E+0,0.0000000E+0,,,
,0.0000000E+0,2.1561770E+0,0.0000000E+0,,,
,0.0000000E+0,2.1601773E+0,1.0000000E+0,,,
,0.0000000E+0,2.1641776E+0,0.0000000E+0,,,
,0.0000000E+0,2.1681780E+0,0.0000000E+0,,,
,0.0000000E+0,2.1721783E+0,0.0000000E+0,,,
,0.0000000E+0,2.1761786E+0,0.0000000E+0,,,
,0.0000000E+0,2.1801789E+0,0.0000000E+0,,,
,0.0000000E+0,2.1841793E+0,0.0000000E+0,,,
,0.0000000E+0,2.1881796E+0,1.0000000E+0,,,
,0.0000000E+0,2.1921799E+0,0.0000000E+0,,,
,0.0000000E+0,2.1961803E+0,0.0000000E+0,,,
,0.0000000E+0,2.2001806E+0,0.0000000E+0,,,
,0.0000000E+0,2.2041809E+0,2.0000000E+0,,,
,0.0000000E+0,2.2081812E+0,0.0000000E+0,,,
,0.0000000E+0,2.2121816E+0,0.0000000E+0,,,
,0.0000000E+0,2.2161819E+0,0.0000000E+0,,,
,0.0000000E+0,2.2201822E+0,0.0000000E+0,,,
,0.0000000E+0,2.2241826E+0,0.0000000E+0,,,
,0.0000000E+0,2.2281829E+0,0.0000000E+0,,,
,0.0000000E+0,2.2321832E+0,0.0000000E+0,,,
,0.0000000E+0,2.2361835E+0,0.0000000E+0,,,
,0.0000000E+0,2.2401839E+0,0.0000000E+0,,,
,0.0000000E+0,2.2441842E+0,0.0000000E+0,,,
,0.0000000E+0,2.2481845E+0,0.0000000E+0,,,
,0.0000000E+0,2.2521848E+0,1.0000000E+0,,,
,0.0000000E+0,2.2561852E+0,0.0000000E+0,,,
,0.0000000E+0,2.2601855E+0,0.0000000E+0,,,
,0.0000000E+0,2.2641858E+0,0.0000000E+0,,,
,0.0000000E+0,2.2681862E+0,0.0000000E+0,,,
,0.0000000E+0,2.2721865E+0,0.0000000E+0,,,
,0.0000000E+0,2.2761868E+0,0.0000000E+0,,,
,0.0000000E+0,2.2801871E+0,0.0000000E+0,,,
,0.0000000E+0,2.2841875E+0,0.0000000E+0,,,
,0.0000000E+0,2.2881878E+0,0.0000000E+0,,,
,0.0000000E+0,2.2921881E+0,0.0000000E+0,,,
,0.0000000E+0,2.2961885E+0,0.0000000E+0,,,
,0.0000000E+0,2.3001888E+0,0.0000000E+0,,,
,0.0000000E+0,2.3041891E+0,0.0000000E+0,,,
,0.0000000E+0,2.3081894E+0,0.0000000E+0,,,
,0.0000000E+0,2.3121898E+0,0.0000000E+0,,,
,0.0000000E+0,2.3161901E+0,0.0000000E+0,,,
,0.0000000E+0,2.3201904E+0,0.0000000E+0,,,
,0.0000000E+0,2.3241908E+0,0.0000000E+0,,,
,0.0000000E+0,2.3281911E+0,0.0000000E+0,,,
,0.0000000E+0,2.3321914E+0,1.0000000E+0,,,
,0.0000000E+0,2.3361917E+0,0.0000000E+0,,,
,0.0000000E+0,2.3401921E+0,1.0000000E+0,,,
,0.0000000E+0,2.3441924E+0,0.0000000E+0,,,
,0.0000000E+0,2.3481927E+0,0.0000000E+0,,,
,0.0000000E+0,2.3521931E+0,0.0000000E+0,,,
,0.0000000E+0,2.3561934E+0,0.0000000E+0,,,
,0.0000000E+0,2.3601937E+0,1.0000000E+0,,,
,0.0000000E+0,2.3641940E+0,0.0000000E+0,,,
,0.0000000E+0,2.3681944E+0,0.0000000E+0,,,
,0.0000000E+0,2.3721947E+0,0.0000000E+0,,,
,0.0000000E+0,2.3761950E+0,0.0000000E+0,,,
,0.0000000E+0,2.3801954E+0,2.0000000E+0,,,
,0.0000000E+0,2.3841957E+0,1.0000000E+0,,,
,0.0000000E+0,2.3881960E+0,0.0000000E+0,,,
,0.0000000E+0,2.3921963E+0,0.0000000E+0,,,
,0.0000000E+0,2.3961967E+0,1.0000000E+0,,,
,0.0000000E+0,2.4001970E+0,0.0000000E+0,,,
,0.0000000E+0,2.4041973E+0,0.0000000E+0,,,
,0.0000000E+0,2.4081977E+0,0.0000000E+0,,,
,0.0000000E+0,2.4121980E+0,0.0000000E+0,,,
,0.0000000E+0,2.4161983E+0,0.0000000E+0,,,
,0.0000000E+0,2.4201986E+0,0.0000000E+0,,,
,0.0000000E+0,2.4241990E+0,0.0000000E+0,,,
,0.0000000E+0,2.4281993E+0,0.0000000E+0,,,
,0.0000000E+0,2.4321996E+0,0.0000000E+0,,,
,0.0000000E+0,2.4362000E+0,1.0000000E+0,,,
,0.0000000E+0,2.4402003E+0,2.0000000E+0,,,
,0.0000000E+0,2.4442006E+0,0.0000000E+0,,,
,0.0000000E+0,2.4482009E+0,1.0000000E+0,,,
,0.0000000E+0,2.4522013E+0,0.0000000E+0,,,
,0.0000000E+0,2.4562016E+0,0.0000000E+0,,,
,0.0000000E+0,2.4602019E+0,1.0000000E+0,,,
,0.0000000E+0,2.4642022E+0,1.0000000E+0,,,
,0.0000000E+0,2.4682026E+0,0.0000000E+0,,,
,0.0000000E+0,2.4722029E+0,0.0000000E+0,,,
,0.0000000E+0,2.4762032E+0,0.0000000E+0,,,
,0.0000000E+0,2.4802036E+0,1.0000000E+0,,,
,0.0000000E+0,2.4842039E+0,0.0000000E+0,,,
,0.0000000E+0,2.4882042E+0,0.0000000E+0,,,
,0.0000000E+0,2.4922045E+0,0.0000000E+0,,,
,0.0000000E+0,2.4962049E+0,0.0000000E+0,,,
,0.0000000E+0,2.5002052E+0,0.0000000E+0,,,
,0.0000000E+0,2.5042055E+0,0.0000000E+0,,,
,0.0000000E+0,2.5082059E+0,0.0000000E+0,,,
,0.0000000E+0,2.5122062E+0,0.0000000E+0,,,
,0.0000000E+0,2.5162065E+0,0.0000000E+0,,,
,0.0000000E+0,2.5202068E+0,0.0000000E+0,,,
,0.0000000E+0,2.5242072E+0,1.0000000E+0,,,
,0.0000000E+0,2.5282075E+0,0.0000000E+0,,,
,0.0000000E+0,2.5322078E+0,1.0000000E+0,,,
,0.0000000E+0,2.5362082E+0,1.0000000E+0,,,
,0.0000000E+0,2.5402085E+0,1.0000000E+0,,,
,0.0000000E+0,2.5442088E+0,0.0000000E+0,,,
,0.0000000E+0,2.5482091E+0,0.0000000E+0,,,
,0.0000000E+0,2.5522095E+0,0.0000000E+0,,,
,0.0000000E+0,2.5562098E+0,0.0000000E+0,,,
,0.0000000E+0,2.5602101E+0,0.0000000E+0,,,
,0.0000000E+0,2.5642105E+0,0.0000000E+0,,,
,0.0000000E+0,2.5682108E+0,0.0000000E+0,,,
,0.0000000E+0,2.5722111E+0,0.0000000E+0,,,
,0.0000000E+0,2.5762114E+0,1.0000000E+0,,,
,0.0000000E+0,2.5802118E+0,1.0000000E+0,,,
,0.0000000E+0,2.5842121E+0,1.0000000E+0,,,
,0.0000000E+0,2.5882124E+0,1.0000000E+0,,,
,0.0000000E+0,2.5922128E+0,0.0000000E+0,,,
,0.0000000E+0,2.5962131E+0,0.0000000E+0,,,
,0.0000000E+0,2.6002134E+0,0.0000000E+0,,,
,0.0000000E+0,2.6042137E+0,0.0000000E+0,,,
,0.0000000E+0,2.6082141E+0,0.0000000E+0,,,
,0.0000000E+0,2.6122144E+0,0.0000000E+0,,,
,0.0000000E+0,2.6162147E+0,1.0000000E+0,,,
,0.0000000E+0,2.6202151E+0,0.0000000E+0,,,
,0.0000000E+0,2.6242154E+0,1.0000000E+0,,,
,0.0000000E+0,2.6282157E+0,0.0000000E+0,,,
,0.0000000E+0,2.6322160E+0,1.0000000E+0,,,
,0.0000000E+0,2.6362164E+0,0.0000000E+0,,,
,0.0000000E+0,2.6402167E+0,0.0000000E+0,,,
,0.0000000E+0,2.6442170E+0,0.0000000E+0,,,
,0.0000000E+0,2.6482174E+0,0.0000000E+0,,,
,0.0000000E+0,2.6522177E+0,0.0000000E+0,,,
,0.0000000E+0,2.6562180E+0,1.0000000E+0,,,
,0.0000000E+0,2.6602183E+0,1.0000000E+0,,,
,0.0000000E+0,2.6642187E+0,2.0000000E+0,,,
,0.0000000E+0,2.6682190E+0,0.0000000E+0,,,
,0.0000000E+0,2.6722193E+0,0.0000000E+0,,,
,0.0000000E+0,2.6762197E+0,1.0000000E+0,,,
,0.0000000E+0,2.6802200E+0,0.0000000E+0,,,
,0.0000000E+0,2.6842203E+0,0.0000000E+0,,,
,0.0000000E+0,2.6882206E+0,0.0000000E+0,,,
,0.0000000E+0,2.6922210E+0,0.0000000E+0,,,
,0.0000000E+0,2.6962213E+0,0.0000000E+0,,,
,0.0000000E+0,2.7002216E+0,0.0000000E+0,,,
,0.0000000E+0,2.7042219E+0,0.0000000E+0,,,
,0.0000000E+0,2.7082223E+0,0.0000000E+0,,,
,0.0000000E+0,2.7122226E+0,2.0000000E+0,,,
,0.0000000E+0,2.7162229E+0,0.0000000E+0,,,
,0.0000000E+0,2.7202233E+0,0.0000000E+0,,,
,0.0000000E+0,2.7242236E+0,0.0000000E+0,,,
,0.0000000E+0,2.7282239E+0,0.0000000E+0,,,
,0.0000000E+0,2.7322242E+0,0.0000000E+0,,,
,0.0000000E+0,2.7362246E+0,0.0000000E+0,,,
,0.0000000E+0,2.7402249E+0,0.0000000E+0,,,
,0.0000000E+0,2.7442252E+0,1.0000000E+0,,,
,0.0000000E+0,2.7482256E+0,1.0000000E+0,,,
,0.0000000E+0,2.7522259E+0,1.0000000E+0,,,
,0.0000000E+0,2.7562262E+0,0.0000000E+0,,,
,0.0000000E+0,2.7602265E+0,0.0000000E+0,,,
,0.0000000E+0,2.7642269E+0,0.0000000E+0,,,
,0.0000000E+0,2.7682272E+0,0.0000000E+0,,,
,0.0000000E+0,2.7722275E+0,0.0000000E+0,,,
,0.0000000E+0,2.7762279E+0,0.0000000E+0,,,
,0.0000000E+0,2.7802282E+0,0.0000000E+0,,,
,0.0000000E+0,2.7842285E+0,0.0000000E+0,,,
,0.0000000E+0,2.7882288E+0,0.0000000E+0,,,
,0.0000000E+0,2.7922292E+0,2.0000000E+0,,,
,0.0000000E+0,2.7962295E+0,0.0000000E+0,,,
,0.0000000E+0,2.8002298E+0,1.0000000E+0,,,
,0.0000000E+0,2.8042302E+0,1.0000000E+0,,,
,0.0000000E+0,2.8082305E+0,0.0000000E+0,,,
,0.0000000E+0,2.8122308E+0,0.0000000E+0,,,
,0.0000000E+0,2.8162311E+0,1.0000000E+0,,,
,0.0000000E+0,2.8202315E+0,0.0000000E+0,,,
,0.0000000E+0,2.8242318E+0,0.0000000E+0,,,
,0.0000000E+0,2.8282321E+0,0.0000000E+0,,,
,0.0000000E+0,2.8322325E+0,1.0000000E+0,,,
,0.0000000E+0,2.8362328E+0,2.0000000E+0,,,
,0.0000000E+0,2.8402331E+0,0.0000000E+0,,,
,0.0000000E+0,2.8442334E+0,2.0000000E+0,,,
,0.0000000E+0,2.8482338E+0,1.0000000E+0,,,
,0.0000000E+0,2.8522341E+0,2.0000000E+0,,,
,0.0000000E+0,2.8562344E+0,4.0000000E+0,,,
,0.0000000E+0,2.8602348E+0,3.0000000E+0,,,
,0.0000000E+0,2.8642351E+0,1.0000000E+0,,,
,0.0000000E+0,2.8682354E+0,1.0000000E+0,,,
,0.0000000E+0,2.8722357E+0,1.0000000E+0,,,
,0.0000000E+0,2.8762361E+0,4.0000000E+0,,,
,0.0000000E+0,2.8802364E+0,7.0000000E+0,,,
,0.0000000E+0,2.8842367E+0,1.0000000E+0,,,
,0.0000000E+0,2.8882371E+0,6.0000000E+0,,,
,0.0000000E+0,2.8922374E+0,7.0000000E+0,,,
,0.0000000E+0,2.8962377E+0,5.0000000E+0,,,
,0.0000000E+0,2.9002380E+0,2.0000000E+0,,,
,0.0000000E+0,2.9042384E+0,3.0000000E+0,,,
,0.0000000E+0,2.9082387E+0,3.0000000E+0,,,
,0.0000000E+0,2.9122390E+0,5.0000000E+0,,,
,0.0000000E+0,2.9162394E+0,5.0000000E+0,,,
,0.0000000E+0,2.9202397E+0,5.0000000E+0,,,
,0.0000000E+0,2.9242400E+0,3.0000000E+0,,,
,0.0000000E+0,2.9282403E+0,6.0000000E+0,,,
,0.0000000E+0,2.9322407E+0,2.0000000E+0,,,
,0.0000000E+0,2.9362410E+0,1.0000000E+0,,,
,0.0000000E+0,2.9402413E+0,3.0000000E+0,,,
,0.0000000E+0,2.9442416E+0,5.0000000E+0,,,
,0.0000000E+0,2.9482420E+0,4.0000000E+0,,,
,0.0000000E+0,2.9522423E+0,6.0000000E+0,,,
,0.0000000E+0,2.9562426E+0,2.0000000E+0,,,
,0.0000000E+0,2.9602430E+0,6.0000000E+0,,,
,0.0000000E+0,2.9642433E+0,5.0000000E+0,,,
,0.0000000E+0,2.9682436E+0,2.0000000E+0,,,
,0.0000000E+0,2.9722439E+0,2.0000000E+0,,,
,0.0000000E+0,2.9762443E+0,2.0000000E+0,,,
,0.0000000E+0,2.9802446E+0,3.0000000E+0,,,
,0.0000000E+0,2.9842449E+0,7.0000000E+0,,,
,0.0000000E+0,2.9882453E+0,4.0000000E+0,,,
,0.0000000E+0,2.9922456E+0,1.0000000E+0,,,
,0.0000000E+0,2.9962459E+0,0.0000000E+0,,,
,0.0000000E+0,3.0002462E+0,3.0000000E+0,,,
,0.0000000E+0,3.0042466E+0,1.0000000E+0,,,
,0.0000000E+0,3.0082469E+0,0.0000000E+0,,,
,0.0000000E+0,3.0122472E+0,2.0000000E+0,,,
,0.0000000E+0,3.0162476E+0,4.0000000E+0,,,
,0.0000000E+0,3.0202479E+0,3.0000000E+0,,,
,0.0000000E+0,3.0242482E+0,0.0000000E+0,,,
,0.0000000E+0,3.0282485E+0,6.0000000E+0,,,
,0.0000000E+0,3.0322489E+0,2.0000000E+0,,,
,0.0000000E+0,3.0362492E+0,0.0000000E+0,,,
,0.0000000E+0,3.0402495E+0,1.0000000E+0,,,
,0.0000000E+0,3.0442499E+0,0.0000000E+0,,,
,0.0000000E+0,3.0482502E+0,0.0000000E+0,,,
,0.0000000E+0,3.0522505E+0,1.0000000E+0,,,
,0.0000000E+0,3.0562508E+0,5.0000000E+0,,,
,0.0000000E+0,3.0602512E+0,2.0000000E+0,,,
,0.0000000E+0,3.0642515E+0,0.0000000E+0,,,
,0.0000000E+0,3.0682518E+0,2.0000000E+0,,,
,0.0000000E+0,3.0722522E+0,1.0000000E+0,,,
,0.0000000E+0,3.0762525E+0,1.0000000E+0,,,
,0.0000000E+0,3.0802528E+0,2.0000000E+0,,,
,0.0000000E+0,3.0842531E+0,3.0000000E+0,,,
,0.0000000E+0,3.0882535E+0,0.0000000E+0,,,
,0.0000000E+0,3.0922538E+0,2.0000000E+0,,,
,0.0000000E+0,3.0962541E+0,2.0000000E+0,,,
,0.0000000E+0,3.1002545E+0,0.0000000E+0,,,
,0.0000000E+0,3.1042548E+0,0.0000000E+0,,,
,0.0000000E+0,3.1082551E+0,1.0000000E+0,,,
,0.0000000E+0,3.1122554E+0,0.0000000E+0,,,
,0.0000000E+0,3.1162558E+0,4.0000000E+0,,,
,0.0000000E+0,3.1202561E+0,2.0000000E+0,,,
,0.0000000E+0,3.1242564E+0,2.0000000E+0,,,
,0.0000000E+0,3.1282568E+0,3.0000000E+0,,,
,0.0000000E+0,3.1322571E+0,0.0000000E+0,,,
,0.0000000E+0,3.1362574E+0,2.0000000E+0,,,
,0.0000000E+0,3.1402577E+0,4.0000000E+0,,,
,0.0000000E+0,3.1442581E+0,1.0000000E+0,,,
,0.0000000E+0,3.1482584E+0,2.0000000E+0,,,
,0.0000000E+0,3.1522587E+0,1.0000000E+0,,,
,0.0000000E+0,3.1562591E+0,0.0000000E+0,,,
,0.0000000E+0,3.1602594E+0,1.0000000E+0,,,
,0.0000000E+0,3.1642597E+0,2.0000000E+0,,,
,0.0000000E+0,3.1682600E+0,0.0000000E+0,,,
,0.0000000E+0,3.1722604E+0,2.0000000E+0,,,
,0.0000000E+0,3.1762607E+0,1.0000000E+0,,,
,0.0000000E+0,3.1802610E+0,3.0000000E+0,,,
,0.0000000E+0,3.1842613E+0,1.0000000E+0,,,
,0.0000000E+0,3.1882617E+0,1.0000000E+0,,,
,0.0000000E+0,3.1922620E+0,3.0000000E+0,,,
,0.0000000E+0,3.1962623E+0,2.0000000E+0,,,
,0.0000000E+0,3.2002627E+0,1.0000000E+0,,,
,0.0000000E+0,3.2042630E+0,1.0000000E+0,,,
,0.0000000E+0,3.2082633E+0,0.0000000E+0,,,
,0.0000000E+0,3.2122636E+0,0.0000000E+0,,,
,0.0000000E+0,3.2162640E+0,1.0000000E+0,,,
,0.0000000E+0,3.2202643E+0,1.0000000E+0,,,
,0.0000000E+0,3.2242646E+0,3.0000000E+0,,,
,0.0000000E+0,3.2282650E+0,2.0000000E+0,,,
,0.0000000E+0,3.2322653E+0,0.0000000E+0,,,
,0.0000000E+0,3.2362656E+0,0.0000000E+0,,,
,0.0000000E+0,3.2402659E+0,2.0000000E+0,,,
,0.0000000E+0,3.2442663E+0,0.0000000E+0,,,
,0.0000000E+0,3.2482666E+0,0.0000000E+0,,,
,0.0000000E+0,3.2522669E+0,0.0000000E+0,,,
,0.0000000E+0,3.2562673E+0,0.0000000E+0,,,
,0.0000000E+0,3.2602676E+0,0.0000000E+0,,,
,0.0000000E+0,3.2642679E+0,1.0000000E+0,,,
,0.0000000E+0,3.2682682E+0,1.0000000E+0,,,
,0.0000000E+0,3.2722686E+0,0.0000000E+0,,,
,0.0000000E+0,3.2762689E+0,0.0000000E+0,,,
,0.0000000E+0,3.2802692E+0,1.0000000E+0,,,
,0.0000000E+0,3.2842696E+0,1.0000000E+0,,,
,0.0000000E+0,3.2882699E+0,2.0000000E+0,,,
,0.0000000E+0,3.2922702E+0,2.0000000E+0,,,
,0.0000000E+0,3.2962705E+0,1.0000000E+0,,,
,0.0000000E+0,3.3002709E+0,1.0000000E+0,,,
,0.0000000E+0,3.3042712E+0,0.0000000E+0,,,
,0.0000000E+0,3.3082715E+0,1.0000000E+0,,,
,0.0000000E+0,3.3122719E+0,1.0000000E+0,,,
,0.0000000E+0,3.3162722E+0,1.0000000E+0,,,
,0.0000000E+0,3.3202725E+0,0.0000000E+0,,,
,0.0000000E+0,3.3242728E+0,1.0000000E+0,,,
,0.0000000E+0,3.3282732E+0,1.0000000E+0,,,
,0.0000000E+0,3.3322735E+0,1.0000000E+0,,,
,0.0000000E+0,3.3362738E+0,3.0000000E+0,,,
,0.0000000E+0,3.3402742E+0,1.0000000E+0,,,
,0.0000000E+0,3.3442745E+0,0.0000000E+0,,,
,0.0000000E+0,3.3482748E+0,0.0000000E+0,,,
,0.0000000E+0,3.3522751E+0,1.0000000E+0,,,
,0.0000000E+0,3.3562755E+0,1.0000000E+0,,,
,0.0000000E+0,3.3602758E+0,0.0000000E+0,,,
,0.0000000E+0,3.3642761E+0,0.0000000E+0,,,
,0.0000000E+0,3.3682765E+0,0.0000000E+0,,,
,0.0000000E+0,3.3722768E+0,1.0000000E+0,,,
,0.0000000E+0,3.3762771E+0,0.0000000E+0,,,
,0.0000000E+0,3.3802774E+0,1.0000000E+0,,,
,0.0000000E+0,3.3842778E+0,2.0000000E+0,,,
,0.0000000E+0,3.3882781E+0,1.0000000E+0,,,
,0.0000000E+0,3.3922784E+0,1.0000000E+0,,,
,0.0000000E+0,3.3962788E+0,0.0000000E+0,,,
,0.0000000E+0,3.4002791E+0,0.0000000E+0,,,
,0.0000000E+0,3.4042794E+0,3.0000000E+0,,,
,0.0000000E+0,3.4082797E+0,0.0000000E+0,,,
,0.0000000E+0,3.4122801E+0,2.0000000E+0,,,
,0.0000000E+0,3.4162804E+0,0.0000000E+0,,,
,0.0000000E+0,3.4202807E+0,1.0000000E+0,,,
,0.0000000E+0,3.4242810E+0,1.0000000E+0,,,
,0.0000000E+0,3.4282814E+0,1.0000000E+0,,,
,0.0000000E+0,3.4322817E+0,0.0000000E+0,,,
,0.0000000E+0,3.4362820E+0,0.0000000E+0,,,
,0.0000000E+0,3.4402824E+0,1.0000000E+0,,,
,0.0000000E+0,3.4442827E+0,0.0000000E+0,,,
,0.0000000E+0,3.4482830E+0,0.0000000E+0,,,
,0.0000000E+0,3.4522833E+0,0.0000000E+0,,,
,0.0000000E+0,3.4562837E+0,0.0000000E+0,,,
,0.0000000E+0,3.4602840E+0,1.0000000E+0,,,
,0.0000000E+0,3.4642843E+0,0.0000000E+0,,,
,0.0000000E+0,3.4682847E+0,1.0000000E+0,,,
,0.0000000E+0,3.4722850E+0,2.0000000E+0,,,
,0.0000000E+0,3.4762853E+0,0.0000000E+0,,,
,0.0000000E+0,3.4802856E+0,0.0000000E+0,,,
,0.0000000E+0,3.4842860E+0,1.0000000E+0,,,
,0.0000000E+0,3.4882863E+0,0.0000000E+0,,,
,0.0000000E+0,3.4922866E+0,3.0000000E+0,,,
,0.0000000E+0,3.4962870E+0,1.0000000E+0,,,
,0.0000000E+0,3.5002873E+0,0.0000000E+0,,,
,0.0000000E+0,3.5042876E+0,0.0000000E+0,,,
,0.0000000E+0,3.5082879E+0,3.0000000E+0,,,
,0.0000000E+0,3.5122883E+0,1.0000000E+0,,,
,0.0000000E+0,3.5162886E+0,0.0000000E+0,,,
,0.0000000E+0,3.5202889E+0,0.0000000E+0,,,
,0.0000000E+0,3.5242893E+0,0.0000000E+0,,,
,0.0000000E+0,3.5282896E+0,1.0000000E+0,,,
,0.0000000E+0,3.5322899E+0,0.0000000E+0,,,
,0.0000000E+0,3.5362902E+0,1.0000000E+0,,,
,0.0000000E+0,3.5402906E+0,2.0000000E+0,,,
,0.0000000E+0,3.5442909E+0,0.0000000E+0,,,
,0.0000000E+0,3.5482912E+0,0.0000000E+0,,,
,0.0000000E+0,3.5522916E+0,0.0000000E+0,,,
,0.0000000E+0,3.5562919E+0,0.0000000E+0,,,
,0.0000000E+0,3.5602922E+0,0.0000000E+0,,,
,0.0000000E+0,3.5642925E+0,1.0000000E+0,,,
,0.0000000E+0,3.5682929E+0,1.0000000E+0,,,
,0.0000000E+0,3.5722932E+0,0.0000000E+0,,,
,0.0000000E+0,3.5762935E+0,1.0000000E+0,,,
,0.0000000E+0,3.5802939E+0,0.0000000E+0,,,
,0.0000000E+0,3.5842942E+0,1.0000000E+0,,,
,0.0000000E+0,3.5882945E+0,1.0000000E+0,,,
,0.0000000E+0,3.5922948E+0,0.0000000E+0,,,
,0.0000000E+0,3.5962952E+0,1.0000000E+0,,,
,0.0000000E+0,3.6002955E+0,1.0000000E+0,,,
,0.0000000E+0,3.6042958E+0,0.0000000E+0,,,
,0.0000000E+0,3.6082962E+0,0.0000000E+0,,,
,0.0000000E+0,3.6122965E+0,0.0000000E+0,,,
,0.0000000E+0,3.6162968E+0,0.0000000E+0,,,
,0.0000000E+0,3.6202971E+0,2.0000000E+0,,,
,0.0000000E+0,3.6242975E+0,0.0000000E+0,,,
,0.0000000E+0,3.6282978E+0,0.0000000E+0,,,
,0.0000000E+0,3.6322981E+0,0.0000000E+0,,,
,0.0000000E+0,3.6362984E+0,1.0000000E+0,,,
,0.0000000E+0,3.6402988E+0,1.0000000E+0,,,
,0.0000000E+0,3.6442991E+0,0.0000000E+0,,,
,0.0000000E+0,3.6482994E+0,0.0000000E+0,,,
,0.0000000E+0,3.6522998E+0,1.0000000E+0,,,
,0.0000000E+0,3.6563001E+0,0.0000000E+0,,,
,0.0000000E+0,3.6603004E+0,1.0000000E+0,,,
,0.0000000E+0,3.6643007E+0,0.0000000E+0,,,
,0.0000000E+0,3.6683011E+0,0.0000000E+0,,,
,0.0000000E+0,3.6723014E+0,1.0000000E+0,,,
,0.0000000E+0,3.6763017E+0,2.0000000E+0,,,
,0.0000000E+0,3.6803021E+0,1.0000000E+0,,,
,0.0000000E+0,3.6843024E+0,1.0000000E+0,,,
,0.0000000E+0,3.6883027E+0,0.0000000E+0,,,
,0.0000000E+0,3.6923030E+0,0.0000000E+0,,,
,0.0000000E+0,3.6963034E+0,0.0000000E+0,,,
,0.0000000E+0,3.7003037E+0,0.0000000E+0,,,
,0.0000000E+0,3.7043040E+0,0.0000000E+0,,,
,0.0000000E+0,3.7083044E+0,0.0000000E+0,,,
,0.0000000E+0,3.7123047E+0,0.0000000E+0,,,
,0.0000000E+0,3.7163050E+0,0.0000000E+0,,,
,0.0000000E+0,3.7203053E+0,1.0000000E+0,,,
,0.0000000E+0,3.7243057E+0,1.0000000E+0,,,
,0.0000000E+0,3.7283060E+0,1.0000000E+0,,,
,0.0000000E+0,3.7323063E+0,0.0000000E+0,,,
,0.0000000E+0,3.7363067E+0,0.0000000E+0,,,
,0.0000000E+0,3.7403070E+0,1.0000000E+0,,,
,0.0000000E+0,3.7443073E+0,0.0000000E+0,,,
,0.0000000E+0,3.7483076E+0,0.0000000E+0,,,
,0.0000000E+0,3.7523080E+0,1.0000000E+0,,,
,0.0000000E+0,3.7563083E+0,1.0000000E+0,,,
,0.0000000E+0,3.7603086E+0,0.0000000E+0,,,
,0.0000000E+0,3.7643090E+0,1.0000000E+0,,,
,0.0000000E+0,3.7683093E+0,0.0000000E+0,,,
,0.0000000E+0,3.7723096E+0,2.0000000E+0,,,
,0.0000000E+0,3.7763099E+0,1.0000000E+0,,,
,0.0000000E+0,3.7803103E+0,0.0000000E+0,,,
,0.0000000E+0,3.7843106E+0,1.0000000E+0,,,
,0.0000000E+0,3.7883109E+0,0.0000000E+0,,,
,0.0000000E+0,3.7923113E+0,0.0000000E+0,,,
,0.0000000E+0,3.7963116E+0,0.0000000E+0,,,
,0.0000000E+0,3.8003119E+0,0.0000000E+0,,,
,0.0000000E+0,3.8043122E+0,0.0000000E+0,,,
,0.0000000E+0,3.8083126E+0,0.0000000E+0,,,
,0.0000000E+0,3.8123129E+0,0.0000000E+0,,,
,0.0000000E+0,3.8163132E+0,0.0000000E+0,,,
,0.0000000E+0,3.8203136E+0,1.0000000E+0,,,
,0.0000000E+0,3.8243139E+0,0.0000000E+0,,,
,0.0000000E+0,3.8283142E+0,0.0000000E+0,,,
,0.0000000E+0,3.8323145E+0,2.0000000E+0,,,
,0.0000000E+0,3.8363149E+0,0.0000000E+0,,,
,0.0000000E+0,3.8403152E+0,0.0000000E+0,,,
,0.0000000E+0,3.8443155E+0,0.0000000E+0,,,
,0.0000000E+0,3.8483159E+0,1.0000000E+0,,,
,0.0000000E+0,3.8523162E+0,0.0000000E+0,,,
,0.0000000E+0,3.8563165E+0,0.0000000E+0,,,
,0.0000000E+0,3.8603168E+0,1.0000000E+0,,,
,0.0000000E+0,3.8643172E+0,1.0000000E+0,,,
,0.0000000E+0,3.8683175E+0,1.0000000E+0,,,
,0.0000000E+0,3.8723178E+0,0.0000000E+0,,,
,0.0000000E+0,3.8763181E+0,1.0000000E+0,,,
,0.0000000E+0,3.8803185E+0,0.0000000E+0,,,
,0.0000000E+0,3.8843188E+0,0.0000000E+0,,,
,0.0000000E+0,3.8883191E+0,0.0000000E+0,,,
,0.0000000E+0,3.8923195E+0,2.0000000E+0,,,
,0.0000000E+0,3.8963198E+0,1.0000000E+0,,,
,0.0000000E+0,3.9003201E+0,0.0000000E+0,,,
,0.0000000E+0,3.9043204E+0,2.0000000E+0,,,
,0.0000000E+0,3.9083208E+0,0.0000000E+0,,,
,0.0000000E+0,3.9123211E+0,0.0000000E+0,,,
,0.0000000E+0,3.9163214E+0,1.0000000E+0,,,
,0.0000000E+0,3.9203218E+0,0.0000000E+0,,,
,0.0000000E+0,3.9243221E+0,1.0000000E+0,,,
,0.0000000E+0,3.9283224E+0,1.0000000E+0,,,
,0.0000000E+0,3.9323227E+0,1.0000000E+0,,,
,0.0000000E+0,3.9363231E+0,1.0000000E+0,,,
,0.0000000E+0,3.9403234E+0,0.0000000E+0,,,
,0.0000000E+0,3.9443237E+0,0.0000000E+0,,,
,0.0000000E+0,3.9483241E+0,0.0000000E+0,,,
,0.0000000E+0,3.9523244E+0,0.0000000E+0,,,
,0.0000000E+0,3.9563247E+0,0.0000000E+0,,,
,0.0000000E+0,3.9603250E+0,0.0000000E+0,,,
,0.0000000E+0,3.9643254E+0,0.0000000E+0,,,
,0.0000000E+0,3.9683257E+0,0.0000000E+0,,,
,0.0000000E+0,3.9723260E+0,0.0000000E+0,,,
,0.0000000E+0,3.9763264E+0,0.0000000E+0,,,
,0.0000000E+0,3.9803267E+0,0.0000000E+0,,,
,0.0000000E+0,3.9843270E+0,1.0000000E+0,,,
,0.0000000E+0,3.9883273E+0,0.0000000E+0,,,
,0.0000000E+0,3.9923277E+0,2.0000000E+0,,,
,0.0000000E+0,3.9963280E+0,1.0000000E+0,,,
,0.0000000E+0,4.0003283E+0,1.0000000E+0,,,
,0.0000000E+0,4.0043287E+0,2.0000000E+0,,,
,0.0000000E+0,4.0083290E+0,0.0000000E+0,,,
,0.0000000E+0,4.0123293E+0,0.0000000E+0,,,
,0.0000000E+0,4.0163296E+0,0.0000000E+0,,,
,0.0000000E+0,4.0203300E+0,0.0000000E+0,,,
,0.0000000E+0,4.0243303E+0,0.0000000E+0,,,
,0.0000000E+0,4.0283306E+0,0.0000000E+0,,,
,0.0000000E+0,4.0323310E+0,0.0000000E+0,,,
,0.0000000E+0,4.0363313E+0,0.0000000E+0,,,
,0.0000000E+0,4.0403316E+0,0.0000000E+0,,,
,0.0000000E+0,4.0443319E+0,1.0000000E+0,,,
,0.0000000E+0,4.0483323E+0,0.0000000E+0,,,
,0.0000000E+0,4.0523326E+0,0.0000000E+0,,,
,0.0000000E+0,4.0563329E+0,0.0000000E+0,,,
,0.0000000E+0,4.0603333E+0,1.0000000E+0,,,
,0.0000000E+0,4.0643336E+0,1.0000000E+0,,,
,0.0000000E+0,4.0683339E+0,1.0000000E+0,,,
,0.0000000E+0,4.0723342E+0,0.0000000E+0,,,
,0.0000000E+0,4.0763346E+0,0.0000000E+0,,,
,0.0000000E+0,4.0803349E+0,1.0000000E+0,,,
,0.0000000E+0,4.0843352E+0,0.0000000E+0,,,
,0.0000000E+0,4.0883356E+0,0.0000000E+0,,,
,0.0000000E+0,4.0923359E+0,0.0000000E+0,,,
,0.0000000E+0,4.0963362E+0,0.0000000E+0,,,
,0.0000000E+0,4.1003365E+0,0.0000000E+0,,,
,0.0000000E+0,4.1043369E+0,0.0000000E+0,,,
,0.0000000E+0,4.1083372E+0,0.0000000E+0,,,
,0.0000000E+0,4.1123375E+0,0.0000000E+0,,,
,0.0000000E+0,4.1163378E+0,0.0000000E+0,,,
,0.0000000E+0,4.1203382E+0,0.0000000E+0,,,
,0.0000000E+0,4.1243385E+0,1.0000000E+0,,,
,0.0000000E+0,4.1283388E+0,1.0000000E+0,,,
,0.0000000E+0,4.1323392E+0,0.0000000E+0,,,
,0.0000000E+0,4.1363395E+0,1.0000000E+0,,,
,0.0000000E+0,4.1403398E+0,0.0000000E+0,,,
,0.0000000E+0,4.1443401E+0,0.0000000E+0,,,
,0.0000000E+0,4.1483405E+0,0.0000000E+0,,,
,0.0000000E+0,4.1523408E+0,0.0000000E+0,,,
,0.0000000E+0,4.1563411E+0,0.0000000E+0,,,
,0.0000000E+0,4.1603415E+0,1.0000000E+0,,,
,0.0000000E+0,4.1643418E+0,2.0000000E+0,,,
,0.0000000E+0,4.1683421E+0,1.0000000E+0,,,
,0.0000000E+0,4.1723424E+0,0.0000000E+0,,,
,0.0000000E+0,4.1763428E+0,0.0000000E+0,,,
,0.0000000E+0,4.1803431E+0,0.0000000E+0,,,
,0.0000000E+0,4.1843434E+0,0.0000000E+0,,,
,0.0000000E+0,4.1883438E+0,1.0000000E+0,,,
,0.0000000E+0,4.1923441E+0,0.0000000E+0,,,
,0.0000000E+0,4.1963444E+0,0.0000000E+0,,,
,0.0000000E+0,4.2003447E+0,1.0000000E+0,,,
,0.0000000E+0,4.2043451E+0,0.0000000E+0,,,
,0.0000000E+0,4.2083454E+0,0.0000000E+0,,,
,0.0000000E+0,4.2123457E+0,0.0000000E+0,,,
,0.0000000E+0,4.2163461E+0,0.0000000E+0,,,
,0.0000000E+0,4.2203464E+0,0.0000000E+0,,,
,0.0000000E+0,4.2243467E+0,0.0000000E+0,,,
,0.0000000E+0,4.2283470E+0,0.0000000E+0,,,
,0.0000000E+0,4.2323474E+0,0.0000000E+0,,,
,0.0000000E+0,4.2363477E+0,1.0000000E+0,,,
,0.0000000E+0,4.2403480E+0,0.0000000E+0,,,
,0.0000000E+0,4.2443484E+0,0.0000000E+0,,,
,0.0000000E+0,4.2483487E+0,0.0000000E+0,,,
,0.0000000E+0,4.2523490E+0,0.0000000E+0,,,
,0.0000000E+0,4.2563493E+0,0.0000000E+0,,,
,0.0000000E+0,4.2603497E+0,1.0000000E+0,,,
,0.0000000E+0,4.2643500E+0,1.0000000E+0,,,
,0.0000000E+0,4.2683503E+0,2.0000000E+0,,,
,0.0000000E+0,4.2723507E+0,0.0000000E+0,,,
,0.0000000E+0,4.2763510E+0,0.0000000E+0,,,
,0.0000000E+0,4.2803513E+0,0.0000000E+0,,,
,0.0000000E+0,4.2843516E+0,0.0000000E+0,,,
,0.0000000E+0,4.2883520E+0,1.0000000E+0,,,
,0.0000000E+0,4.2923523E+0,0.0000000E+0,,,
,0.0000000E+0,4.2963526E+0,0.0000000E+0,,,
,0.0000000E+0,4.3003530E+0,0.0000000E+0,,,
,0.0000000E+0,4.3043533E+0,0.0000000E+0,,,
,0.0000000E+0,4.3083536E+0,0.0000000E+0,,,
,0.0000000E+0,4.3123539E+0,1.0000000E+0,,,
,0.0000000E+0,4.3163543E+0,0.0000000E+0,,,
,0.0000000E+0,4.3203546E+0,0.0000000E+0,,,
,0.0000000E+0,4.3243549E+0,0.0000000E+0,,,
,0.0000000E+0,4.3283553E+0,0.0000000E+0,,,
,0.0000000E+0,4.3323556E+0,0.0000000E+0,,,
,0.0000000E+0,4.3363559E+0,0.0000000E+0,,,
,0.0000000E+0,4.3403562E+0,0.0000000E+0,,,
,0.0000000E+0,4.3443566E+0,0.0000000E+0,,,
,0.0000000E+0,4.3483569E+0,0.0000000E+0,,,
,0.0000000E+0,4.3523572E+0,0.0000000E+0,,,
,0.0000000E+0,4.3563575E+0,0.0000000E+0,,,
,0.0000000E+0,4.3603579E+0,2.0000000E+0,,,
,0.0000000E+0,4.3643582E+0,0.0000000E+0,,,
,0.0000000E+0,4.3683585E+0,0.0000000E+0,,,
,0.0000000E+0,4.3723589E+0,0.0000000E+0,,,
,0.0000000E+0,4.3763592E+0,0.0000000E+0,,,
,0.0000000E+0,4.3803595E+0,0.0000000E+0,,,
,0.0000000E+0,4.3843598E+0,0.0000000E+0,,,
,0.0000000E+0,4.3883602E+0,1.0000000E+0,,,
,0.0000000E+0,4.3923605E+0,0.0000000E+0,,,
,0.0000000E+0,4.3963608E+0,0.0000000E+0,,,
,0.0000000E+0,4.4003612E+0,0.0000000E+0,,,
,0.0000000E+0,4.4043615E+0,1.0000000E+0,,,
,0.0000000E+0,4.4083618E+0,0.0000000E+0,,,
,0.0000000E+0,4.4123621E+0,0.0000000E+0,,,
,0.0000000E+0,4.4163625E+0,0.0000000E+0,,,
,0.0000000E+0,4.4203628E+0,1.0000000E+0,,,
,0.0000000E+0,4.4243631E+0,0.0000000E+0,,,
,0.0000000E+0,4.4283635E+0,0.0000000E+0,,,
,0.0000000E+0,4.4323638E+0,0.0000000E+0,,,
,0.0000000E+0,4.4363641E+0,0.0000000E+0,,,
,0.0000000E+0,4.4403644E+0,0.0000000E+0,,,
,0.0000000E+0,4.4443648E+0,0.0000000E+0,,,
,0.0000000E+0,4.4483651E+0,1.0000000E+0,,,
,0.0000000E+0,4.4523654E+0,1.0000000E+0,,,
,0.0000000E+0,4.4563658E+0,0.0000000E+0,,,
,0.0000000E+0,4.4603661E+0,0.0000000E+0,,,
,0.0000000E+0,4.4643664E+0,0.0000000E+0,,,
,0.0000000E+0,4.4683667E+0,0.0000000E+0,,,
,0.0000000E+0,4.4723671E+0,0.0000000E+0,,,
,0.0000000E+0,4.4763674E+0,0.0000000E+0,,,
,0.0000000E+0,4.4803677E+0,0.0000000E+0,,,
,0.0000000E+0,4.4843681E+0,1.0000000E+0,,,
,0.0000000E+0,4.4883684E+0,1.0000000E+0,,,
,0.0000000E+0,4.4923687E+0,2.0000000E+0,,,
,0.0000000E+0,4.4963690E+0,0.0000000E+0,,,
,0.0000000E+0,4.5003694E+0,0.0000000E+0,,,
,0.0000000E+0,4.5043697E+0,1.0000000E+0,,,
,0.0000000E+0,4.5083700E+0,0.0000000E+0,,,
,0.0000000E+0,4.5123704E+0,2.0000000E+0,,,
,0.0000000E+0,4.5163707E+0,0.0000000E+0,,,
,0.0000000E+0,4.5203710E+0,0.0000000E+0,,,
,0.0000000E+0,4.5243713E+0,0.0000000E+0,,,
,0.0000000E+0,4.5283717E+0,0.0000000E+0,,,
,0.0000000E+0,4.5323720E+0,0.0000000E+0,,,
,0.0000000E+0,4.5363723E+0,0.0000000E+0,,,
,0.0000000E+0,4.5403727E+0,0.0000000E+0,,,
,0.0000000E+0,4.5443730E+0,0.0000000E+0,,,
,0.0000000E+0,4.5483733E+0,1.0000000E+0,,,
,0.0000000E+0,4.5523736E+0,0.0000000E+0,,,
,0.0000000E+0,4.5563740E+0,0.0000000E+0,,,
,0.0000000E+0,4.5603743E+0,0.0000000E+0,,,
,0.0000000E+0,4.5643746E+0,0.0000000E+0,,,
,0.0000000E+0,4.5683750E+0,0.0000000E+0,,,
,0.0000000E+0,4.5723753E+0,0.0000000E+0,,,
,0.0000000E+0,4.5763756E+0,0.0000000E+0,,,
,0.0000000E+0,4.5803759E+0,0.0000000E+0,,,
,0.0000000E+0,4.5843763E+0,1.0000000E+0,,,
,0.0000000E+0,4.5883766E+0,0.0000000E+0,,,
,0.0000000E+0,4.5923769E+0,1.0000000E+0,,,
,0.0000000E+0,4.5963772E+0,0.0000000E+0,,,
,0.0000000E+0,4.6003776E+0,0.0000000E+0,,,
,0.0000000E+0,4.6043779E+0,0.0000000E+0,,,
,0.0000000E+0,4.6083782E+0,0.0000000E+0,,,
,0.0000000E+0,4.6123786E+0,0.0000000E+0,,,
,0.0000000E+0,4.6163789E+0,0.0000000E+0,,,
,0.0000000E+0,4.6203792E+0,1.0000000E+0,,,
,0.0000000E+0,4.6243795E+0,0.0000000E+0,,,
,0.0000000E+0,4.6283799E+0,0.0000000E+0,,,
,0.0000000E+0,4.6323802E+0,0.0000000E+0,,,
,0.0000000E+0,4.6363805E+0,0.0000000E+0,,,
,0.0000000E+0,4.6403809E+0,0.0000000E+0,,,
,0.0000000E+0,4.6443812E+0,0.0000000E+0,,,
,0.0000000E+0,4.6483815E+0,0.0000000E+0,,,
,0.0000000E+0,4.6523818E+0,1.0000000E+0,,,
,0.0000000E+0,4.6563822E+0,0.0000000E+0,,,
,0.0000000E+0,4.6603825E+0,1.0000000E+0,,,
,0.0000000E+0,4.6643828E+0,0.0000000E+0,,,
,0.0000000E+0,4.6683832E+0,0.0000000E+0,,,
,0.0000000E+0,4.6723835E+0,0.0000000E+0,,,
,0.0000000E+0,4.6763838E+0,0.0000000E+0,,,
,0.0000000E+0,4.6803841E+0,0.0000000E+0,,,
,0.0000000E+0,4.6843845E+0,0.0000000E+0,,,
,0.0000000E+0,4.6883848E+0,0.0000000E+0,,,
,0.0000000E+0,4.6923851E+0,0.0000000E+0,,,
,0.0000000E+0,4.6963855E+0,0.0000000E+0,,,
,0.0000000E+0,4.7003858E+0,0.0000000E+0,,,
,0.0000000E+0,4.7043861E+0,0.0000000E+0,,,
,0.0000000E+0,4.7083864E+0,0.0000000E+0,,,
,0.0000000E+0,4.7123868E+0,0.0000000E+0,,,
,0.0000000E+0,4.7163871E+0,0.0000000E+0,,,
,0.0000000E+0,4.7203874E+0,0.0000000E+0,,,
,0.0000000E+0,4.7243878E+0,0.0000000E+0,,,
,0.0000000E+0,4.7283881E+0,0.0000000E+0,,,
,0.0000000E+0,4.7323884E+0,1.0000000E+0,,,
,0.0000000E+0,4.7363887E+0,0.0000000E+0,,,
,0.0000000E+0,4.7403891E+0,0.0000000E+0,,,
,0.0000000E+0,4.7443894E+0,0.0000000E+0,,,
,0.0000000E+0,4.7483897E+0,0.0000000E+0,,,
,0.0000000E+0,4.7523901E+0,1.0000000E+0,,,
,0.0000000E+0,4.7563904E+0,0.0000000E+0,,,
,0.0000000E+0,4.7603907E+0,0.0000000E+0,,,
,0.0000000E+0,4.7643910E+0,0.0000000E+0,,,
,0.0000000E+0,4.7683914E+0,1.0000000E+0,,,
,0.0000000E+0,4.7723917E+0,1.0000000E+0,,,
,0.0000000E+0,4.7763920E+0,0.0000000E+0,,,
,0.0000000E+0,4.7803924E+0,0.0000000E+0,,,
,0.0000000E+0,4.7843927E+0,0.0000000E+0,,,
,0.0000000E+0,4.7883930E+0,0.0000000E+0,,,
,0.0000000E+0,4.7923933E+0,0.0000000E+0,,,
,0.0000000E+0,4.7963937E+0,1.0000000E+0,,,
,0.0000000E+0,4.8003940E+0,0.0000000E+0,,,
,0.0000000E+0,4.8043943E+0,1.0000000E+0,,,
,0.0000000E+0,4.8083946E+0,0.0000000E+0,,,
,0.0000000E+0,4.8123950E+0,1.0000000E+0,,,
,0.0000000E+0,4.8163953E+0,0.0000000E+0,,,
,0.0000000E+0,4.8203956E+0,1.0000000E+0,,,
,0.0000000E+0,4.8243960E+0,0.0000000E+0,,,
,0.0000000E+0,4.8283963E+0,0.0000000E+0,,,
,0.0000000E+0,4.8323966E+0,0.0000000E+0,,,
,0.0000000E+0,4.8363969E+0,0.0000000E+0,,,
,0.0000000E+0,4.8403973E+0,0.0000000E+0,,,
,0.0000000E+0,4.8443976E+0,0.0000000E+0,,,
,0.0000000E+0,4.8483979E+0,1.0000000E+0,,,
,0.0000000E+0,4.8523983E+0,0.0000000E+0,,,
,0.0000000E+0,4.8563986E+0,0.0000000E+0,,,
,0.0000000E+0,4.8603989E+0,0.0000000E+0,,,
,0.0000000E+0,4.8643992E+0,1.0000000E+0,,,
,0.0000000E+0,4.8683996E+0,0.0000000E+0,,,
,0.0000000E+0,4.8723999E+0,0.0000000E+0,,,
,0.0000000E+0,4.8764002E+0,1.0000000E+0,,,
,0.0000000E+0,4.8804006E+0,0.0000000E+0,,,
,0.0000000E+0,4.8844009E+0,0.0000000E+0,,,
,0.0000000E+0,4.8884012E+0,0.0000000E+0,,,
,0.0000000E+0,4.8924015E+0,0.0000000E+0,,,
,0.0000000E+0,4.8964019E+0,1.0000000E+0,,,
,0.0000000E+0,4.9004022E+0,0.0000000E+0,,,
,0.0000000E+0,4.9044025E+0,0.0000000E+0,,,
,0.0000000E+0,4.9084029E+0,1.0000000E+0,,,
,0.0000000E+0,4.9124032E+0,0.0000000E+0,,,
,0.0000000E+0,4.9164035E+0,1.0000000E+0,,,
,0.0000000E+0,4.9204038E+0,1.0000000E+0,,,
,0.0000000E+0,4.9244042E+0,0.0000000E+0,,,
,0.0000000E+0,4.9284045E+0,0.0000000E+0,,,
,0.0000000E+0,4.9324048E+0,0.0000000E+0,,,
,0.0000000E+0,4.9364052E+0,0.0000000E+0,,,
,0.0000000E+0,4.9404055E+0,0.0000000E+0,,,
,0.0000000E+0,4.9444058E+0,0.0000000E+0,,,
,0.0000000E+0,4.9484061E+0,1.0000000E+0,,,
,0.0000000E+0,4.9524065E+0,1.0000000E+0,,,
,0.0000000E+0,4.9564068E+0,1.0000000E+0,,,
,0.0000000E+0,4.9604071E+0,0.0000000E+0,,,
,0.0000000E+0,4.9644075E+0,0.0000000E+0,,,
,0.0000000E+0,4.9684078E+0,0.0000000E+0,,,
,0.0000000E+0,4.9724081E+0,2.0000000E+0,,,
,0.0000000E+0,4.9764084E+0,0.0000000E+0,,,
,0.0000000E+0,4.9804088E+0,1.0000000E+0,,,
,0.0000000E+0,4.9844091E+0,0.0000000E+0,,,
,0.0000000E+0,4.9884094E+0,0.0000000E+0,,,
,0.0000000E+0,4.9924098E+0,0.0000000E+0,,,
,0.0000000E+0,4.9964101E+0,1.0000000E+0,,,
,0.0000000E+0,5.0004104E+0,0.0000000E+0,,,
,0.0000000E+0,5.0044107E+0,0.0000000E+0,,,
,0.0000000E+0,5.0084111E+0,0.0000000E+0,,,
,0.0000000E+0,5.0124114E+0,1.0000000E+0,,,
,0.0000000E+0,5.0164117E+0,0.0000000E+0,,,
,0.0000000E+0,5.0204121E+0,0.0000000E+0,,,
,0.0000000E+0,5.0244124E+0,0.0000000E+0,,,
,0.0000000E+0,5.0284127E+0,0.0000000E+0,,,
,0.0000000E+0,5.0324130E+0,0.0000000E+0,,,
,0.0000000E+0,5.0364134E+0,0.0000000E+0,,,
,0.0000000E+0,5.0404137E+0,0.0000000E+0,,,
,0.0000000E+0,5.0444140E+0,0.0000000E+0,,,
,0.0000000E+0,5.0484143E+0,1.0000000E+0,,,
,0.0000000E+0,5.0524147E+0,2.0000000E+0,,,
,0.0000000E+0,5.0564150E+0,0.0000000E+0,,,
,0.0000000E+0,5.0604153E+0,1.0000000E+0,,,
,0.0000000E+0,5.0644157E+0,1.0000000E+0,,,
,0.0000000E+0,5.0684160E+0,0.0000000E+0,,,
,0.0000000E+0,5.0724163E+0,0.0000000E+0,,,
,0.0000000E+0,5.0764166E+0,1.0000000E+0,,,
,0.0000000E+0,5.0804170E+0,0.0000000E+0,,,
,0.0000000E+0,5.0844173E+0,1.0000000E+0,,,
,0.0000000E+0,5.0884176E+0,1.0000000E+0,,,
,0.0000000E+0,5.0924180E+0,1.0000000E+0,,,
,0.0000000E+0,5.0964183E+0,0.0000000E+0,,,
,0.0000000E+0,5.1004186E+0,0.0000000E+0,,,
,0.0000000E+0,5.1044189E+0,1.0000000E+0,,,
,0.0000000E+0,5.1084193E+0,0.0000000E+0,,,
,0.0000000E+0,5.1124196E+0,0.0000000E+0,,,
,0.0000000E+0,5.1164199E+0,0.0000000E+0,,,
,0.0000000E+0,5.1204203E+0,1.0000000E+0,,,
,0.0000000E+0,5.1244206E+0,0.0000000E+0,,,
,0.0000000E+0,5.1284209E+0,1.0000000E+0,,,
,0.0000000E+0,5.1324212E+0,0.0000000E+0,,,
,0.0000000E+0,5.1364216E+0,0.0000000E+0,,,
,0.0000000E+0,5.1404219E+0,0.0000000E+0,,,
,0.0000000E+0,5.1444222E+0,0.0000000E+0,,,
,0.0000000E+0,5.1484226E+0,0.0000000E+0,,,
,0.0000000E+0,5.1524229E+0,0.0000000E+0,,,
,0.0000000E+0,5.1564232E+0,0.0000000E+0,,,
,0.0000000E+0,5.1604235E+0,0.0000000E+0,,,
,0.0000000E+0,5.1644239E+0,0.0000000E+0,,,
,0.0000000E+0,5.1684242E+0,0.0000000E+0,,,
,0.0000000E+0,5.1724245E+0,0.0000000E+0,,,
,0.0000000E+0,5.1764249E+0,0.0000000E+0,,,
,0.0000000E+0,5.1804252E+0,0.0000000E+0,,,
,0.0000000E+0,5.1844255E+0,0.0000000E+0,,,
,0.0000000E+0,5.1884258E+0,2.0000000E+0,,,
,0.0000000E+0,5.1924262E+0,0.0000000E+0,,,
,0.0000000E+0,5.1964265E+0,0.0000000E+0,,,
,0.0000000E+0,5.2004268E+0,0.0000000E+0,,,
,0.0000000E+0,5.2044272E+0,0.0000000E+0,,,
,0.0000000E+0,5.2084275E+0,0.0000000E+0,,,
,0.0000000E+0,5.2124278E+0,0.0000000E+0,,,
,0.0000000E+0,5.2164281E+0,0.0000000E+0,,,
,0.0000000E+0,5.2204285E+0,0.0000000E+0,,,
,0.0000000E+0,5.2244288E+0,1.0000000E+0,,,
,0.0000000E+0,5.2284291E+0,1.0000000E+0,,,
,0.0000000E+0,5.2324295E+0,0.0000000E+0,,,
,0.0000000E+0,5.2364298E+0,1.0000000E+0,,,
,0.0000000E+0,5.2404301E+0,0.0000000E+0,,,
,0.0000000E+0,5.2444304E+0,0.0000000E+0,,,
,0.0000000E+0,5.2484308E+0,0.0000000E+0,,,
,0.0000000E+0,5.2524311E+0,0.0000000E+0,,,
,0.0000000E+0,5.2564314E+0,0.0000000E+0,,,
,0.0000000E+0,5.2604318E+0,0.0000000E+0,,,
,0.0000000E+0,5.2644321E+0,0.0000000E+0,,,
,0.0000000E+0,5.2684324E+0,0.0000000E+0,,,
,0.0000000E+0,5.2724327E+0,0.0000000E+0,,,
,0.0000000E+0,5.2764331E+0,0.0000000E+0,,,
,0.0000000E+0,5.2804334E+0,0.0000000E+0,,,
,0.0000000E+0,5.2844337E+0,1.0000000E+0,,,
,0.0000000E+0,5.2884340E+0,0.0000000E+0,,,
,0.0000000E+0,5.2924344E+0,0.0000000E+0,,,
,0.0000000E+0,5.2964347E+0,0.0000000E+0,,,
,0.0000000E+0,5.3004350E+0,0.0000000E+0,,,
,0.0000000E+0,5.3044354E+0,0.0000000E+0,,,
,0.0000000E+0,5.3084357E+0,0.0000000E+0,,,
,0.0000000E+0,5.3124360E+0,1.0000000E+0,,,
,0.0000000E+0,5.3164363E+0,0.0000000E+0,,,
,0.0000000E+0,5.3204367E+0,0.0000000E+0,,,
,0.0000000E+0,5.3244370E+0,0.0000000E+0,,,
,0.0000000E+0,5.3284373E+0,1.0000000E+0,,,
,0.0000000E+0,5.3324377E+0,0.0000000E+0,,,
,0.0000000E+0,5.3364380E+0,1.0000000E+0,,,
,0.0000000E+0,5.3404383E+0,0.0000000E+0,,,
,0.0000000E+0,5.3444386E+0,2.0000000E+0,,,
,0.0000000E+0,5.3484390E+0,1.0000000E+0,,,
,0.0000000E+0,5.3524393E+0,0.0000000E+0,,,
,0.0000000E+0,5.3564396E+0,0.0000000E+0,,,
,0.0000000E+0,5.3604400E+0,0.0000000E+0,,,
,0.0000000E+0,5.3644403E+0,0.0000000E+0,,,
,0.0000000E+0,5.3684406E+0,0.0000000E+0,,,
,0.0000000E+0,5.3724409E+0,0.0000000E+0,,,
,0.0000000E+0,5.3764413E+0,1.0000000E+0,,,
,0.0000000E+0,5.3804416E+0,2.0000000E+0,,,
,0.0000000E+0,5.3844419E+0,0.0000000E+0,,,
,0.0000000E+0,5.3884423E+0,0.0000000E+0,,,
,0.0000000E+0,5.3924426E+0,0.0000000E+0,,,
,0.0000000E+0,5.3964429E+0,0.0000000E+0,,,
,0.0000000E+0,5.4004432E+0,1.0000000E+0,,,
,0.0000000E+0,5.4044436E+0,0.0000000E+0,,,
,0.0000000E+0,5.4084439E+0,0.0000000E+0,,,
,0.0000000E+0,5.4124442E+0,0.0000000E+0,,,
,0.0000000E+0,5.4164446E+0,0.0000000E+0,,,
,0.0000000E+0,5.4204449E+0,1.0000000E+0,,,
,0.0000000E+0,5.4244452E+0,0.0000000E+0,,,
,0.0000000E+0,5.4284455E+0,1.0000000E+0,,,
,0.0000000E+0,5.4324459E+0,0.0000000E+0,,,
,0.0000000E+0,5.4364462E+0,0.0000000E+0,,,
,0.0000000E+0,5.4404465E+0,1.0000000E+0,,,
,0.0000000E+0,5.4444469E+0,0.0000000E+0,,,
,0.0000000E+0,5.4484472E+0,2.0000000E+0,,,
,0.0000000E+0,5.4524475E+0,1.0000000E+0,,,
,0.0000000E+0,5.4564478E+0,0.0000000E+0,,,
,0.0000000E+0,5.4604482E+0,2.0000000E+0,,,
,0.0000000E+0,5.4644485E+0,0.0000000E+0,,,
,0.0000000E+0,5.4684488E+0,1.0000000E+0,,,
,0.0000000E+0,5.4724492E+0,0.0000000E+0,,,
,0.0000000E+0,5.4764495E+0,0.0000000E+0,,,
,0.0000000E+0,5.4804498E+0,0.0000000E+0,,,
,0.0000000E+0,5.4844501E+0,1.0000000E+0,,,
,0.0000000E+0,5.4884505E+0,0.0000000E+0,,,
,0.0000000E+0,5.4924508E+0,0.0000000E+0,,,
,0.0000000E+0,5.4964511E+0,0.0000000E+0,,,
,0.0000000E+0,5.5004515E+0,0.0000000E+0,,,
,0.0000000E+0,5.5044518E+0,0.0000000E+0,,,
,0.0000000E+0,5.5084521E+0,1.0000000E+0,,,
,0.0000000E+0,5.5124524E+0,0.0000000E+0,,,
,0.0000000E+0,5.5164528E+0,2.0000000E+0,,,
,0.0000000E+0,5.5204531E+0,1.0000000E+0,,,
,0.0000000E+0,5.5244534E+0,0.0000000E+0,,,
,0.0000000E+0,5.5284537E+0,0.0000000E+0,,,
,0.0000000E+0,5.5324541E+0,0.0000000E+0,,,
,0.0000000E+0,5.5364544E+0,0.0000000E+0,,,
,0.0000000E+0,5.5404547E+0,1.0000000E+0,,,
,0.0000000E+0,5.5444551E+0,0.0000000E+0,,,
,0.0000000E+0,5.5484554E+0,0.0000000E+0,,,
,0.0000000E+0,5.5524557E+0,0.0000000E+0,,,
,0.0000000E+0,5.5564560E+0,0.0000000E+0,,,
,0.0000000E+0,5.5604564E+0,0.0000000E+0,,,
,0.0000000E+0,5.5644567E+0,0.0000000E+0,,,
,0.0000000E+0,5.5684570E+0,0.0000000E+0,,,
,0.0000000E+0,5.5724574E+0,0.0000000E+0,,,
,0.0000000E+0,5.5764577E+0,0.0000000E+0,,,
,0.0000000E+0,5.5804580E+0,0.0000000E+0,,,
,0.0000000E+0,5.5844583E+0,0.0000000E+0,,,
,0.0000000E+0,5.5884587E+0,1.0000000E+0,,,
,0.0000000E+0,5.5924590E+0,0.0000000E+0,,,
,0.0000000E+0,5.5964593E+0,0.0000000E+0,,,
,0.0000000E+0,5.6004597E+0,0.0000000E+0,,,
,0.0000000E+0,5.6044600E+0,0.0000000E+0,,,
,0.0000000E+0,5.6084603E+0,0.0000000E+0,,,
,0.0000000E+0,5.6124606E+0,0.0000000E+0,,,
,0.0000000E+0,5.6164610E+0,0.0000000E+0,,,
,0.0000000E+0,5.6204613E+0,0.0000000E+0,,,
,0.0000000E+0,5.6244616E+0,1.0000000E+0,,,
,0.0000000E+0,5.6284620E+0,0.0000000E+0,,,
,0.0000000E+0,5.6324623E+0,0.0000000E+0,,,
,0.0000000E+0,5.6364626E+0,0.0000000E+0,,,
,0.0000000E+0,5.6404629E+0,0.0000000E+0,,,
,0.0000000E+0,5.6444633E+0,2.0000000E+0,,,
,0.0000000E+0,5.6484636E+0,0.0000000E+0,,,
,0.0000000E+0,5.6524639E+0,0.0000000E+0,,,
,0.0000000E+0,5.6564643E+0,1.0000000E+0,,,
,0.0000000E+0,5.6604646E+0,0.0000000E+0,,,
,0.0000000E+0,5.6644649E+0,0.0000000E+0,,,
,0.0000000E+0,5.6684652E+0,0.0000000E+0,,,
,0.0000000E+0,5.6724656E+0,0.0000000E+0,,,
,0.0000000E+0,5.6764659E+0,0.0000000E+0,,,
,0.0000000E+0,5.6804662E+0,0.0000000E+0,,,
,0.0000000E+0,5.6844666E+0,0.0000000E+0,,,
,0.0000000E+0,5.6884669E+0,0.0000000E+0,,,
,0.0000000E+0,5.6924672E+0,0.0000000E+0,,,
,0.0000000E+0,5.6964675E+0,0.0000000E+0,,,
,0.0000000E+0,5.7004679E+0,0.0000000E+0,,,
,0.0000000E+0,5.7044682E+0,0.0000000E+0,,,
,0.0000000E+0,5.7084685E+0,0.0000000E+0,,,
,0.0000000E+0,5.7124689E+0,0.0000000E+0,,,
,0.0000000E+0,5.7164692E+0,0.0000000E+0,,,
,0.0000000E+0,5.7204695E+0,0.0000000E+0,,,
,0.0000000E+0,5.7244698E+0,1.0000000E+0,,,
,0.0000000E+0,5.7284702E+0,0.0000000E+0,,,
,0.0000000E+0,5.7324705E+0,1.0000000E+0,,,
,0.0000000E+0,5.7364708E+0,0.0000000E+0,,,
,0.0000000E+0,5.7404712E+0,0.0000000E+0,,,
,0.0000000E+0,5.7444715E+0,0.0000000E+0,,,
,0.0000000E+0,5.7484718E+0,0.0000000E+0,,,
,0.0000000E+0,5.7524721E+0,1.0000000E+0,,,
,0.0000000E+0,5.7564725E+0,0.0000000E+0,,,
,0.0000000E+0,5.7604728E+0,0.0000000E+0,,,
,0.0000000E+0,5.7644731E+0,0.0000000E+0,,,
,0.0000000E+0,5.7684734E+0,0.0000000E+0,,,
,0.0000000E+0,5.7724738E+0,0.0000000E+0,,,
,0.0000000E+0,5.7764741E+0,0.0000000E+0,,,
,0.0000000E+0,5.7804744E+0,0.0000000E+0,,,
,0.0000000E+0,5.7844748E+0,1.0000000E+0,,,
,0.0000000E+0,5.7884751E+0,0.0000000E+0,,,
,0.0000000E+0,5.7924754E+0,1.0000000E+0,,,
,0.0000000E+0,5.7964757E+0,1.0000000E+0,,,
,0.0000000E+0,5.8004761E+0,0.0000000E+0,,,
,0.0000000E+0,5.8044764E+0,0.0000000E+0,,,
,0.0000000E+0,5.8084767E+0,0.0000000E+0,,,
,0.0000000E+0,5.8124771E+0,0.0000000E+0,,,
,0.0000000E+0,5.8164774E+0,0.0000000E+0,,,
,0.0000000E+0,5.8204777E+0,0.0000000E+0,,,
,0.0000000E+0,5.8244780E+0,0.0000000E+0,,,
,0.0000000E+0,5.8284784E+0,0.0000000E+0,,,
,0.0000000E+0,5.8324787E+0,0.0000000E+0,,,
,0.0000000E+0,5.8364790E+0,0.0000000E+0,,,
,0.0000000E+0,5.8404794E+0,0.0000000E+0,,,
,0.0000000E+0,5.8444797E+0,0.0000000E+0,,,
,0.0000000E+0,5.8484800E+0,0.0000000E+0,,,
,0.0000000E+0,5.8524803E+0,0.0000000E+0,,,
,0.0000000E+0,5.8564807E+0,1.0000000E+0,,,
,0.0000000E+0,5.8604810E+0,0.0000000E+0,,,
,0.0000000E+0,5.8644813E+0,0.0000000E+0,,,
,0.0000000E+0,5.8684817E+0,0.0000000E+0,,,
,0.0000000E+0,5.8724820E+0,0.0000000E+0,,,
,0.0000000E+0,5.8764823E+0,3.0000000E+0,,,
,0.0000000E+0,5.8804826E+0,0.0000000E+0,,,
,0.0000000E+0,5.8844830E+0,0.0000000E+0,,,
,0.0000000E+0,5.8884833E+0,1.0000000E+0,,,
,0.0000000E+0,5.8924836E+0,0.0000000E+0,,,
,0.0000000E+0,5.8964840E+0,0.0000000E+0,,,
,0.0000000E+0,5.9004843E+0,2.0000000E+0,,,
,0.0000000E+0,5.9044846E+0,0.0000000E+0,,,
,0.0000000E+0,5.9084849E+0,0.0000000E+0,,,
,0.0000000E+0,5.9124853E+0,0.0000000E+0,,,
,0.0000000E+0,5.9164856E+0,0.0000000E+0,,,
,0.0000000E+0,5.9204859E+0,0.0000000E+0,,,
,0.0000000E+0,5.9244863E+0,1.0000000E+0,,,
,0.0000000E+0,5.9284866E+0,0.0000000E+0,,,
,0.0000000E+0,5.9324869E+0,0.0000000E+0,,,
,0.0000000E+0,5.9364872E+0,1.0000000E+0,,,
,0.0000000E+0,5.9404876E+0,0.0000000E+0,,,
,0.0000000E+0,5.9444879E+0,1.0000000E+0,,,
,0.0000000E+0,5.9484882E+0,1.0000000E+0,,,
,0.0000000E+0,5.9524886E+0,1.0000000E+0,,,
,0.0000000E+0,5.9564889E+0,0.0000000E+0,,,
,0.0000000E+0,5.9604892E+0,0.0000000E+0,,,
,0.0000000E+0,5.9644895E+0,0.0000000E+0,,,
,0.0000000E+0,5.9684899E+0,1.0000000E+0,,,
,0.0000000E+0,5.9724902E+0,1.0000000E+0,,,
,0.0000000E+0,5.9764905E+0,0.0000000E+0,,,
,0.0000000E+0,5.9804909E+0,4.0000000E+0,,,
,0.0000000E+0,5.9844912E+0,1.0000000E+0,,,
,0.0000000E+0,5.9884915E+0,1.0000000E+0,,,
,0.0000000E+0,5.9924918E+0,0.0000000E+0,,,
,0.0000000E+0,5.9964922E+0,1.0000000E+0,,,
,0.0000000E+0,6.0004925E+0,0.0000000E+0,,,
,0.0000000E+0,6.0044928E+0,0.0000000E+0,,,
,0.0000000E+0,6.0084931E+0,1.0000000E+0,,,
,0.0000000E+0,6.0124935E+0,0.0000000E+0,,,
,0.0000000E+0,6.0164938E+0,0.0000000E+0,,,
,0.0000000E+0,6.0204941E+0,1.0000000E+0,,,
,0.0000000E+0,6.0244945E+0,0.0000000E+0,,,
,0.0000000E+0,6.0284948E+0,2.0000000E+0,,,
,0.0000000E+0,6.0324951E+0,1.0000000E+0,,,
,0.0000000E+0,6.0364954E+0,2.0000000E+0,,,
,0.0000000E+0,6.0404958E+0,1.0000000E+0,,,
,0.0000000E+0,6.0444961E+0,1.0000000E+0,,,
,0.0000000E+0,6.0484964E+0,1.0000000E+0,,,
,0.0000000E+0,6.0524968E+0,0.0000000E+0,,,
,0.0000000E+0,6.0564971E+0,0.0000000E+0,,,
,0.0000000E+0,6.0604974E+0,0.0000000E+0,,,
,0.0000000E+0,6.0644977E+0,0.0000000E+0,,,
,0.0000000E+0,6.0684981E+0,0.0000000E+0,,,
,0.0000000E+0,6.0724984E+0,0.0000000E+0,,,
,0.0000000E+0,6.0764987E+0,0.0000000E+0,,,
,0.0000000E+0,6.0804991E+0,1.0000000E+0,,,
,0.0000000E+0,6.0844994E+0,2.0000000E+0,,,
,0.0000000E+0,6.0884997E+0,0.0000000E+0,,,
,0.0000000E+0,6.0925000E+0,0.0000000E+0,,,
,0.0000000E+0,6.0965004E+0,0.0000000E+0,,,
,0.0000000E+0,6.1005007E+0,0.0000000E+0,,,
,0.0000000E+0,6.1045010E+0,0.0000000E+0,,,
,0.0000000E+0,6.1085014E+0,0.0000000E+0,,,
,0.0000000E+0,6.1125017E+0,0.0000000E+0,,,
,0.0000000E+0,6.1165020E+0,0.0000000E+0,,,
,0.0000000E+0,6.1205023E+0,1.0000000E+0,,,
,0.0000000E+0,6.1245027E+0,1.0000000E+0,,,
,0.0000000E+0,6.1285030E+0,2.0000000E+0,,,
,0.0000000E+0,6.1325033E+0,1.0000000E+0,,,
,0.0000000E+0,6.1365037E+0,1.0000000E+0,,,
,0.0000000E+0,6.1405040E+0,0.0000000E+0,,,
,0.0000000E+0,6.1445043E+0,1.0000000E+0,,,
,0.0000000E+0,6.1485046E+0,0.0000000E+0,,,
,0.0000000E+0,6.1525050E+0,1.0000000E+0,,,
,0.0000000E+0,6.1565053E+0,1.0000000E+0,,,
,0.0000000E+0,6.1605056E+0,1.0000000E+0,,,
,0.0000000E+0,6.1645060E+0,0.0000000E+0,,,
,0.0000000E+0,6.1685063E+0,0.0000000E+0,,,
,0.0000000E+0,6.1725066E+0,0.0000000E+0,,,
,0.0000000E+0,6.1765069E+0,2.0000000E+0,,,
,0.0000000E+0,6.1805073E+0,0.0000000E+0,,,
,0.0000000E+0,6.1845076E+0,0.0000000E+0,,,
,0.0000000E+0,6.1885079E+0,1.0000000E+0,,,
,0.0000000E+0,6.1925083E+0,1.0000000E+0,,,
,0.0000000E+0,6.1965086E+0,0.0000000E+0,,,
,0.0000000E+0,6.2005089E+0,1.0000000E+0,,,
,0.0000000E+0,6.2045092E+0,1.0000000E+0,,,
,0.0000000E+0,6.2085096E+0,0.0000000E+0,,,
,0.0000000E+0,6.2125099E+0,1.0000000E+0,,,
,0.0000000E+0,6.2165102E+0,0.0000000E+0,,,
,0.0000000E+0,6.2205105E+0,0.0000000E+0,,,
,0.0000000E+0,6.2245109E+0,1.0000000E+0,,,
,0.0000000E+0,6.2285112E+0,1.0000000E+0,,,
,0.0000000E+0,6.2325115E+0,1.0000000E+0,,,
,0.0000000E+0,6.2365119E+0,1.0000000E+0,,,
,0.0000000E+0,6.2405122E+0,0.0000000E+0,,,
,0.0000000E+0,6.2445125E+0,0.0000000E+0,,,
,0.0000000E+0,6.2485128E+0,0.0000000E+0,,,
,0.0000000E+0,6.2525132E+0,1.0000000E+0,,,
,0.0000000E+0,6.2565135E+0,1.0000000E+0,,,
,0.0000000E+0,6.2605138E+0,0.0000000E+0,,,
,0.0000000E+0,6.2645142E+0,1.0000000E+0,,,
,0.0000000E+0,6.2685145E+0,1.0000000E+0,,,
,0.0000000E+0,6.2725148E+0,1.0000000E+0,,,
,0.0000000E+0,6.2765151E+0,1.0000000E+0,,,
,0.0000000E+0,6.2805155E+0,1.0000000E+0,,,
,0.0000000E+0,6.2845158E+0,1.0000000E+0,,,
,0.0000000E+0,6.2885161E+0,1.0000000E+0,,,
,0.0000000E+0,6.2925165E+0,0.0000000E+0,,,
,0.0000000E+0,6.2965168E+0,1.0000000E+0,,,
,0.0000000E+0,6.3005171E+0,1.0000000E+0,,,
,0.0000000E+0,6.3045174E+0,2.0000000E+0,,,
,0.0000000E+0,6.3085178E+0,2.0000000E+0,,,
,0.0000000E+0,6.3125181E+0,2.0000000E+0,,,
,0.0000000E+0,6.3165184E+0,0.0000000E+0,,,
,0.0000000E+0,6.3205188E+0,0.0000000E+0,,,
,0.0000000E+0,6.3245191E+0,0.0000000E+0,,,
,0.0000000E+0,6.3285194E+0,1.0000000E+0,,,
,0.0000000E+0,6.3325197E+0,0.0000000E+0,,,
,0.0000000E+0,6.3365201E+0,0.0000000E+0,,,
,0.0000000E+0,6.3405204E+0,0.0000000E+0,,,
,0.0000000E+0,6.3445207E+0,1.0000000E+0,,,
,0.0000000E+0,6.3485211E+0,0.0000000E+0,,,
,0.0000000E+0,6.3525214E+0,2.0000000E+0,,,
,0.0000000E+0,6.3565217E+0,0.0000000E+0,,,
,0.0000000E+0,6.3605220E+0,2.0000000E+0,,,
,0.0000000E+0,6.3645224E+0,0.0000000E+0,,,
,0.0000000E+0,6.3685227E+0,0.0000000E+0,,,
,0.0000000E+0,6.3725230E+0,2.0000000E+0,,,
,0.0000000E+0,6.3765234E+0,0.0000000E+0,,,
,0.0000000E+0,6.3805237E+0,1.0000000E+0,,,
,0.0000000E+0,6.3845240E+0,1.0000000E+0,,,
,0.0000000E+0,6.3885243E+0,0.0000000E+0,,,
,0.0000000E+0,6.3925247E+0,1.0000000E+0,,,
,0.0000000E+0,6.3965250E+0,0.0000000E+0,,,
,0.0000000E+0,6.4005253E+0,0.0000000E+0,,,
,0.0000000E+0,6.4045257E+0,1.0000000E+0,,,
,0.0000000E+0,6.4085260E+0,1.0000000E+0,,,
,0.0000000E+0,6.4125263E+0,0.0000000E+0,,,
,0.0000000E+0,6.4165266E+0,0.0000000E+0,,,
,0.0000000E+0,6.4205270E+0,1.0000000E+0,,,
,0.0000000E+0,6.4245273E+0,0.0000000E+0,,,
,0.0000000E+0,6.4285276E+0,0.0000000E+0,,,
,0.0000000E+0,6.4325280E+0,0.0000000E+0,,,
,0.0000000E+0,6.4365283E+0,1.0000000E+0,,,
,0.0000000E+0,6.4405286E+0,1.0000000E+0,,,
,0.0000000E+0,6.4445289E+0,1.0000000E+0,,,
,0.0000000E+0,6.4485293E+0,1.0000000E+0,,,
,0.0000000E+0,6.4525296E+0,0.0000000E+0,,,
,0.0000000E+0,6.4565299E+0,0.0000000E+0,,,
,0.0000000E+0,6.4605302E+0,0.0000000E+0,,,
,0.0000000E+0,6.4645306E+0,1.0000000E+0,,,
,0.0000000E+0,6.4685309E+0,1.0000000E+0,,,
,0.0000000E+0,6.4725312E+0,0.0000000E+0,,,
,0.0000000E+0,6.4765316E+0,1.0000000E+0,,,
,0.0000000E+0,6.4805319E+0,0.0000000E+0,,,
,0.0000000E+0,6.4845322E+0,1.0000000E+0,,,
,0.0000000E+0,6.4885325E+0,0.0000000E+0,,,
,0.0000000E+0,6.4925329E+0,0.0000000E+0,,,
,0.0000000E+0,6.4965332E+0,0.0000000E+0,,,
,0.0000000E+0,6.5005335E+0,1.0000000E+0,,,
,0.0000000E+0,6.5045339E+0,0.0000000E+0,,,
,0.0000000E+0,6.5085342E+0,0.0000000E+0,,,
,0.0000000E+0,6.5125345E+0,2.0000000E+0,,,
,0.0000000E+0,6.5165348E+0,1.0000000E+0,,,
,0.0000000E+0,6.5205352E+0,0.0000000E+0,,,
,0.0000000E+0,6.5245355E+0,0.0000000E+0,,,
,0.0000000E+0,6.5285358E+0,0.0000000E+0,,,
,0.0000000E+0,6.5325362E+0,1.0000000E+0,,,
,0.0000000E+0,6.5365365E+0,0.0000000E+0,,,
,0.0000000E+0,6.5405368E+0,0.0000000E+0,,,
,0.0000000E+0,6.5445371E+0,0.0000000E+0,,,
,0.0000000E+0,6.5485375E+0,0.0000000E+0,,,
,0.0000000E+0,6.5525378E+0,0.0000000E+0,,,
,0.0000000E+0,6.5565381E+0,0.0000000E+0,,,
,0.0000000E+0,6.5605385E+0,0.0000000E+0,,,
,0.0000000E+0,6.5645388E+0,1.0000000E+0,,,
,0.0000000E+0,6.5685391E+0,0.0000000E+0,,,
,0.0000000E+0,6.5725394E+0,1.0000000E+0,,,
,0.0000000E+0,6.5765398E+0,1.0000000E+0,,,
,0.0000000E+0,6.5805401E+0,2.0000000E+0,,,
,0.0000000E+0,6.5845404E+0,0.0000000E+0,,,
,0.0000000E+0,6.5885408E+0,1.0000000E+0,,,
,0.0000000E+0,6.5925411E+0,1.0000000E+0,,,
,0.0000000E+0,6.5965414E+0,0.0000000E+0,,,
,0.0000000E+0,6.6005417E+0,2.0000000E+0,,,
,0.0000000E+0,6.6045421E+0,1.0000000E+0,,,
,0.0000000E+0,6.6085424E+0,0.0000000E+0,,,
,0.0000000E+0,6.6125427E+0,1.0000000E+0,,,
,0.0000000E+0,6.6165431E+0,0.0000000E+0,,,
,0.0000000E+0,6.6205434E+0,0.0000000E+0,,,
,0.0000000E+0,6.6245437E+0,1.0000000E+0,,,
,0.0000000E+0,6.6285440E+0,1.0000000E+0,,,
,0.0000000E+0,6.6325444E+0,0.0000000E+0,,,
,0.0000000E+0,6.6365447E+0,0.0000000E+0,,,
,0.0000000E+0,6.6405450E+0,1.0000000E+0,,,
,0.0000000E+0,6.6445454E+0,0.0000000E+0,,,
,0.0000000E+0,6.6485457E+0,0.0000000E+0,,,
,0.0000000E+0,6.6525460E+0,1.0000000E+0,,,
,0.0000000E+0,6.6565463E+0,2.0000000E+0,,,
,0.0000000E+0,6.6605467E+0,0.0000000E+0,,,
,0.0000000E+0,6.6645470E+0,3.0000000E+0,,,
,0.0000000E+0,6.6685473E+0,1.0000000E+0,,,
,0.0000000E+0,6.6725477E+0,0.0000000E+0,,,
,0.0000000E+0,6.6765480E+0,2.0000000E+0,,,
,0.0000000E+0,6.6805483E+0,1.0000000E+0,,,
,0.0000000E+0,6.6845486E+0,1.0000000E+0,,,
,0.0000000E+0,6.6885490E+0,1.0000000E+0,,,
,0.0000000E+0,6.6925493E+0,0.0000000E+0,,,
,0.0000000E+0,6.6965496E+0,1.0000000E+0,,,
,0.0000000E+0,6.7005499E+0,0.0000000E+0,,,
,0.0000000E+0,6.7045503E+0,1.0000000E+0,,,
,0.0000000E+0,6.7085506E+0,0.0000000E+0,,,
,0.0000000E+0,6.7125509E+0,0.0000000E+0,,,
,0.0000000E+0,6.7165513E+0,0.0000000E+0,,,
,0.0000000E+0,6.7205516E+0,1.0000000E+0,,,
,0.0000000E+0,6.7245519E+0,0.0000000E+0,,,
,0.0000000E+0,6.7285522E+0,1.0000000E+0,,,
,0.0000000E+0,6.7325526E+0,2.0000000E+0,,,
,0.0000000E+0,6.7365529E+0,1.0000000E+0,,,
,0.0000000E+0,6.7405532E+0,0.0000000E+0,,,
,0.0000000E+0,6.7445536E+0,0.0000000E+0,,,
,0.0000000E+0,6.7485539E+0,0.0000000E+0,,,
,0.0000000E+0,6.7525542E+0,4.0000000E+0,,,
,0.0000000E+0,6.7565545E+0,0.0000000E+0,,,
,0.0000000E+0,6.7605549E+0,1.0000000E+0,,,
,0.0000000E+0,6.7645552E+0,0.0000000E+0,,,
,0.0000000E+0,6.7685555E+0,3.0000000E+0,,,
,0.0000000E+0,6.7725559E+0,0.0000000E+0,,,
,0.0000000E+0,6.7765562E+0,0.0000000E+0,,,
,0.0000000E+0,6.7805565E+0,0.0000000E+0,,,
,0.0000000E+0,6.7845568E+0,0.0000000E+0,,,
,0.0000000E+0,6.7885572E+0,1.0000000E+0,,,
,0.0000000E+0,6.7925575E+0,1.0000000E+0,,,
,0.0000000E+0,6.7965578E+0,2.0000000E+0,,,
,0.0000000E+0,6.8005582E+0,2.0000000E+0,,,
,0.0000000E+0,6.8045585E+0,0.0000000E+0,,,
,0.0000000E+0,6.8085588E+0,0.0000000E+0,,,
,0.0000000E+0,6.8125591E+0,0.0000000E+0,,,
,0.0000000E+0,6.8165595E+0,0.0000000E+0,,,
,0.0000000E+0,6.8205598E+0,0.0000000E+0,,,
,0.0000000E+0,6.8245601E+0,1.0000000E+0,,,
,0.0000000E+0,6.8285605E+0,0.0000000E+0,,,
,0.0000000E+0,6.8325608E+0,1.0000000E+0,,,
,0.0000000E+0,6.8365611E+0,0.0000000E+0,,,
,0.0000000E+0,6.8405614E+0,1.0000000E+0,,,
,0.0000000E+0,6.8445618E+0,1.0000000E+0,,,
,0.0000000E+0,6.8485621E+0,0.0000000E+0,,,
,0.0000000E+0,6.8525624E+0,1.0000000E+0,,,
,0.0000000E+0,6.8565628E+0,1.0000000E+0,,,
,0.0000000E+0,6.8605631E+0,1.0000000E+0,,,
,0.0000000E+0,6.8645634E+0,0.0000000E+0,,,
,0.0000000E+0,6.8685637E+0,0.0000000E+0,,,
,0.0000000E+0,6.8725641E+0,1.0000000E+0,,,
,0.0000000E+0,6.8765644E+0,1.0000000E+0,,,
,0.0000000E+0,6.8805647E+0,0.0000000E+0,,,
,0.0000000E+0,6.8845651E+0,1.0000000E+0,,,
,0.0000000E+0,6.8885654E+0,0.0000000E+0,,,
,0.0000000E+0,6.8925657E+0,0.0000000E+0,,,
,0.0000000E+0,6.8965660E+0,0.0000000E+0,,,
,0.0000000E+0,6.9005664E+0,0.0000000E+0,,,
,0.0000000E+0,6.9045667E+0,1.0000000E+0,,,
,0.0000000E+0,6.9085670E+0,0.0000000E+0,,,
,0.0000000E+0,6.9125674E+0,0.0000000E+0,,,
,0.0000000E+0,6.9165677E+0,0.0000000E+0,,,
,0.0000000E+0,6.9205680E+0,0.0000000E+0,,,
,0.0000000E+0,6.9245683E+0,1.0000000E+0,,,
,0.0000000E+0,6.9285687E+0,1.0000000E+0,,,
,0.0000000E+0,6.9325690E+0,1.0000000E+0,,,
,0.0000000E+0,6.9365693E+0,0.0000000E+0,,,
,0.0000000E+0,6.9405696E+0,1.0000000E+0,,,
,0.0000000E+0,6.9445700E+0,3.0000000E+0,,,
,0.0000000E+0,6.9485703E+0,0.0000000E+0,,,
,0.0000000E+0,6.9525706E+0,1.0000000E+0,,,
,0.0000000E+0,6.9565710E+0,0.0000000E+0,,,
,0.0000000E+0,6.9605713E+0,0.0000000E+0,,,
,0.0000000E+0,6.9645716E+0,0.0000000E+0,,,
,0.0000000E+0,6.9685719E+0,0.0000000E+0,,,
,0.0000000E+0,6.9725723E+0,0.0000000E+0,,,
,0.0000000E+0,6.9765726E+0,3.0000000E+0,,,
,0.0000000E+0,6.9805729E+0,0.0000000E+0,,,
,0.0000000E+0,6.9845733E+0,0.0000000E+0,,,
,0.0000000E+0,6.9885736E+0,1.0000000E+0,,,
,0.0000000E+0,6.9925739E+0,2.0000000E+0,,,
,0.0000000E+0,6.9965742E+0,0.0000000E+0,,,
,0.0000000E+0,7.0005746E+0,0.0000000E+0,,,
,0.0000000E+0,7.0045749E+0,0.0000000E+0,,,
,0.0000000E+0,7.0085752E+0,0.0000000E+0,,,
,0.0000000E+0,7.0125756E+0,0.0000000E+0,,,
,0.0000000E+0,7.0165759E+0,1.0000000E+0,,,
,0.0000000E+0,7.0205762E+0,0.0000000E+0,,,
,0.0000000E+0,7.0245765E+0,0.0000000E+0,,,
,0.0000000E+0,7.0285769E+0,0.0000000E+0,,,
,0.0000000E+0,7.0325772E+0,1.0000000E+0,,,
,0.0000000E+0,7.0365775E+0,0.0000000E+0,,,
,0.0000000E+0,7.0405779E+0,1.0000000E+0,,,
,0.0000000E+0,7.0445782E+0,2.0000000E+0,,,
,0.0000000E+0,7.0485785E+0,1.0000000E+0,,,
,0.0000000E+0,7.0525788E+0,2.0000000E+0,,,
,0.0000000E+0,7.0565792E+0,1.0000000E+0,,,
,0.0000000E+0,7.0605795E+0,0.0000000E+0,,,
,0.0000000E+0,7.0645798E+0,0.0000000E+0,,,
,0.0000000E+0,7.0685802E+0,1.0000000E+0,,,
,0.0000000E+0,7.0725805E+0,0.0000000E+0,,,
,0.0000000E+0,7.0765808E+0,1.0000000E+0,,,
,0.0000000E+0,7.0805811E+0,2.0000000E+0,,,
,0.0000000E+0,7.0845815E+0,0.0000000E+0,,,
,0.0000000E+0,7.0885818E+0,1.0000000E+0,,,
,0.0000000E+0,7.0925821E+0,0.0000000E+0,,,
,0.0000000E+0,7.0965825E+0,1.0000000E+0,,,
,0.0000000E+0,7.1005828E+0,1.0000000E+0,,,
,0.0000000E+0,7.1045831E+0,1.0000000E+0,,,
,0.0000000E+0,7.1085834E+0,1.0000000E+0,,,
,0.0000000E+0,7.1125838E+0,2.0000000E+0,,,
,0.0000000E+0,7.1165841E+0,0.0000000E+0,,,
,0.0000000E+0,7.1205844E+0,1.0000000E+0,,,
,0.0000000E+0,7.1245848E+0,0.0000000E+0,,,
,0.0000000E+0,7.1285851E+0,1.0000000E+0,,,
,0.0000000E+0,7.1325854E+0,0.0000000E+0,,,
,0.0000000E+0,7.1365857E+0,1.0000000E+0,,,
,0.0000000E+0,7.1405861E+0,1.0000000E+0,,,
,0.0000000E+0,7.1445864E+0,1.0000000E+0,,,
,0.0000000E+0,7.1485867E+0,0.0000000E+0,,,
,0.0000000E+0,7.1525871E+0,0.0000000E+0,,,
,0.0000000E+0,7.1565874E+0,0.0000000E+0,,,
,0.0000000E+0,7.1605877E+0,1.0000000E+0,,,
,0.0000000E+0,7.1645880E+0,0.0000000E+0,,,
,0.0000000E+0,7.1685884E+0,1.0000000E+0,,,
,0.0000000E+0,7.1725887E+0,1.0000000E+0,,,
,0.0000000E+0,7.1765890E+0,2.0000000E+0,,,
,0.0000000E+0,7.1805893E+0,0.0000000E+0,,,
,0.0000000E+0,7.1845897E+0,0.0000000E+0,,,
,0.0000000E+0,7.1885900E+0,1.0000000E+0,,,
,0.0000000E+0,7.1925903E+0,1.0000000E+0,,,
,0.0000000E+0,7.1965907E+0,2.0000000E+0,,,
,0.0000000E+0,7.2005910E+0,1.0000000E+0,,,
,0.0000000E+0,7.2045913E+0,2.0000000E+0,,,
,0.0000000E+0,7.2085916E+0,3.0000000E+0,,,
,0.0000000E+0,7.2125920E+0,1.0000000E+0,,,
,0.0000000E+0,7.2165923E+0,0.0000000E+0,,,
,0.0000000E+0,7.2205926E+0,1.0000000E+0,,,
,0.0000000E+0,7.2245930E+0,1.0000000E+0,,,
,0.0000000E+0,7.2285933E+0,4.0000000E+0,,,
,0.0000000E+0,7.2325936E+0,3.0000000E+0,,,
,0.0000000E+0,7.2365939E+0,0.0000000E+0,,,
,0.0000000E+0,7.2405943E+0,1.0000000E+0,,,
,0.0000000E+0,7.2445946E+0,3.0000000E+0,,,
,0.0000000E+0,7.2485949E+0,1.0000000E+0,,,
,0.0000000E+0,7.2525953E+0,0.0000000E+0,,,
,0.0000000E+0,7.2565956E+0,0.0000000E+0,,,
,0.0000000E+0,7.2605959E+0,3.0000000E+0,,,
,0.0000000E+0,7.2645962E+0,1.0000000E+0,,,
,0.0000000E+0,7.2685966E+0,2.0000000E+0,,,
,0.0000000E+0,7.2725969E+0,0.0000000E+0,,,
,0.0000000E+0,7.2765972E+0,0.0000000E+0,,,
,0.0000000E+0,7.2805976E+0,1.0000000E+0,,,
,0.0000000E+0,7.2845979E+0,4.0000000E+0,,,
,0.0000000E+0,7.2885982E+0,0.0000000E+0,,,
,0.0000000E+0,7.2925985E+0,0.0000000E+0,,,
,0.0000000E+0,7.2965989E+0,3.0000000E+0,,,
,0.0000000E+0,7.3005992E+0,0.0000000E+0,,,
,0.0000000E+0,7.3045995E+0,2.0000000E+0,,,
,0.0000000E+0,7.3085999E+0,1.0000000E+0,,,
,0.0000000E+0,7.3126002E+0,1.0000000E+0,,,
,0.0000000E+0,7.3166005E+0,1.0000000E+0,,,
,0.0000000E+0,7.3206008E+0,1.0000000E+0,,,
,0.0000000E+0,7.3246012E+0,1.0000000E+0,,,
,0.0000000E+0,7.3286015E+0,2.0000000E+0,,,
,0.0000000E+0,7.3326018E+0,0.0000000E+0,,,
,0.0000000E+0,7.3366022E+0,0.0000000E+0,,,
,0.0000000E+0,7.3406025E+0,1.0000000E+0,,,
,0.0000000E+0,7.3446028E+0,0.0000000E+0,,,
,0.0000000E+0,7.3486031E+0,2.0000000E+0,,,
,0.0000000E+0,7.3526035E+0,1.0000000E+0,,,
,0.0000000E+0,7.3566038E+0,2.0000000E+0,,,
,0.0000000E+0,7.3606041E+0,0.0000000E+0,,,
,0.0000000E+0,7.3646045E+0,1.0000000E+0,,,
,0.0000000E+0,7.3686048E+0,1.0000000E+0,,,
,0.0000000E+0,7.3726051E+0,1.0000000E+0,,,
,0.0000000E+0,7.3766054E+0,0.0000000E+0,,,
,0.0000000E+0,7.3806058E+0,2.0000000E+0,,,
,0.0000000E+0,7.3846061E+0,0.0000000E+0,,,
,0.0000000E+0,7.3886064E+0,2.0000000E+0,,,
,0.0000000E+0,7.3926067E+0,1.0000000E+0,,,
,0.0000000E+0,7.3966071E+0,1.0000000E+0,,,
,0.0000000E+0,7.4006074E+0,0.0000000E+0,,,
,0.0000000E+0,7.4046077E+0,0.0000000E+0,,,
,0.0000000E+0,7.4086081E+0,0.0000000E+0,,,
,0.0000000E+0,7.4126084E+0,0.0000000E+0,,,
,0.0000000E+0,7.4166087E+0,1.0000000E+0,,,
,0.0000000E+0,7.4206090E+0,1.0000000E+0,,,
,0.0000000E+0,7.4246094E+0,2.0000000E+0,,,
,0.0000000E+0,7.4286097E+0,3.0000000E+0,,,
,0.0000000E+0,7.4326100E+0,1.0000000E+0,,,
,0.0000000E+0,7.4366104E+0,2.0000000E+0,,,
,0.0000000E+0,7.4406107E+0,2.0000000E+0,,,
,0.0000000E+0,7.4446110E+0,2.0000000E+0,,,
,0.0000000E+0,7.4486113E+0,2.0000000E+0,,,
,0.0000000E+0,7.4526117E+0,1.0000000E+0,,,
,0.0000000E+0,7.4566120E+0,3.0000000E+0,,,
,0.0000000E+0,7.4606123E+0,0.0000000E+0,,,
,0.0000000E+0,7.4646127E+0,2.0000000E+0,,,
,0.0000000E+0,7.4686130E+0,1.0000000E+0,,,
,0.0000000E+0,7.4726133E+0,4.0000000E+0,,,
,0.0000000E+0,7.4766136E+0,2.0000000E+0,,,
,0.0000000E+0,7.4806140E+0,0.0000000E+0,,,
,0.0000000E+0,7.4846143E+0,1.0000000E+0,,,
,0.0000000E+0,7.4886146E+0,5.0000000E+0,,,
,0.0000000E+0,7.4926150E+0,3.0000000E+0,,,
,0.0000000E+0,7.4966153E+0,1.0000000E+0,,,
,0.0000000E+0,7.5006156E+0,2.0000000E+0,,,
,0.0000000E+0,7.5046159E+0,2.0000000E+0,,,
,0.0000000E+0,7.5086163E+0,4.0000000E+0,,,
,0.0000000E+0,7.5126166E+0,5.0000000E+0,,,
,0.0000000E+0,7.5166169E+0,9.0000000E+0,,,
,0.0000000E+0,7.5206173E+0,6.0000000E+0,,,
,0.0000000E+0,7.5246176E+0,4.0000000E+0,,,
,0.0000000E+0,7.5286179E+0,6.0000000E+0,,,
,0.0000000E+0,7.5326182E+0,5.0000000E+0,,,
,0.0000000E+0,7.5366186E+0,4.0000000E+0,,,
,0.0000000E+0,7.5406189E+0,6.0000000E+0,,,
,0.0000000E+0,7.5446192E+0,3.0000000E+0,,,
,0.0000000E+0,7.5486196E+0,1.0000000E+1,,,
,0.0000000E+0,7.5526199E+0,3.0000000E+0,,,
,0.0000000E+0,7.5566202E+0,4.0000000E+0,,,
,0.0000000E+0,7.5606205E+0,1.0000000E+1,,,
,0.0000000E+0,7.5646209E+0,1.3000000E+1,,,
,0.0000000E+0,7.5686212E+0,1.2000000E+1,,,
,0.0000000E+0,7.5726215E+0,1.0000000E+1,,,
,0.0000000E+0,7.5766219E+0,1.0000000E+1,,,
,0.0000000E+0,7.5806222E+0,1.1000000E+1,,,
,0.0000000E+0,7.5846225E+0,8.0000000E+0,,,
,0.0000000E+0,7.5886228E+0,5.0000000E+0,,,
,0.0000000E+0,7.5926232E+0,1.8000000E+1,,,
,0.0000000E+0,7.5966235E+0,1.2000000E+1,,,
,0.0000000E+0,7.6006238E+0,3.0000000E+0,,,
,0.0000000E+0,7.6046242E+0,6.0000000E+0,,,
,0.0000000E+0,7.6086245E+0,1.2000000E+1,,,
,0.0000000E+0,7.6126248E+0,7.0000000E+0,,,
,0.0000000E+0,7.6166251E+0,7.0000000E+0,,,
,0.0000000E+0,7.6206255E+0,8.0000000E+0,,,
,0.0000000E+0,7.6246258E+0,5.0000000E+0,,,
,0.0000000E+0,7.6286261E+0,1.1000000E+1,,,
,0.0000000E+0,7.6326264E+0,1.5000000E+1,,,
,0.0000000E+0,7.6366268E+0,1.0000000E+1,,,
,0.0000000E+0,7.6406271E+0,9.0000000E+0,,,
,0.0000000E+0,7.6446274E+0,7.0000000E+0,,,
,0.0000000E+0,7.6486278E+0,8.0000000E+0,,,
,0.0000000E+0,7.6526281E+0,3.0000000E+0,,,
,0.0000000E+0,7.6566284E+0,8.0000000E+0,,,
,0.0000000E+0,7.6606287E+0,6.0000000E+0,,,
,0.0000000E+0,7.6646291E+0,8.0000000E+0,,,
,0.0000000E+0,7.6686294E+0,9.0000000E+0,,,
,0.0000000E+0,7.6726297E+0,6.0000000E+0,,,
,0.0000000E+0,7.6766301E+0,5.0000000E+0,,,
,0.0000000E+0,7.6806304E+0,8.0000000E+0,,,
,0.0000000E+0,7.6846307E+0,4.0000000E+0,,,
,0.0000000E+0,7.6886310E+0,7.0000000E+0,,,
,0.0000000E+0,7.6926314E+0,7.0000000E+0,,,
,0.0000000E+0,7.6966317E+0,5.0000000E+0,,,
,0.0000000E+0,7.7006320E+0,1.0000000E+1,,,
,0.0000000E+0,7.7046324E+0,7.0000000E+0,,,
,0.0000000E+0,7.7086327E+0,6.0000000E+0,,,
,0.0000000E+0,7.7126330E+0,8.0000000E+0,,,
,0.0000000E+0,7.7166333E+0,7.0000000E+0,,,
,0.0000000E+0,7.7206337E+0,3.0000000E+0,,,
,0.0000000E+0,7.7246340E+0,4.0000000E+0,,,
,0.0000000E+0,7.7286343E+0,9.0000000E+0,,,
,0.0000000E+0,7.7326347E+0,2.0000000E+0,,,
,0.0000000E+0,7.7366350E+0,5.0000000E+0,,,
,0.0000000E+0,7.7406353E+0,1.4000000E+1,,,
,0.0000000E+0,7.7446356E+0,7.0000000E+0,,,
,0.0000000E+0,7.7486360E+0,5.0000000E+0,,,
,0.0000000E+0,7.7526363E+0,7.0000000E+0,,,
,0.0000000E+0,7.7566366E+0,4.0000000E+0,,,
,0.0000000E+0,7.7606370E+0,9.0000000E+0,,,
,0.0000000E+0,7.7646373E+0,5.0000000E+0,,,
,0.0000000E+0,7.7686376E+0,8.0000000E+0,,,
,0.0000000E+0,7.7726379E+0,7.0000000E+0,,,
,0.0000000E+0,7.7766383E+0,8.0000000E+0,,,
,0.0000000E+0,7.7806386E+0,9.0000000E+0,,,
,0.0000000E+0,7.7846389E+0,3.0000000E+0,,,
,0.0000000E+0,7.7886393E+0,9.0000000E+0,,,
,0.0000000E+0,7.7926396E+0,4.0000000E+0,,,
,0.0000000E+0,7.7966399E+0,7.0000000E+0,,,
,0.0000000E+0,7.8006402E+0,8.0000000E+0,,,
,0.0000000E+0,7.8046406E+0,6.0000000E+0,,,
,0.0000000E+0,7.8086409E+0,5.0000000E+0,,,
,0.0000000E+0,7.8126412E+0,4.0000000E+0,,,
,0.0000000E+0,7.8166416E+0,6.0000000E+0,,,
,0.0000000E+0,7.8206419E+0,5.0000000E+0,,,
,0.0000000E+0,7.8246422E+0,8.0000000E+0,,,
,0.0000000E+0,7.8286425E+0,5.0000000E+0,,,
,0.0000000E+0,7.8326429E+0,2.0000000E+0,,,
,0.0000000E+0,7.8366432E+0,5.0000000E+0,,,
,0.0000000E+0,7.8406435E+0,3.0000000E+0,,,
,0.0000000E+0,7.8446439E+0,6.0000000E+0,,,
,0.0000000E+0,7.8486442E+0,4.0000000E+0,,,
,0.0000000E+0,7.8526445E+0,3.0000000E+0,,,
,0.0000000E+0,7.8566448E+0,4.0000000E+0,,,
,0.0000000E+0,7.8606452E+0,3.0000000E+0,,,
,0.0000000E+0,7.8646455E+0,5.0000000E+0,,,
,0.0000000E+0,7.8686458E+0,4.0000000E+0,,,
,0.0000000E+0,7.8726461E+0,3.0000000E+0,,,
,0.0000000E+0,7.8766465E+0,5.0000000E+0,,,
,0.0000000E+0,7.8806468E+0,7.0000000E+0,,,
,0.0000000E+0,7.8846471E+0,0.0000000E+0,,,
,0.0000000E+0,7.8886475E+0,6.0000000E+0,,,
,0.0000000E+0,7.8926478E+0,3.0000000E+0,,,
,0.0000000E+0,7.8966481E+0,4.0000000E+0,,,
,0.0000000E+0,7.9006484E+0,2.0000000E+0,,,
,0.0000000E+0,7.9046488E+0,5.0000000E+0,,,
,0.0000000E+0,7.9086491E+0,3.0000000E+0,,,
,0.0000000E+0,7.9126494E+0,6.0000000E+0,,,
,0.0000000E+0,7.9166498E+0,2.0000000E+0,,,
,0.0000000E+0,7.9206501E+0,4.0000000E+0,,,
,0.0000000E+0,7.9246504E+0,6.0000000E+0,,,
,0.0000000E+0,7.9286507E+0,3.0000000E+0,,,
,0.0000000E+0,7.9326511E+0,6.0000000E+0,,,
,0.0000000E+0,7.9366514E+0,1.0000000E+0,,,
,0.0000000E+0,7.9406517E+0,2.0000000E+0,,,
,0.0000000E+0,7.9446521E+0,3.0000000E+0,,,
,0.0000000E+0,7.9486524E+0,0.0000000E+0,,,
,0.0000000E+0,7.9526527E+0,4.0000000E+0,,,
,0.0000000E+0,7.9566530E+0,2.0000000E+0,,,
,0.0000000E+0,7.9606534E+0,4.0000000E+0,,,
,0.0000000E+0,7.9646537E+0,1.0000000E+0,,,
,0.0000000E+0,7.9686540E+0,1.0000000E+0,,,
,0.0000000E+0,7.9726544E+0,2.0000000E+0,,,
,0.0000000E+0,7.9766547E+0,5.0000000E+0,,,
,0.0000000E+0,7.9806550E+0,2.0000000E+0,,,
,0.0000000E+0,7.9846553E+0,2.0000000E+0,,,
,0.0000000E+0,7.9886557E+0,3.0000000E+0,,,
,0.0000000E+0,7.9926560E+0,2.0000000E+0,,,
,0.0000000E+0,7.9966563E+0,2.0000000E+0,,,
,0.0000000E+0,8.0006567E+0,3.0000000E+0,,,
,0.0000000E+0,8.0046570E+0,3.0000000E+0,,,
,0.0000000E+0,8.0086573E+0,1.0000000E+0,,,
,0.0000000E+0,8.0126576E+0,3.0000000E+0,,,
,0.0000000E+0,8.0166580E+0,3.0000000E+0,,,
,0.0000000E+0,8.0206583E+0,2.0000000E+0,,,
,0.0000000E+0,8.0246586E+0,2.0000000E+0,,,
,0.0000000E+0,8.0286590E+0,3.0000000E+0,,,
,0.0000000E+0,8.0326593E+0,2.0000000E+0,,,
,0.0000000E+0,8.0366596E+0,5.0000000E+0,,,
,0.0000000E+0,8.0406599E+0,2.0000000E+0,,,
,0.0000000E+0,8.0446603E+0,3.0000000E+0,,,
,0.0000000E+0,8.0486606E+0,3.0000000E+0,,,
,0.0000000E+0,8.0526609E+0,2.0000000E+0,,,
,0.0000000E+0,8.0566613E+0,3.0000000E+0,,,
,0.0000000E+0,8.0606616E+0,3.0000000E+0,,,
,0.0000000E+0,8.0646619E+0,3.0000000E+0,,,
,0.0000000E+0,8.0686622E+0,3.0000000E+0,,,
,0.0000000E+0,8.0726626E+0,5.0000000E+0,,,
,0.0000000E+0,8.0766629E+0,2.0000000E+0,,,
,0.0000000E+0,8.0806632E+0,4.0000000E+0,,,
,0.0000000E+0,8.0846636E+0,3.0000000E+0,,,
,0.0000000E+0,8.0886639E+0,3.0000000E+0,,,
,0.0000000E+0,8.0926642E+0,1.0000000E+0,,,
,0.0000000E+0,8.0966645E+0,0.0000000E+0,,,
,0.0000000E+0,8.1006649E+0,1.0000000E+0,,,
,0.0000000E+0,8.1046652E+0,0.0000000E+0,,,
,0.0000000E+0,8.1086655E+0,4.0000000E+0,,,
,0.0000000E+0,8.1126658E+0,1.0000000E+0,,,
,0.0000000E+0,8.1166662E+0,3.0000000E+0,,,
,0.0000000E+0,8.1206665E+0,2.0000000E+0,,,
,0.0000000E+0,8.1246668E+0,0.0000000E+0,,,
,0.0000000E+0,8.1286672E+0,3.0000000E+0,,,
,0.0000000E+0,8.1326675E+0,1.0000000E+0,,,
,0.0000000E+0,8.1366678E+0,0.0000000E+0,,,
,0.0000000E+0,8.1406681E+0,2.0000000E+0,,,
,0.0000000E+0,8.1446685E+0,3.0000000E+0,,,
,0.0000000E+0,8.1486688E+0,1.0000000E+0,,,
,0.0000000E+0,8.1526691E+0,0.0000000E+0,,,
,0.0000000E+0,8.1566695E+0,0.0000000E+0,,,
,0.0000000E+0,8.1606698E+0,2.0000000E+0,,,
,0.0000000E+0,8.1646701E+0,1.0000000E+0,,,
,0.0000000E+0,8.1686704E+0,1.0000000E+0,,,
,0.0000000E+0,8.1726708E+0,1.0000000E+0,,,
,0.0000000E+0,8.1766711E+0,1.0000000E+0,,,
,0.0000000E+0,8.1806714E+0,4.0000000E+0,,,
,0.0000000E+0,8.1846718E+0,2.0000000E+0,,,
,0.0000000E+0,8.1886721E+0,2.0000000E+0,,,
,0.0000000E+0,8.1926724E+0,2.0000000E+0,,,
,0.0000000E+0,8.1966727E+0,2.0000000E+0,,,
,0.0000000E+0,8.2006731E+0,5.0000000E+0,,,
,0.0000000E+0,8.2046734E+0,2.0000000E+0,,,
,0.0000000E+0,8.2086737E+0,1.0000000E+0,,,
,0.0000000E+0,8.2126741E+0,1.0000000E+0,,,
,0.0000000E+0,8.2166744E+0,1.0000000E+0,,,
,0.0000000E+0,8.2206747E+0,2.0000000E+0,,,
,0.0000000E+0,8.2246750E+0,2.0000000E+0,,,
,0.0000000E+0,8.2286754E+0,1.0000000E+0,,,
,0.0000000E+0,8.2326757E+0,1.0000000E+0,,,
,0.0000000E+0,8.2366760E+0,2.0000000E+0,,,
,0.0000000E+0,8.2406764E+0,5.0000000E+0,,,
,0.0000000E+0,8.2446767E+0,3.0000000E+0,,,
,0.0000000E+0,8.2486770E+0,1.0000000E+0,,,
,0.0000000E+0,8.2526773E+0,1.0000000E+0,,,
,0.0000000E+0,8.2566777E+0,2.0000000E+0,,,
,0.0000000E+0,8.2606780E+0,0.0000000E+0,,,
,0.0000000E+0,8.2646783E+0,1.0000000E+0,,,
,0.0000000E+0,8.2686787E+0,4.0000000E+0,,,
,0.0000000E+0,8.2726790E+0,1.0000000E+0,,,
,0.0000000E+0,8.2766793E+0,3.0000000E+0,,,
,0.0000000E+0,8.2806796E+0,1.0000000E+0,,,
,0.0000000E+0,8.2846800E+0,3.0000000E+0,,,
,0.0000000E+0,8.2886803E+0,2.0000000E+0,,,
,0.0000000E+0,8.2926806E+0,0.0000000E+0,,,
,0.0000000E+0,8.2966810E+0,0.0000000E+0,,,
,0.0000000E+0,8.3006813E+0,0.0000000E+0,,,
,0.0000000E+0,8.3046816E+0,1.0000000E+0,,,
,0.0000000E+0,8.3086819E+0,0.0000000E+0,,,
,0.0000000E+0,8.3126823E+0,0.0000000E+0,,,
,0.0000000E+0,8.3166826E+0,3.0000000E+0,,,
,0.0000000E+0,8.3206829E+0,3.0000000E+0,,,
,0.0000000E+0,8.3246833E+0,5.0000000E+0,,,
,0.0000000E+0,8.3286836E+0,4.0000000E+0,,,
,0.0000000E+0,8.3326839E+0,1.0000000E+0,,,
,0.0000000E+0,8.3366842E+0,1.0000000E+0,,,
,0.0000000E+0,8.3406846E+0,1.0000000E+0,,,
,0.0000000E+0,8.3446849E+0,1.0000000E+0,,,
,0.0000000E+0,8.3486852E+0,2.0000000E+0,,,
,0.0000000E+0,8.3526855E+0,5.0000000E+0,,,
,0.0000000E+0,8.3566859E+0,0.0000000E+0,,,
,0.0000000E+0,8.3606862E+0,3.0000000E+0,,,
,0.0000000E+0,8.3646865E+0,0.0000000E+0,,,
,0.0000000E+0,8.3686869E+0,2.0000000E+0,,,
,0.0000000E+0,8.3726872E+0,4.0000000E+0,,,
,0.0000000E+0,8.3766875E+0,0.0000000E+0,,,
,0.0000000E+0,8.3806878E+0,0.0000000E+0,,,
,0.0000000E+0,8.3846882E+0,1.0000000E+0,,,
,0.0000000E+0,8.3886885E+0,2.0000000E+0,,,
,0.0000000E+0,8.3926888E+0,0.0000000E+0,,,
,0.0000000E+0,8.3966892E+0,1.0000000E+0,,,
,0.0000000E+0,8.4006895E+0,2.0000000E+0,,,
,0.0000000E+0,8.4046898E+0,2.0000000E+0,,,
,0.0000000E+0,8.4086901E+0,1.0000000E+0,,,
,0.0000000E+0,8.4126905E+0,1.0000000E+0,,,
,0.0000000E+0,8.4166908E+0,0.0000000E+0,,,
,0.0000000E+0,8.4206911E+0,1.0000000E+0,,,
,0.0000000E+0,8.4246915E+0,2.0000000E+0,,,
,0.0000000E+0,8.4286918E+0,0.0000000E+0,,,
,0.0000000E+0,8.4326921E+0,1.0000000E+0,,,
,0.0000000E+0,8.4366924E+0,3.0000000E+0,,,
,0.0000000E+0,8.4406928E+0,3.0000000E+0,,,
,0.0000000E+0,8.4446931E+0,3.0000000E+0,,,
,0.0000000E+0,8.4486934E+0,0.0000000E+0,,,
,0.0000000E+0,8.4526938E+0,2.0000000E+0,,,
,0.0000000E+0,8.4566941E+0,1.0000000E+0,,,
,0.0000000E+0,8.4606944E+0,1.0000000E+0,,,
,0.0000000E+0,8.4646947E+0,2.0000000E+0,,,
,0.0000000E+0,8.4686951E+0,2.0000000E+0,,,
,0.0000000E+0,8.4726954E+0,0.0000000E+0,,,
,0.0000000E+0,8.4766957E+0,1.0000000E+0,,,
,0.0000000E+0,8.4806961E+0,1.0000000E+0,,,
,0.0000000E+0,8.4846964E+0,2.0000000E+0,,,
,0.0000000E+0,8.4886967E+0,2.0000000E+0,,,
,0.0000000E+0,8.4926970E+0,2.0000000E+0,,,
,0.0000000E+0,8.4966974E+0,3.0000000E+0,,,
,0.0000000E+0,8.5006977E+0,1.0000000E+0,,,
,0.0000000E+0,8.5046980E+0,0.0000000E+0,,,
,0.0000000E+0,8.5086984E+0,0.0000000E+0,,,
,0.0000000E+0,8.5126987E+0,1.0000000E+0,,,
,0.0000000E+0,8.5166990E+0,1.0000000E+0,,,
,0.0000000E+0,8.5206993E+0,1.0000000E+0,,,
,0.0000000E+0,8.5246997E+0,0.0000000E+0,,,
,0.0000000E+0,8.5287000E+0,1.0000000E+0,,,
,0.0000000E+0,8.5327003E+0,0.0000000E+0,,,
,0.0000000E+0,8.5367007E+0,2.0000000E+0,,,
,0.0000000E+0,8.5407010E+0,1.0000000E+0,,,
,0.0000000E+0,8.5447013E+0,1.0000000E+0,,,
,0.0000000E+0,8.5487016E+0,0.0000000E+0,,,
,0.0000000E+0,8.5527020E+0,0.0000000E+0,,,
,0.0000000E+0,8.5567023E+0,0.0000000E+0,,,
,0.0000000E+0,8.5607026E+0,0.0000000E+0,,,
,0.0000000E+0,8.5647029E+0,2.0000000E+0,,,
,0.0000000E+0,8.5687033E+0,1.0000000E+0,,,
,0.0000000E+0,8.5727036E+0,1.0000000E+0,,,
,0.0000000E+0,8.5767039E+0,2.0000000E+0,,,
,0.0000000E+0,8.5807043E+0,0.0000000E+0,,,
,0.0000000E+0,8.5847046E+0,2.0000000E+0,,,
,0.0000000E+0,8.5887049E+0,0.0000000E+0,,,
,0.0000000E+0,8.5927052E+0,0.0000000E+0,,,
,0.0000000E+0,8.5967056E+0,2.0000000E+0,,,
,0.0000000E+0,8.6007059E+0,1.0000000E+0,,,
,0.0000000E+0,8.6047062E+0,0.0000000E+0,,,
,0.0000000E+0,8.6087066E+0,0.0000000E+0,,,
,0.0000000E+0,8.6127069E+0,1.0000000E+0,,,
,0.0000000E+0,8.6167072E+0,2.0000000E+0,,,
,0.0000000E+0,8.6207075E+0,1.0000000E+0,,,
,0.0000000E+0,8.6247079E+0,0.0000000E+0,,,
,0.0000000E+0,8.6287082E+0,0.0000000E+0,,,
,0.0000000E+0,8.6327085E+0,1.0000000E+0,,,
,0.0000000E+0,8.6367089E+0,0.0000000E+0,,,
,0.0000000E+0,8.6407092E+0,3.0000000E+0,,,
,0.0000000E+0,8.6447095E+0,1.0000000E+0,,,
,0.0000000E+0,8.6487098E+0,0.0000000E+0,,,
,0.0000000E+0,8.6527102E+0,0.0000000E+0,,,
,0.0000000E+0,8.6567105E+0,1.0000000E+0,,,
,0.0000000E+0,8.6607108E+0,0.0000000E+0,,,
,0.0000000E+0,8.6647112E+0,0.0000000E+0,,,
,0.0000000E+0,8.6687115E+0,0.0000000E+0,,,
,0.0000000E+0,8.6727118E+0,1.0000000E+0,,,
,0.0000000E+0,8.6767121E+0,1.0000000E+0,,,
,0.0000000E+0,8.6807125E+0,0.0000000E+0,,,
,0.0000000E+0,8.6847128E+0,1.0000000E+0,,,
,0.0000000E+0,8.6887131E+0,1.0000000E+0,,,
,0.0000000E+0,8.6927135E+0,1.0000000E+0,,,
,0.0000000E+0,8.6967138E+0,2.0000000E+0,,,
,0.0000000E+0,8.7007141E+0,0.0000000E+0,,,
,0.0000000E+0,8.7047144E+0,0.0000000E+0,,,
,0.0000000E+0,8.7087148E+0,0.0000000E+0,,,
,0.0000000E+0,8.7127151E+0,1.0000000E+0,,,
,0.0000000E+0,8.7167154E+0,0.0000000E+0,,,
,0.0000000E+0,8.7207158E+0,0.0000000E+0,,,
,0.0000000E+0,8.7247161E+0,1.0000000E+0,,,
,0.0000000E+0,8.7287164E+0,0.0000000E+0,,,
,0.0000000E+0,8.7327167E+0,0.0000000E+0,,,
,0.0000000E+0,8.7367171E+0,0.0000000E+0,,,
,0.0000000E+0,8.7407174E+0,0.0000000E+0,,,
,0.0000000E+0,8.7447177E+0,0.0000000E+0,,,
,0.0000000E+0,8.7487181E+0,1.0000000E+0,,,
,0.0000000E+0,8.7527184E+0,0.0000000E+0,,,
,0.0000000E+0,8.7567187E+0,0.0000000E+0,,,
,0.0000000E+0,8.7607190E+0,0.0000000E+0,,,
,0.0000000E+0,8.7647194E+0,2.0000000E+0,,,
,0.0000000E+0,8.7687197E+0,1.0000000E+0,,,
,0.0000000E+0,8.7727200E+0,0.0000000E+0,,,
,0.0000000E+0,8.7767204E+0,0.0000000E+0,,,
,0.0000000E+0,8.7807207E+0,1.0000000E+0,,,
,0.0000000E+0,8.7847210E+0,2.0000000E+0,,,
,0.0000000E+0,8.7887213E+0,1.0000000E+0,,,
,0.0000000E+0,8.7927217E+0,0.0000000E+0,,,
,0.0000000E+0,8.7967220E+0,0.0000000E+0,,,
,0.0000000E+0,8.8007223E+0,0.0000000E+0,,,
,0.0000000E+0,8.8047226E+0,0.0000000E+0,,,
,0.0000000E+0,8.8087230E+0,0.0000000E+0,,,
,0.0000000E+0,8.8127233E+0,1.0000000E+0,,,
,0.0000000E+0,8.8167236E+0,0.0000000E+0,,,
,0.0000000E+0,8.8207240E+0,1.0000000E+0,,,
,0.0000000E+0,8.8247243E+0,0.0000000E+0,,,
,0.0000000E+0,8.8287246E+0,0.0000000E+0,,,
,0.0000000E+0,8.8327249E+0,0.0000000E+0,,,
,0.0000000E+0,8.8367253E+0,0.0000000E+0,,,
,0.0000000E+0,8.8407256E+0,1.0000000E+0,,,
,0.0000000E+0,8.8447259E+0,0.0000000E+0,,,
,0.0000000E+0,8.8487263E+0,2.0000000E+0,,,
,0.0000000E+0,8.8527266E+0,0.0000000E+0,,,
,0.0000000E+0,8.8567269E+0,1.0000000E+0,,,
,0.0000000E+0,8.8607272E+0,0.0000000E+0,,,
,0.0000000E+0,8.8647276E+0,1.0000000E+0,,,
,0.0000000E+0,8.8687279E+0,0.0000000E+0,,,
,0.0000000E+0,8.8727282E+0,0.0000000E+0,,,
,0.0000000E+0,8.8767286E+0,1.0000000E+0,,,
,0.0000000E+0,8.8807289E+0,0.0000000E+0,,,
,0.0000000E+0,8.8847292E+0,1.0000000E+0,,,
,0.0000000E+0,8.8887295E+0,0.0000000E+0,,,
,0.0000000E+0,8.8927299E+0,0.0000000E+0,,,
,0.0000000E+0,8.8967302E+0,0.0000000E+0,,,
,0.0000000E+0,8.9007305E+0,0.0000000E+0,,,
,0.0000000E+0,8.9047309E+0,0.0000000E+0,,,
,0.0000000E+0,8.9087312E+0,2.0000000E+0,,,
,0.0000000E+0,8.9127315E+0,0.0000000E+0,,,
,0.0000000E+0,8.9167318E+0,0.0000000E+0,,,
,0.0000000E+0,8.9207322E+0,0.0000000E+0,,,
,0.0000000E+0,8.9247325E+0,0.0000000E+0,,,
,0.0000000E+0,8.9287328E+0,0.0000000E+0,,,
,0.0000000E+0,8.9327332E+0,0.0000000E+0,,,
,0.0000000E+0,8.9367335E+0,1.0000000E+0,,,
,0.0000000E+0,8.9407338E+0,0.0000000E+0,,,
,0.0000000E+0,8.9447341E+0,0.0000000E+0,,,
,0.0000000E+0,8.9487345E+0,0.0000000E+0,,,
,0.0000000E+0,8.9527348E+0,0.0000000E+0,,,
,0.0000000E+0,8.9567351E+0,1.0000000E+0,,,
,0.0000000E+0,8.9607355E+0,0.0000000E+0,,,
,0.0000000E+0,8.9647358E+0,0.0000000E+0,,,
,0.0000000E+0,8.9687361E+0,0.0000000E+0,,,
,0.0000000E+0,8.9727364E+0,0.0000000E+0,,,
,0.0000000E+0,8.9767368E+0,0.0000000E+0,,,
,0.0000000E+0,8.9807371E+0,0.0000000E+0,,,
,0.0000000E+0,8.9847374E+0,0.0000000E+0,,,
,0.0000000E+0,8.9887378E+0,1.0000000E+0,,,
,0.0000000E+0,8.9927381E+0,1.0000000E+0,,,
,0.0000000E+0,8.9967384E+0,1.0000000E+0,,,
,0.0000000E+0,9.0007387E+0,0.0000000E+0,,,
,0.0000000E+0,9.0047391E+0,0.0000000E+0,,,
,0.0000000E+0,9.0087394E+0,1.0000000E+0,,,
,0.0000000E+0,9.0127397E+0,1.0000000E+0,,,
,0.0000000E+0,9.0167401E+0,1.0000000E+0,,,
,0.0000000E+0,9.0207404E+0,0.0000000E+0,,,
,0.0000000E+0,9.0247407E+0,0.0000000E+0,,,
,0.0000000E+0,9.0287410E+0,1.0000000E+0,,,
,0.0000000E+0,9.0327414E+0,0.0000000E+0,,,
,0.0000000E+0,9.0367417E+0,0.0000000E+0,,,
,0.0000000E+0,9.0407420E+0,0.0000000E+0,,,
,0.0000000E+0,9.0447423E+0,0.0000000E+0,,,
,0.0000000E+0,9.0487427E+0,0.0000000E+0,,,
,0.0000000E+0,9.0527430E+0,2.0000000E+0,,,
,0.0000000E+0,9.0567433E+0,0.0000000E+0,,,
,0.0000000E+0,9.0607437E+0,1.0000000E+0,,,
,0.0000000E+0,9.0647440E+0,1.0000000E+0,,,
,0.0000000E+0,9.0687443E+0,0.0000000E+0,,,
,0.0000000E+0,9.0727446E+0,0.0000000E+0,,,
,0.0000000E+0,9.0767450E+0,0.0000000E+0,,,
,0.0000000E+0,9.0807453E+0,0.0000000E+0,,,
,0.0000000E+0,9.0847456E+0,0.0000000E+0,,,
,0.0000000E+0,9.0887460E+0,0.0000000E+0,,,
,0.0000000E+0,9.0927463E+0,0.0000000E+0,,,
,0.0000000E+0,9.0967466E+0,0.0000000E+0,,,
,0.0000000E+0,9.1007469E+0,1.0000000E+0,,,
,0.0000000E+0,9.1047473E+0,0.0000000E+0,,,
,0.0000000E+0,9.1087476E+0,0.0000000E+0,,,
,0.0000000E+0,9.1127479E+0,1.0000000E+0,,,
,0.0000000E+0,9.1167483E+0,0.0000000E+0,,,
,0.0000000E+0,9.1207486E+0,0.0000000E+0,,,
,0.0000000E+0,9.1247489E+0,0.0000000E+0,,,
,0.0000000E+0,9.1287492E+0,1.0000000E+0,,,
,0.0000000E+0,9.1327496E+0,0.0000000E+0,,,
,0.0000000E+0,9.1367499E+0,0.0000000E+0,,,
,0.0000000E+0,9.1407502E+0,0.0000000E+0,,,
,0.0000000E+0,9.1447506E+0,1.0000000E+0,,,
,0.0000000E+0,9.1487509E+0,1.0000000E+0,,,
,0.0000000E+0,9.1527512E+0,0.0000000E+0,,,
,0.0000000E+0,9.1567515E+0,0.0000000E+0,,,
,0.0000000E+0,9.1607519E+0,1.0000000E+0,,,
,0.0000000E+0,9.1647522E+0,0.0000000E+0,,,
,0.0000000E+0,9.1687525E+0,0.0000000E+0,,,
,0.0000000E+0,9.1727529E+0,0.0000000E+0,,,
,0.0000000E+0,9.1767532E+0,1.0000000E+0,,,
,0.0000000E+0,9.1807535E+0,0.0000000E+0,,,
,0.0000000E+0,9.1847538E+0,0.0000000E+0,,,
,0.0000000E+0,9.1887542E+0,0.0000000E+0,,,
,0.0000000E+0,9.1927545E+0,1.0000000E+0,,,
,0.0000000E+0,9.1967548E+0,0.0000000E+0,,,
,0.0000000E+0,9.2007552E+0,0.0000000E+0,,,
,0.0000000E+0,9.2047555E+0,1.0000000E+0,,,
,0.0000000E+0,9.2087558E+0,0.0000000E+0,,,
,0.0000000E+0,9.2127561E+0,0.0000000E+0,,,
,0.0000000E+0,9.2167565E+0,0.0000000E+0,,,
,0.0000000E+0,9.2207568E+0,1.0000000E+0,,,
,0.0000000E+0,9.2247571E+0,0.0000000E+0,,,
,0.0000000E+0,9.2287575E+0,0.0000000E+0,,,
,0.0000000E+0,9.2327578E+0,1.0000000E+0,,,
,0.0000000E+0,9.2367581E+0,0.0000000E+0,,,
,0.0000000E+0,9.2407584E+0,0.0000000E+0,,,
,0.0000000E+0,9.2447588E+0,0.0000000E+0,,,
,0.0000000E+0,9.2487591E+0,0.0000000E+0,,,
,0.0000000E+0,9.2527594E+0,1.0000000E+0,,,
,0.0000000E+0,9.2567598E+0,0.0000000E+0,,,
,0.0000000E+0,9.2607601E+0,0.0000000E+0,,,
,0.0000000E+0,9.2647604E+0,0.0000000E+0,,,
,0.0000000E+0,9.2687607E+0,1.0000000E+0,,,
,0.0000000E+0,9.2727611E+0,0.0000000E+0,,,
,0.0000000E+0,9.2767614E+0,0.0000000E+0,,,
,0.0000000E+0,9.2807617E+0,2.0000000E+0,,,
,0.0000000E+0,9.2847620E+0,0.0000000E+0,,,
,0.0000000E+0,9.2887624E+0,0.0000000E+0,,,
,0.0000000E+0,9.2927627E+0,0.0000000E+0,,,
,0.0000000E+0,9.2967630E+0,0.0000000E+0,,,
,0.0000000E+0,9.3007634E+0,1.0000000E+0,,,
,0.0000000E+0,9.3047637E+0,0.0000000E+0,,,
,0.0000000E+0,9.3087640E+0,0.0000000E+0,,,
,0.0000000E+0,9.3127643E+0,0.0000000E+0,,,
,0.0000000E+0,9.3167647E+0,0.0000000E+0,,,
,0.0000000E+0,9.3207650E+0,0.0000000E+0,,,
,0.0000000E+0,9.3247653E+0,0.0000000E+0,,,
,0.0000000E+0,9.3287657E+0,0.0000000E+0,,,
,0.0000000E+0,9.3327660E+0,1.0000000E+0,,,
,0.0000000E+0,9.3367663E+0,0.0000000E+0,,,
,0.0000000E+0,9.3407666E+0,0.0000000E+0,,,
,0.0000000E+0,9.3447670E+0,0.0000000E+0,,,
,0.0000000E+0,9.3487673E+0,0.0000000E+0,,,
,0.0000000E+0,9.3527676E+0,0.0000000E+0,,,
,0.0000000E+0,9.3567680E+0,0.0000000E+0,,,
,0.0000000E+0,9.3607683E+0,1.0000000E+0,,,
,0.0000000E+0,9.3647686E+0,0.0000000E+0,,,
,0.0000000E+0,9.3687689E+0,0.0000000E+0,,,
,0.0000000E+0,9.3727693E+0,2.0000000E+0,,,
,0.0000000E+0,9.3767696E+0,0.0000000E+0,,,
,0.0000000E+0,9.3807699E+0,0.0000000E+0,,,
,0.0000000E+0,9.3847703E+0,0.0000000E+0,,,
,0.0000000E+0,9.3887706E+0,0.0000000E+0,,,
,0.0000000E+0,9.3927709E+0,0.0000000E+0,,,
,0.0000000E+0,9.3967712E+0,0.0000000E+0,,,
,0.0000000E+0,9.4007716E+0,0.0000000E+0,,,
,0.0000000E+0,9.4047719E+0,0.0000000E+0,,,
,0.0000000E+0,9.4087722E+0,0.0000000E+0,,,
,0.0000000E+0,9.4127726E+0,0.0000000E+0,,,
,0.0000000E+0,9.4167729E+0,1.0000000E+0,,,
,0.0000000E+0,9.4207732E+0,0.0000000E+0,,,
,0.0000000E+0,9.4247735E+0,1.0000000E+0,,,
,0.0000000E+0,9.4287739E+0,1.0000000E+0,,,
,0.0000000E+0,9.4327742E+0,0.0000000E+0,,,
,0.0000000E+0,9.4367745E+0,0.0000000E+0,,,
,0.0000000E+0,9.4407749E+0,0.0000000E+0,,,
,0.0000000E+0,9.4447752E+0,1.0000000E+0,,,
,0.0000000E+0,9.4487755E+0,0.0000000E+0,,,
,0.0000000E+0,9.4527758E+0,0.0000000E+0,,,
,0.0000000E+0,9.4567762E+0,0.0000000E+0,,,
,0.0000000E+0,9.4607765E+0,0.0000000E+0,,,
,0.0000000E+0,9.4647768E+0,1.0000000E+0,,,
,0.0000000E+0,9.4687772E+0,0.0000000E+0,,,
,0.0000000E+0,9.4727775E+0,0.0000000E+0,,,
,0.0000000E+0,9.4767778E+0,0.0000000E+0,,,
,0.0000000E+0,9.4807781E+0,0.0000000E+0,,,
,0.0000000E+0,9.4847785E+0,0.0000000E+0,,,
,0.0000000E+0,9.4887788E+0,0.0000000E+0,,,
,0.0000000E+0,9.4927791E+0,0.0000000E+0,,,
,0.0000000E+0,9.4967795E+0,0.0000000E+0,,,
,0.0000000E+0,9.5007798E+0,0.0000000E+0,,,
,0.0000000E+0,9.5047801E+0,0.0000000E+0,,,
,0.0000000E+0,9.5087804E+0,0.0000000E+0,,,
,0.0000000E+0,9.5127808E+0,0.0000000E+0,,,
,0.0000000E+0,9.5167811E+0,0.0000000E+0,,,
,0.0000000E+0,9.5207814E+0,0.0000000E+0,,,
,0.0000000E+0,9.5247817E+0,0.0000000E+0,,,
,0.0000000E+0,9.5287821E+0,1.0000000E+0,,,
,0.0000000E+0,9.5327824E+0,0.0000000E+0,,,
,0.0000000E+0,9.5367827E+0,1.0000000E+0,,,
,0.0000000E+0,9.5407831E+0,0.0000000E+0,,,
,0.0000000E+0,9.5447834E+0,1.0000000E+0,,,
,0.0000000E+0,9.5487837E+0,0.0000000E+0,,,
,0.0000000E+0,9.5527840E+0,0.0000000E+0,,,
,0.0000000E+0,9.5567844E+0,0.0000000E+0,,,
,0.0000000E+0,9.5607847E+0,1.0000000E+0,,,
,0.0000000E+0,9.5647850E+0,0.0000000E+0,,,
,0.0000000E+0,9.5687854E+0,0.0000000E+0,,,
,0.0000000E+0,9.5727857E+0,0.0000000E+0,,,
,0.0000000E+0,9.5767860E+0,0.0000000E+0,,,
,0.0000000E+0,9.5807863E+0,0.0000000E+0,,,
,0.0000000E+0,9.5847867E+0,0.0000000E+0,,,
,0.0000000E+0,9.5887870E+0,0.0000000E+0,,,
,0.0000000E+0,9.5927873E+0,0.0000000E+0,,,
,0.0000000E+0,9.5967877E+0,1.0000000E+0,,,
,0.0000000E+0,9.6007880E+0,0.0000000E+0,,,
,0.0000000E+0,9.6047883E+0,0.0000000E+0,,,
,0.0000000E+0,9.6087886E+0,0.0000000E+0,,,
,0.0000000E+0,9.6127890E+0,0.0000000E+0,,,
,0.0000000E+0,9.6167893E+0,0.0000000E+0,,,
,0.0000000E+0,9.6207896E+0,0.0000000E+0,,,
,0.0000000E+0,9.6247900E+0,1.0000000E+0,,,
,0.0000000E+0,9.6287903E+0,1.0000000E+0,,,
,0.0000000E+0,9.6327906E+0,0.0000000E+0,,,
,0.0000000E+0,9.6367909E+0,0.0000000E+0,,,
,0.0000000E+0,9.6407913E+0,0.0000000E+0,,,
,0.0000000E+0,9.6447916E+0,0.0000000E+0,,,
,0.0000000E+0,9.6487919E+0,1.0000000E+0,,,
,0.0000000E+0,9.6527923E+0,0.0000000E+0,,,
,0.0000000E+0,9.6567926E+0,0.0000000E+0,,,
,0.0000000E+0,9.6607929E+0,0.0000000E+0,,,
,0.0000000E+0,9.6647932E+0,0.0000000E+0,,,
,0.0000000E+0,9.6687936E+0,0.0000000E+0,,,
,0.0000000E+0,9.6727939E+0,0.0000000E+0,,,
,0.0000000E+0,9.6767942E+0,0.0000000E+0,,,
,0.0000000E+0,9.6807946E+0,0.0000000E+0,,,
,0.0000000E+0,9.6847949E+0,0.0000000E+0,,,
,0.0000000E+0,9.6887952E+0,0.0000000E+0,,,
,0.0000000E+0,9.6927955E+0,0.0000000E+0,,,
,0.0000000E+0,9.6967959E+0,0.0000000E+0,,,
,0.0000000E+0,9.7007962E+0,0.0000000E+0,,,
,0.0000000E+0,9.7047965E+0,0.0000000E+0,,,
,0.0000000E+0,9.7087969E+0,1.0000000E+0,,,
,0.0000000E+0,9.7127972E+0,0.0000000E+0,,,
,0.0000000E+0,9.7167975E+0,0.0000000E+0,,,
,0.0000000E+0,9.7207978E+0,0.0000000E+0,,,
,0.0000000E+0,9.7247982E+0,0.0000000E+0,,,
,0.0000000E+0,9.7287985E+0,0.0000000E+0,,,
,0.0000000E+0,9.7327988E+0,0.0000000E+0,,,
,0.0000000E+0,9.7367991E+0,0.0000000E+0,,,
,0.0000000E+0,9.7407995E+0,0.0000000E+0,,,
,0.0000000E+0,9.7447998E+0,0.0000000E+0,,,
,0.0000000E+0,9.7488001E+0,0.0000000E+0,,,
,0.0000000E+0,9.7528005E+0,0.0000000E+0,,,
,0.0000000E+0,9.7568008E+0,0.0000000E+0,,,
,0.0000000E+0,9.7608011E+0,0.0000000E+0,,,
,0.0000000E+0,9.7648014E+0,0.0000000E+0,,,
,0.0000000E+0,9.7688018E+0,0.0000000E+0,,,
,0.0000000E+0,9.7728021E+0,0.0000000E+0,,,
,0.0000000E+0,9.7768024E+0,0.0000000E+0,,,
,0.0000000E+0,9.7808028E+0,0.0000000E+0,,,
,0.0000000E+0,9.7848031E+0,0.0000000E+0,,,
,0.0000000E+0,9.7888034E+0,0.0000000E+0,,,
,0.0000000E+0,9.7928037E+0,0.0000000E+0,,,
,0.0000000E+0,9.7968041E+0,0.0000000E+0,,,
,0.0000000E+0,9.8008044E+0,0.0000000E+0,,,
,0.0000000E+0,9.8048047E+0,1.0000000E+0,,,
,0.0000000E+0,9.8088051E+0,0.0000000E+0,,,
,0.0000000E+0,9.8128054E+0,0.0000000E+0,,,
,0.0000000E+0,9.8168057E+0,0.0000000E+0,,,
,0.0000000E+0,9.8208060E+0,0.0000000E+0,,,
,0.0000000E+0,9.8248064E+0,0.0000000E+0,,,
,0.0000000E+0,9.8288067E+0,0.0000000E+0,,,
,0.0000000E+0,9.8328070E+0,0.0000000E+0,,,
,0.0000000E+0,9.8368074E+0,0.0000000E+0,,,
,0.0000000E+0,9.8408077E+0,0.0000000E+0,,,
,0.0000000E+0,9.8448080E+0,0.0000000E+0,,,
,0.0000000E+0,9.8488083E+0,0.0000000E+0,,,
,0.0000000E+0,9.8528087E+0,0.0000000E+0,,,
,0.0000000E+0,9.8568090E+0,0.0000000E+0,,,
,0.0000000E+0,9.8608093E+0,0.0000000E+0,,,
,0.0000000E+0,9.8648097E+0,0.0000000E+0,,,
,0.0000000E+0,9.8688100E+0,0.0000000E+0,,,
,0.0000000E+0,9.8728103E+0,1.0000000E+0,,,
,0.0000000E+0,9.8768106E+0,0.0000000E+0,,,
,0.0000000E+0,9.8808110E+0,0.0000000E+0,,,
,0.0000000E+0,9.8848113E+0,0.0000000E+0,,,
,0.0000000E+0,9.8888116E+0,0.0000000E+0,,,
,0.0000000E+0,9.8928120E+0,0.0000000E+0,,,
,0.0000000E+0,9.8968123E+0,1.0000000E+0,,,
,0.0000000E+0,9.9008126E+0,0.0000000E+0,,,
,0.0000000E+0,9.9048129E+0,0.0000000E+0,,,
,0.0000000E+0,9.9088133E+0,0.0000000E+0,,,
,0.0000000E+0,9.9128136E+0,0.0000000E+0,,,
,0.0000000E+0,9.9168139E+0,0.0000000E+0,,,
,0.0000000E+0,9.9208143E+0,1.0000000E+0,,,
,0.0000000E+0,9.9248146E+0,1.0000000E+0,,,
,0.0000000E+0,9.9288149E+0,0.0000000E+0,,,
,0.0000000E+0,9.9328152E+0,0.0000000E+0,,,
,0.0000000E+0,9.9368156E+0,0.0000000E+0,,,
,0.0000000E+0,9.9408159E+0,0.0000000E+0,,,
,0.0000000E+0,9.9448162E+0,0.0000000E+0,,,
,0.0000000E+0,9.9488166E+0,0.0000000E+0,,,
,0.0000000E+0,9.9528169E+0,0.0000000E+0,,,
,0.0000000E+0,9.9568172E+0,1.0000000E+0,,,
,0.0000000E+0,9.9608175E+0,0.0000000E+0,,,
,0.0000000E+0,9.9648179E+0,0.0000000E+0,,,
,0.0000000E+0,9.9688182E+0,0.0000000E+0,,,
,0.0000000E+0,9.9728185E+0,0.0000000E+0,,,
,0.0000000E+0,9.9768188E+0,0.0000000E+0,,,
,0.0000000E+0,9.9808192E+0,0.0000000E+0,,,
,0.0000000E+0,9.9848195E+0,0.0000000E+0,,,
,0.0000000E+0,9.9888198E+0,1.0000000E+0,,,
,0.0000000E+0,9.9928202E+0,1.0000000E+0,,,
,0.0000000E+0,9.9968205E+0,0.0000000E+0,,,
,0.0000000E+0,1.0000821E+1,0.0000000E+0,,,
,0.0000000E+0,1.0004821E+1,0.0000000E+0,,,
,0.0000000E+0,1.0008821E+1,1.0000000E+0,,,
,0.0000000E+0,1.0012822E+1,0.0000000E+0,,,
,0.0000000E+0,1.0016822E+1,0.0000000E+0,,,
,0.0000000E+0,1.0020822E+1,1.0000000E+0,,,
,0.0000000E+0,1.0024823E+1,0.0000000E+0,,,
,0.0000000E+0,1.0028823E+1,0.0000000E+0,,,
,0.0000000E+0,1.0032823E+1,0.0000000E+0,,,
,0.0000000E+0,1.0036824E+1,0.0000000E+0,,,
,0.0000000E+0,1.0040824E+1,0.0000000E+0,,,
,0.0000000E+0,1.0044824E+1,1.0000000E+0,,,
,0.0000000E+0,1.0048825E+1,0.0000000E+0,,,
,0.0000000E+0,1.0052825E+1,1.0000000E+0,,,
,0.0000000E+0,1.0056825E+1,0.0000000E+0,,,
,0.0000000E+0,1.0060826E+1,0.0000000E+0,,,
,0.0000000E+0,1.0064826E+1,1.0000000E+0,,,
,0.0000000E+0,1.0068826E+1,0.0000000E+0,,,
,0.0000000E+0,1.0072827E+1,0.0000000E+0,,,
,0.0000000E+0,1.0076827E+1,0.0000000E+0,,,
,0.0000000E+0,1.0080827E+1,0.0000000E+0,,,
,0.0000000E+0,1.0084828E+1,0.0000000E+0,,,
,0.0000000E+0,1.0088828E+1,0.0000000E+0,,,
,0.0000000E+0,1.0092828E+1,0.0000000E+0,,,
,0.0000000E+0,1.0096829E+1,0.0000000E+0,,,
,0.0000000E+0,1.0100829E+1,0.0000000E+0,,,
,0.0000000E+0,1.0104829E+1,1.0000000E+0,,,
,0.0000000E+0,1.0108830E+1,0.0000000E+0,,,
,0.0000000E+0,1.0112830E+1,0.0000000E+0,,,
,0.0000000E+0,1.0116830E+1,0.0000000E+0,,,
,0.0000000E+0,1.0120831E+1,0.0000000E+0,,,
,0.0000000E+0,1.0124831E+1,0.0000000E+0,,,
,0.0000000E+0,1.0128831E+1,0.0000000E+0,,,
,0.0000000E+0,1.0132832E+1,0.0000000E+0,,,
,0.0000000E+0,1.0136832E+1,0.0000000E+0,,,
,0.0000000E+0,1.0140832E+1,0.0000000E+0,,,
,0.0000000E+0,1.0144833E+1,0.0000000E+0,,,
,0.0000000E+0,1.0148833E+1,0.0000000E+0,,,
,0.0000000E+0,1.0152833E+1,2.0000000E+0,,,
,0.0000000E+0,1.0156834E+1,1.0000000E+0,,,
,0.0000000E+0,1.0160834E+1,0.0000000E+0,,,
,0.0000000E+0,1.0164834E+1,0.0000000E+0,,,
,0.0000000E+0,1.0168835E+1,0.0000000E+0,,,
,0.0000000E+0,1.0172835E+1,1.0000000E+0,,,
,0.0000000E+0,1.0176835E+1,0.0000000E+0,,,
,0.0000000E+0,1.0180836E+1,0.0000000E+0,,,
,0.0000000E+0,1.0184836E+1,0.0000000E+0,,,
,0.0000000E+0,1.0188836E+1,0.0000000E+0,,,
,0.0000000E+0,1.0192837E+1,1.0000000E+0,,,
,0.0000000E+0,1.0196837E+1,0.0000000E+0,,,
,0.0000000E+0,1.0200837E+1,0.0000000E+0,,,
,0.0000000E+0,1.0204838E+1,0.0000000E+0,,,
,0.0000000E+0,1.0208838E+1,0.0000000E+0,,,
,0.0000000E+0,1.0212838E+1,0.0000000E+0,,,
,0.0000000E+0,1.0216839E+1,0.0000000E+0,,,
,0.0000000E+0,1.0220839E+1,0.0000000E+0,,,
,0.0000000E+0,1.0224839E+1,0.0000000E+0,,,
,0.0000000E+0,1.0228840E+1,0.0000000E+0,,,
,0.0000000E+0,1.0232840E+1,0.0000000E+0,,,
,0.0000000E+0,1.0236840E+1,0.0000000E+0,,,
,0.0000000E+0,1.0240841E+1,1.0000000E+0,,,
,0.0000000E+0,1.0244841E+1,0.0000000E+0,,,
,0.0000000E+0,1.0248841E+1,0.0000000E+0,,,
,0.0000000E+0,1.0252842E+1,0.0000000E+0,,,
,0.0000000E+0,1.0256842E+1,0.0000000E+0,,,
,0.0000000E+0,1.0260842E+1,0.0000000E+0,,,
,0.0000000E+0,1.0264842E+1,1.0000000E+0,,,
,0.0000000E+0,1.0268843E+1,0.0000000E+0,,,
,0.0000000E+0,1.0272843E+1,0.0000000E+0,,,
,0.0000000E+0,1.0276843E+1,0.0000000E+0,,,
,0.0000000E+0,1.0280844E+1,0.0000000E+0,,,
,0.0000000E+0,1.0284844E+1,1.0000000E+0,,,
,0.0000000E+0,1.0288844E+1,0.0000000E+0,,,
,0.0000000E+0,1.0292845E+1,0.0000000E+0,,,
,0.0000000E+0,1.0296845E+1,3.0000000E+0,,,
,0.0000000E+0,1.0300845E+1,0.0000000E+0,,,
,0.0000000E+0,1.0304846E+1,0.0000000E+0,,,
,0.0000000E+0,1.0308846E+1,0.0000000E+0,,,
,0.0000000E+0,1.0312846E+1,0.0000000E+0,,,
,0.0000000E+0,1.0316847E+1,0.0000000E+0,,,
,0.0000000E+0,1.0320847E+1,0.0000000E+0,,,
,0.0000000E+0,1.0324847E+1,0.0000000E+0,,,
,0.0000000E+0,1.0328848E+1,0.0000000E+0,,,
,0.0000000E+0,1.0332848E+1,0.0000000E+0,,,
,0.0000000E+0,1.0336848E+1,0.0000000E+0,,,
,0.0000000E+0,1.0340849E+1,0.0000000E+0,,,
,0.0000000E+0,1.0344849E+1,1.0000000E+0,,,
,0.0000000E+0,1.0348849E+1,0.0000000E+0,,,
,0.0000000E+0,1.0352850E+1,0.0000000E+0,,,
,0.0000000E+0,1.0356850E+1,0.0000000E+0,,,
,0.0000000E+0,1.0360850E+1,0.0000000E+0,,,
,0.0000000E+0,1.0364851E+1,0.0000000E+0,,,
,0.0000000E+0,1.0368851E+1,0.0000000E+0,,,
,0.0000000E+0,1.0372851E+1,1.0000000E+0,,,
,0.0000000E+0,1.0376852E+1,0.0000000E+0,,,
,0.0000000E+0,1.0380852E+1,0.0000000E+0,,,
,0.0000000E+0,1.0384852E+1,0.0000000E+0,,,
,0.0000000E+0,1.0388853E+1,0.0000000E+0,,,
,0.0000000E+0,1.0392853E+1,0.0000000E+0,,,
,0.0000000E+0,1.0396853E+1,0.0000000E+0,,,
,0.0000000E+0,1.0400854E+1,0.0000000E+0,,,
,0.0000000E+0,1.0404854E+1,0.0000000E+0,,,
,0.0000000E+0,1.0408854E+1,0.0000000E+0,,,
,0.0000000E+0,1.0412855E+1,1.0000000E+0,,,
,0.0000000E+0,1.0416855E+1,1.0000000E+0,,,
,0.0000000E+0,1.0420855E+1,0.0000000E+0,,,
,0.0000000E+0,1.0424856E+1,0.0000000E+0,,,
,0.0000000E+0,1.0428856E+1,0.0000000E+0,,,
,0.0000000E+0,1.0432856E+1,0.0000000E+0,,,
,0.0000000E+0,1.0436857E+1,1.0000000E+0,,,
,0.0000000E+0,1.0440857E+1,0.0000000E+0,,,
,0.0000000E+0,1.0444857E+1,0.0000000E+0,,,
,0.0000000E+0,1.0448858E+1,0.0000000E+0,,,
,0.0000000E+0,1.0452858E+1,0.0000000E+0,,,
,0.0000000E+0,1.0456858E+1,0.0000000E+0,,,
,0.0000000E+0,1.0460859E+1,0.0000000E+0,,,
,0.0000000E+0,1.0464859E+1,0.0000000E+0,,,
,0.0000000E+0,1.0468859E+1,0.0000000E+0,,,
,0.0000000E+0,1.0472860E+1,0.0000000E+0,,,
,0.0000000E+0,1.0476860E+1,1.0000000E+0,,,
,0.0000000E+0,1.0480860E+1,0.0000000E+0,,,
,0.0000000E+0,1.0484861E+1,0.0000000E+0,,,
,0.0000000E+0,1.0488861E+1,0.0000000E+0,,,
,0.0000000E+0,1.0492861E+1,1.0000000E+0,,,
,0.0000000E+0,1.0496862E+1,0.0000000E+0,,,
,0.0000000E+0,1.0500862E+1,0.0000000E+0,,,
,0.0000000E+0,1.0504862E+1,0.0000000E+0,,,
,0.0000000E+0,1.0508863E+1,1.0000000E+0,,,
,0.0000000E+0,1.0512863E+1,0.0000000E+0,,,
,0.0000000E+0,1.0516863E+1,1.0000000E+0,,,
,0.0000000E+0,1.0520864E+1,0.0000000E+0,,,
,0.0000000E+0,1.0524864E+1,0.0000000E+0,,,
,0.0000000E+0,1.0528864E+1,0.0000000E+0,,,
,0.0000000E+0,1.0532864E+1,0.0000000E+0,,,
,0.0000000E+0,1.0536865E+1,0.0000000E+0,,,
,0.0000000E+0,1.0540865E+1,0.0000000E+0,,,
,0.0000000E+0,1.0544865E+1,0.0000000E+0,,,
,0.0000000E+0,1.0548866E+1,0.0000000E+0,,,
,0.0000000E+0,1.0552866E+1,0.0000000E+0,,,
,0.0000000E+0,1.0556866E+1,0.0000000E+0,,,
,0.0000000E+0,1.0560867E+1,0.0000000E+0,,,
,0.0000000E+0,1.0564867E+1,2.0000000E+0,,,
,0.0000000E+0,1.0568867E+1,0.0000000E+0,,,
,0.0000000E+0,1.0572868E+1,1.0000000E+0,,,
,0.0000000E+0,1.0576868E+1,0.0000000E+0,,,
,0.0000000E+0,1.0580868E+1,0.0000000E+0,,,
,0.0000000E+0,1.0584869E+1,0.0000000E+0,,,
,0.0000000E+0,1.0588869E+1,0.0000000E+0,,,
,0.0000000E+0,1.0592869E+1,0.0000000E+0,,,
,0.0000000E+0,1.0596870E+1,0.0000000E+0,,,
,0.0000000E+0,1.0600870E+1,0.0000000E+0,,,
,0.0000000E+0,1.0604870E+1,0.0000000E+0,,,
,0.0000000E+0,1.0608871E+1,1.0000000E+0,,,
,0.0000000E+0,1.0612871E+1,0.0000000E+0,,,
,0.0000000E+0,1.0616871E+1,0.0000000E+0,,,
,0.0000000E+0,1.0620872E+1,0.0000000E+0,,,
,0.0000000E+0,1.0624872E+1,1.0000000E+0,,,
,0.0000000E+0,1.0628872E+1,0.0000000E+0,,,
,0.0000000E+0,1.0632873E+1,0.0000000E+0,,,
,0.0000000E+0,1.0636873E+1,0.0000000E+0,,,
,0.0000000E+0,1.0640873E+1,0.0000000E+0,,,
,0.0000000E+0,1.0644874E+1,0.0000000E+0,,,
,0.0000000E+0,1.0648874E+1,0.0000000E+0,,,
,0.0000000E+0,1.0652874E+1,0.0000000E+0,,,
,0.0000000E+0,1.0656875E+1,0.0000000E+0,,,
,0.0000000E+0,1.0660875E+1,1.0000000E+0,,,
,0.0000000E+0,1.0664875E+1,1.0000000E+0,,,
,0.0000000E+0,1.0668876E+1,1.0000000E+0,,,
,0.0000000E+0,1.0672876E+1,0.0000000E+0,,,
,0.0000000E+0,1.0676876E+1,0.0000000E+0,,,
,0.0000000E+0,1.0680877E+1,1.0000000E+0,,,
,0.0000000E+0,1.0684877E+1,0.0000000E+0,,,
,0.0000000E+0,1.0688877E+1,0.0000000E+0,,,
,0.0000000E+0,1.0692878E+1,0.0000000E+0,,,
,0.0000000E+0,1.0696878E+1,1.0000000E+0,,,
,0.0000000E+0,1.0700878E+1,1.0000000E+0,,,
,0.0000000E+0,1.0704879E+1,0.0000000E+0,,,
,0.0000000E+0,1.0708879E+1,0.0000000E+0,,,
,0.0000000E+0,1.0712879E+1,1.0000000E+0,,,
,0.0000000E+0,1.0716880E+1,0.0000000E+0,,,
,0.0000000E+0,1.0720880E+1,1.0000000E+0,,,
,0.0000000E+0,1.0724880E+1,0.0000000E+0,,,
,0.0000000E+0,1.0728881E+1,1.0000000E+0,,,
,0.0000000E+0,1.0732881E+1,0.0000000E+0,,,
,0.0000000E+0,1.0736881E+1,0.0000000E+0,,,
,0.0000000E+0,1.0740882E+1,0.0000000E+0,,,
,0.0000000E+0,1.0744882E+1,0.0000000E+0,,,
,0.0000000E+0,1.0748882E+1,0.0000000E+0,,,
,0.0000000E+0,1.0752883E+1,0.0000000E+0,,,
,0.0000000E+0,1.0756883E+1,0.0000000E+0,,,
,0.0000000E+0,1.0760883E+1,0.0000000E+0,,,
,0.0000000E+0,1.0764884E+1,0.0000000E+0,,,
,0.0000000E+0,1.0768884E+1,0.0000000E+0,,,
,0.0000000E+0,1.0772884E+1,0.0000000E+0,,,
,0.0000000E+0,1.0776885E+1,0.0000000E+0,,,
,0.0000000E+0,1.0780885E+1,0.0000000E+0,,,
,0.0000000E+0,1.0784885E+1,0.0000000E+0,,,
,0.0000000E+0,1.0788886E+1,0.0000000E+0,,,
,0.0000000E+0,1.0792886E+1,0.0000000E+0,,,
,0.0000000E+0,1.0796886E+1,0.0000000E+0,,,
,0.0000000E+0,1.0800886E+1,1.0000000E+0,,,
,0.0000000E+0,1.0804887E+1,0.0000000E+0,,,
,0.0000000E+0,1.0808887E+1,1.0000000E+0,,,
,0.0000000E+0,1.0812887E+1,0.0000000E+0,,,
,0.0000000E+0,1.0816888E+1,1.0000000E+0,,,
,0.0000000E+0,1.0820888E+1,0.0000000E+0,,,
,0.0000000E+0,1.0824888E+1,0.0000000E+0,,,
,0.0000000E+0,1.0828889E+1,0.0000000E+0,,,
,0.0000000E+0,1.0832889E+1,0.0000000E+0,,,
,0.0000000E+0,1.0836889E+1,0.0000000E+0,,,
,0.0000000E+0,1.0840890E+1,1.0000000E+0,,,
,0.0000000E+0,1.0844890E+1,0.0000000E+0,,,
,0.0000000E+0,1.0848890E+1,0.0000000E+0,,,
,0.0000000E+0,1.0852891E+1,0.0000000E+0,,,
,0.0000000E+0,1.0856891E+1,1.0000000E+0,,,
,0.0000000E+0,1.0860891E+1,0.0000000E+0,,,
,0.0000000E+0,1.0864892E+1,0.0000000E+0,,,
,0.0000000E+0,1.0868892E+1,0.0000000E+0,,,
,0.0000000E+0,1.0872892E+1,0.0000000E+0,,,
,0.0000000E+0,1.0876893E+1,0.0000000E+0,,,
,0.0000000E+0,1.0880893E+1,0.0000000E+0,,,
,0.0000000E+0,1.0884893E+1,0.0000000E+0,,,
,0.0000000E+0,1.0888894E+1,0.0000000E+0,,,
,0.0000000E+0,1.0892894E+1,0.0000000E+0,,,
,0.0000000E+0,1.0896894E+1,0.0000000E+0,,,
,0.0000000E+0,1.0900895E+1,0.0000000E+0,,,
,0.0000000E+0,1.0904895E+1,0.0000000E+0,,,
,0.0000000E+0,1.0908895E+1,0.0000000E+0,,,
,0.0000000E+0,1.0912896E+1,0.0000000E+0,,,
,0.0000000E+0,1.0916896E+1,0.0000000E+0,,,
,0.0000000E+0,1.0920896E+1,1.0000000E+0,,,
,0.0000000E+0,1.0924897E+1,1.0000000E+0,,,
,0.0000000E+0,1.0928897E+1,0.0000000E+0,,,
,0.0000000E+0,1.0932897E+1,0.0000000E+0,,,
,0.0000000E+0,1.0936898E+1,0.0000000E+0,,,
,0.0000000E+0,1.0940898E+1,0.0000000E+0,,,
,0.0000000E+0,1.0944898E+1,0.0000000E+0,,,
,0.0000000E+0,1.0948899E+1,0.0000000E+0,,,
,0.0000000E+0,1.0952899E+1,0.0000000E+0,,,
,0.0000000E+0,1.0956899E+1,0.0000000E+0,,,
,0.0000000E+0,1.0960900E+1,1.0000000E+0,,,
,0.0000000E+0,1.0964900E+1,1.0000000E+0,,,
,0.0000000E+0,1.0968900E+1,0.0000000E+0,,,
,0.0000000E+0,1.0972901E+1,0.0000000E+0,,,
,0.0000000E+0,1.0976901E+1,0.0000000E+0,,,
,0.0000000E+0,1.0980901E+1,0.0000000E+0,,,
,0.0000000E+0,1.0984902E+1,1.0000000E+0,,,
,0.0000000E+0,1.0988902E+1,0.0000000E+0,,,
,0.0000000E+0,1.0992902E+1,0.0000000E+0,,,
,0.0000000E+0,1.0996903E+1,0.0000000E+0,,,
,0.0000000E+0,1.1000903E+1,2.0000000E+0,,,
,0.0000000E+0,1.1004903E+1,0.0000000E+0,,,
,0.0000000E+0,1.1008904E+1,1.0000000E+0,,,
,0.0000000E+0,1.1012904E+1,0.0000000E+0,,,
,0.0000000E+0,1.1016904E+1,0.0000000E+0,,,
,0.0000000E+0,1.1020905E+1,0.0000000E+0,,,
,0.0000000E+0,1.1024905E+1,1.0000000E+0,,,
,0.0000000E+0,1.1028905E+1,0.0000000E+0,,,
,0.0000000E+0,1.1032906E+1,0.0000000E+0,,,
,0.0000000E+0,1.1036906E+1,0.0000000E+0,,,
,0.0000000E+0,1.1040906E+1,0.0000000E+0,,,
,0.0000000E+0,1.1044907E+1,0.0000000E+0,,,
,0.0000000E+0,1.1048907E+1,0.0000000E+0,,,
,0.0000000E+0,1.1052907E+1,0.0000000E+0,,,
,0.0000000E+0,1.1056907E+1,0.0000000E+0,,,
,0.0000000E+0,1.1060908E+1,0.0000000E+0,,,
,0.0000000E+0,1.1064908E+1,1.0000000E+0,,,
,0.0000000E+0,1.1068908E+1,1.0000000E+0,,,
,0.0000000E+0,1.1072909E+1,0.0000000E+0,,,
,0.0000000E+0,1.1076909E+1,0.0000000E+0,,,
,0.0000000E+0,1.1080909E+1,0.0000000E+0,,,
,0.0000000E+0,1.1084910E+1,0.0000000E+0,,,
,0.0000000E+0,1.1088910E+1,0.0000000E+0,,,
,0.0000000E+0,1.1092910E+1,0.0000000E+0,,,
,0.0000000E+0,1.1096911E+1,0.0000000E+0,,,
,0.0000000E+0,1.1100911E+1,0.0000000E+0,,,
,0.0000000E+0,1.1104911E+1,0.0000000E+0,,,
,0.0000000E+0,1.1108912E+1,0.0000000E+0,,,
,0.0000000E+0,1.1112912E+1,1.0000000E+0,,,
,0.0000000E+0,1.1116912E+1,0.0000000E+0,,,
,0.0000000E+0,1.1120913E+1,0.0000000E+0,,,
,0.0000000E+0,1.1124913E+1,0.0000000E+0,,,
,0.0000000E+0,1.1128913E+1,0.0000000E+0,,,
,0.0000000E+0,1.1132914E+1,0.0000000E+0,,,
,0.0000000E+0,1.1136914E+1,0.0000000E+0,,,
,0.0000000E+0,1.1140914E+1,0.0000000E+0,,,
,0.0000000E+0,1.1144915E+1,0.0000000E+0,,,
,0.0000000E+0,1.1148915E+1,0.0000000E+0,,,
,0.0000000E+0,1.1152915E+1,0.0000000E+0,,,
,0.0000000E+0,1.1156916E+1,0.0000000E+0,,,
,0.0000000E+0,1.1160916E+1,0.0000000E+0,,,
,0.0000000E+0,1.1164916E+1,1.0000000E+0,,,
,0.0000000E+0,1.1168917E+1,0.0000000E+0,,,
,0.0000000E+0,1.1172917E+1,0.0000000E+0,,,
,0.0000000E+0,1.1176917E+1,0.0000000E+0,,,
,0.0000000E+0,1.1180918E+1,0.0000000E+0,,,
,0.0000000E+0,1.1184918E+1,0.0000000E+0,,,
,0.0000000E+0,1.1188918E+1,0.0000000E+0,,,
,0.0000000E+0,1.1192919E+1,0.0000000E+0,,,
,0.0000000E+0,1.1196919E+1,0.0000000E+0,,,
,0.0000000E+0,1.1200919E+1,0.0000000E+0,,,
,0.0000000E+0,1.1204920E+1,0.0000000E+0,,,
,0.0000000E+0,1.1208920E+1,0.0000000E+0,,,
,0.0000000E+0,1.1212920E+1,0.0000000E+0,,,
,0.0000000E+0,1.1216921E+1,0.0000000E+0,,,
,0.0000000E+0,1.1220921E+1,0.0000000E+0,,,
,0.0000000E+0,1.1224921E+1,0.0000000E+0,,,
,0.0000000E+0,1.1228922E+1,1.0000000E+0,,,
,0.0000000E+0,1.1232922E+1,0.0000000E+0,,,
,0.0000000E+0,1.1236922E+1,0.0000000E+0,,,
,0.0000000E+0,1.1240923E+1,0.0000000E+0,,,
,0.0000000E+0,1.1244923E+1,0.0000000E+0,,,
,0.0000000E+0,1.1248923E+1,0.0000000E+0,,,
,0.0000000E+0,1.1252924E+1,0.0000000E+0,,,
,0.0000000E+0,1.1256924E+1,1.0000000E+0,,,
,0.0000000E+0,1.1260924E+1,0.0000000E+0,,,
,0.0000000E+0,1.1264925E+1,0.0000000E+0,,,
,0.0000000E+0,1.1268925E+1,0.0000000E+0,,,
,0.0000000E+0,1.1272925E+1,0.0000000E+0,,,
,0.0000000E+0,1.1276926E+1,0.0000000E+0,,,
,0.0000000E+0,1.1280926E+1,0.0000000E+0,,,
,0.0000000E+0,1.1284926E+1,0.0000000E+0,,,
,0.0000000E+0,1.1288927E+1,0.0000000E+0,,,
,0.0000000E+0,1.1292927E+1,0.0000000E+0,,,
,0.0000000E+0,1.1296927E+1,0.0000000E+0,,,
,0.0000000E+0,1.1300928E+1,0.0000000E+0,,,
,0.0000000E+0,1.1304928E+1,0.0000000E+0,,,
,0.0000000E+0,1.1308928E+1,0.0000000E+0,,,
,0.0000000E+0,1.1312929E+1,0.0000000E+0,,,
,0.0000000E+0,1.1316929E+1,0.0000000E+0,,,
,0.0000000E+0,1.1320929E+1,0.0000000E+0,,,
,0.0000000E+0,1.1324929E+1,0.0000000E+0,,,
,0.0000000E+0,1.1328930E+1,0.0000000E+0,,,
,0.0000000E+0,1.1332930E+1,0.0000000E+0,,,
,0.0000000E+0,1.1336930E+1,0.0000000E+0,,,
,0.0000000E+0,1.1340931E+1,0.0000000E+0,,,
,0.0000000E+0,1.1344931E+1,0.0000000E+0,,,
,0.0000000E+0,1.1348931E+1,0.0000000E+0,,,
,0.0000000E+0,1.1352932E+1,0.0000000E+0,,,
,0.0000000E+0,1.1356932E+1,0.0000000E+0,,,
,0.0000000E+0,1.1360932E+1,0.0000000E+0,,,
,0.0000000E+0,1.1364933E+1,0.0000000E+0,,,
,0.0000000E+0,1.1368933E+1,0.0000000E+0,,,
,0.0000000E+0,1.1372933E+1,0.0000000E+0,,,
,0.0000000E+0,1.1376934E+1,0.0000000E+0,,,
,0.0000000E+0,1.1380934E+1,0.0000000E+0,,,
,0.0000000E+0,1.1384934E+1,0.0000000E+0,,,
,0.0000000E+0,1.1388935E+1,0.0000000E+0,,,
,0.0000000E+0,1.1392935E+1,0.0000000E+0,,,
,0.0000000E+0,1.1396935E+1,1.0000000E+0,,,
,0.0000000E+0,1.1400936E+1,0.0000000E+0,,,
,0.0000000E+0,1.1404936E+1,0.0000000E+0,,,
,0.0000000E+0,1.1408936E+1,0.0000000E+0,,,
,0.0000000E+0,1.1412937E+1,0.0000000E+0,,,
,0.0000000E+0,1.1416937E+1,0.0000000E+0,,,
,0.0000000E+0,1.1420937E+1,0.0000000E+0,,,
,0.0000000E+0,1.1424938E+1,0.0000000E+0,,,
,0.0000000E+0,1.1428938E+1,1.0000000E+0,,,
,0.0000000E+0,1.1432938E+1,0.0000000E+0,,,
,0.0000000E+0,1.1436939E+1,1.0000000E+0,,,
,0.0000000E+0,1.1440939E+1,0.0000000E+0,,,
,0.0000000E+0,1.1444939E+1,0.0000000E+0,,,
,0.0000000E+0,1.1448940E+1,0.0000000E+0,,,
,0.0000000E+0,1.1452940E+1,0.0000000E+0,,,
,0.0000000E+0,1.1456940E+1,1.0000000E+0,,,
,0.0000000E+0,1.1460941E+1,1.0000000E+0,,,
,0.0000000E+0,1.1464941E+1,1.0000000E+0,,,
,0.0000000E+0,1.1468941E+1,0.0000000E+0,,,
,0.0000000E+0,1.1472942E+1,1.0000000E+0,,,
,0.0000000E+0,1.1476942E+1,0.0000000E+0,,,
,0.0000000E+0,1.1480942E+1,0.0000000E+0,,,
,0.0000000E+0,1.1484943E+1,0.0000000E+0,,,
,0.0000000E+0,1.1488943E+1,0.0000000E+0,,,
,0.0000000E+0,1.1492943E+1,0.0000000E+0,,,
,0.0000000E+0,1.1496944E+1,0.0000000E+0,,,
,0.0000000E+0,1.1500944E+1,0.0000000E+0,,,
,0.0000000E+0,1.1504944E+1,0.0000000E+0,,,
,0.0000000E+0,1.1508945E+1,0.0000000E+0,,,
,0.0000000E+0,1.1512945E+1,0.0000000E+0,,,
,0.0000000E+0,1.1516945E+1,0.0000000E+0,,,
,0.0000000E+0,1.1520946E+1,0.0000000E+0,,,
,0.0000000E+0,1.1524946E+1,0.0000000E+0,,,
,0.0000000E+0,1.1528946E+1,1.0000000E+0,,,
,0.0000000E+0,1.1532947E+1,0.0000000E+0,,,
,0.0000000E+0,1.1536947E+1,0.0000000E+0,,,
,0.0000000E+0,1.1540947E+1,0.0000000E+0,,,
,0.0000000E+0,1.1544948E+1,0.0000000E+0,,,
,0.0000000E+0,1.1548948E+1,0.0000000E+0,,,
,0.0000000E+0,1.1552948E+1,0.0000000E+0,,,
,0.0000000E+0,1.1556949E+1,0.0000000E+0,,,
,0.0000000E+0,1.1560949E+1,0.0000000E+0,,,
,0.0000000E+0,1.1564949E+1,0.0000000E+0,,,
,0.0000000E+0,1.1568950E+1,0.0000000E+0,,,
,0.0000000E+0,1.1572950E+1,0.0000000E+0,,,
,0.0000000E+0,1.1576950E+1,0.0000000E+0,,,
,0.0000000E+0,1.1580951E+1,0.0000000E+0,,,
,0.0000000E+0,1.1584951E+1,0.0000000E+0,,,
,0.0000000E+0,1.1588951E+1,0.0000000E+0,,,
,0.0000000E+0,1.1592951E+1,0.0000000E+0,,,
,0.0000000E+0,1.1596952E+1,0.0000000E+0,,,
,0.0000000E+0,1.1600952E+1,0.0000000E+0,,,
,0.0000000E+0,1.1604952E+1,0.0000000E+0,,,
,0.0000000E+0,1.1608953E+1,1.0000000E+0,,,
,0.0000000E+0,1.1612953E+1,0.0000000E+0,,,
,0.0000000E+0,1.1616953E+1,0.0000000E+0,,,
,0.0000000E+0,1.1620954E+1,0.0000000E+0,,,
,0.0000000E+0,1.1624954E+1,0.0000000E+0,,,
,0.0000000E+0,1.1628954E+1,0.0000000E+0,,,
,0.0000000E+0,1.1632955E+1,0.0000000E+0,,,
,0.0000000E+0,1.1636955E+1,0.0000000E+0,,,
,0.0000000E+0,1.1640955E+1,1.0000000E+0,,,
,0.0000000E+0,1.1644956E+1,0.0000000E+0,,,
,0.0000000E+0,1.1648956E+1,0.0000000E+0,,,
,0.0000000E+0,1.1652956E+1,0.0000000E+0,,,
,0.0000000E+0,1.1656957E+1,0.0000000E+0,,,
,0.0000000E+0,1.1660957E+1,0.0000000E+0,,,
,0.0000000E+0,1.1664957E+1,1.0000000E+0,,,
,0.0000000E+0,1.1668958E+1,0.0000000E+0,,,
,0.0000000E+0,1.1672958E+1,0.0000000E+0,,,
,0.0000000E+0,1.1676958E+1,0.0000000E+0,,,
,0.0000000E+0,1.1680959E+1,0.0000000E+0,,,
,0.0000000E+0,1.1684959E+1,0.0000000E+0,,,
,0.0000000E+0,1.1688959E+1,0.0000000E+0,,,
,0.0000000E+0,1.1692960E+1,1.0000000E+0,,,
,0.0000000E+0,1.1696960E+1,0.0000000E+0,,,
,0.0000000E+0,1.1700960E+1,0.0000000E+0,,,
,0.0000000E+0,1.1704961E+1,0.0000000E+0,,,
,0.0000000E+0,1.1708961E+1,0.0000000E+0,,,
,0.0000000E+0,1.1712961E+1,0.0000000E+0,,,
,0.0000000E+0,1.1716962E+1,1.0000000E+0,,,
,0.0000000E+0,1.1720962E+1,0.0000000E+0,,,
,0.0000000E+0,1.1724962E+1,0.0000000E+0,,,
,0.0000000E+0,1.1728963E+1,0.0000000E+0,,,
,0.0000000E+0,1.1732963E+1,0.0000000E+0,,,
,0.0000000E+0,1.1736963E+1,0.0000000E+0,,,
,0.0000000E+0,1.1740964E+1,0.0000000E+0,,,
,0.0000000E+0,1.1744964E+1,0.0000000E+0,,,
,0.0000000E+0,1.1748964E+1,0.0000000E+0,,,
,0.0000000E+0,1.1752965E+1,0.0000000E+0,,,
,0.0000000E+0,1.1756965E+1,0.0000000E+0,,,
,0.0000000E+0,1.1760965E+1,0.0000000E+0,,,
,0.0000000E+0,1.1764966E+1,0.0000000E+0,,,
,0.0000000E+0,1.1768966E+1,0.0000000E+0,,,
,0.0000000E+0,1.1772966E+1,0.0000000E+0,,,
,0.0000000E+0,1.1776967E+1,0.0000000E+0,,,
,0.0000000E+0,1.1780967E+1,0.0000000E+0,,,
,0.0000000E+0,1.1784967E+1,0.0000000E+0,,,
,0.0000000E+0,1.1788968E+1,1.0000000E+0,,,
,0.0000000E+0,1.1792968E+1,0.0000000E+0,,,
,0.0000000E+0,1.1796968E+1,0.0000000E+0,,,
,0.0000000E+0,1.1800969E+1,0.0000000E+0,,,
,0.0000000E+0,1.1804969E+1,0.0000000E+0,,,
,0.0000000E+0,1.1808969E+1,0.0000000E+0,,,
,0.0000000E+0,1.1812970E+1,0.0000000E+0,,,
,0.0000000E+0,1.1816970E+1,0.0000000E+0,,,
,0.0000000E+0,1.1820970E+1,0.0000000E+0,,,
,0.0000000E+0,1.1824971E+1,0.0000000E+0,,,
,0.0000000E+0,1.1828971E+1,0.0000000E+0,,,
,0.0000000E+0,1.1832971E+1,0.0000000E+0,,,
,0.0000000E+0,1.1836972E+1,0.0000000E+0,,,
,0.0000000E+0,1.1840972E+1,0.0000000E+0,,,
,0.0000000E+0,1.1844972E+1,1.0000000E+0,,,
,0.0000000E+0,1.1848973E+1,1.0000000E+0,,,
,0.0000000E+0,1.1852973E+1,0.0000000E+0,,,
,0.0000000E+0,1.1856973E+1,0.0000000E+0,,,
,0.0000000E+0,1.1860973E+1,0.0000000E+0,,,
,0.0000000E+0,1.1864974E+1,1.0000000E+0,,,
,0.0000000E+0,1.1868974E+1,0.0000000E+0,,,
,0.0000000E+0,1.1872974E+1,0.0000000E+0,,,
,0.0000000E+0,1.1876975E+1,0.0000000E+0,,,
,0.0000000E+0,1.1880975E+1,0.0000000E+0,,,
,0.0000000E+0,1.1884975E+1,0.0000000E+0,,,
,0.0000000E+0,1.1888976E+1,0.0000000E+0,,,
,0.0000000E+0,1.1892976E+1,0.0000000E+0,,,
,0.0000000E+0,1.1896976E+1,0.0000000E+0,,,
,0.0000000E+0,1.1900977E+1,0.0000000E+0,,,
,0.0000000E+0,1.1904977E+1,0.0000000E+0,,,
,0.0000000E+0,1.1908977E+1,0.0000000E+0,,,
,0.0000000E+0,1.1912978E+1,0.0000000E+0,,,
,0.0000000E+0,1.1916978E+1,0.0000000E+0,,,
,0.0000000E+0,1.1920978E+1,0.0000000E+0,,,
,0.0000000E+0,1.1924979E+1,0.0000000E+0,,,
,0.0000000E+0,1.1928979E+1,0.0000000E+0,,,
,0.0000000E+0,1.1932979E+1,0.0000000E+0,,,
,0.0000000E+0,1.1936980E+1,0.0000000E+0,,,
,0.0000000E+0,1.1940980E+1,0.0000000E+0,,,
,0.0000000E+0,1.1944980E+1,0.0000000E+0,,,
,0.0000000E+0,1.1948981E+1,0.0000000E+0,,,
,0.0000000E+0,1.1952981E+1,0.0000000E+0,,,
,0.0000000E+0,1.1956981E+1,0.0000000E+0,,,
,0.0000000E+0,1.1960982E+1,0.0000000E+0,,,
,0.0000000E+0,1.1964982E+1,0.0000000E+0,,,
,0.0000000E+0,1.1968982E+1,0.0000000E+0,,,
,0.0000000E+0,1.1972983E+1,0.0000000E+0,,,
,0.0000000E+0,1.1976983E+1,0.0000000E+0,,,
,0.0000000E+0,1.1980983E+1,0.0000000E+0,,,
,0.0000000E+0,1.1984984E+1,0.0000000E+0,,,
,0.0000000E+0,1.1988984E+1,0.0000000E+0,,,
,0.0000000E+0,1.1992984E+1,1.0000000E+0,,,
,0.0000000E+0,1.1996985E+1,0.0000000E+0,,,
,0.0000000E+0,1.2000985E+1,0.0000000E+0,,,
,0.0000000E+0,1.2004985E+1,0.0000000E+0,,,
,0.0000000E+0,1.2008986E+1,0.0000000E+0,,,
,0.0000000E+0,1.2012986E+1,0.0000000E+0,,,
,0.0000000E+0,1.2016986E+1,0.0000000E+0,,,
,0.0000000E+0,1.2020987E+1,1.0000000E+0,,,
,0.0000000E+0,1.2024987E+1,1.0000000E+0,,,
,0.0000000E+0,1.2028987E+1,0.0000000E+0,,,
,0.0000000E+0,1.2032988E+1,0.0000000E+0,,,
,0.0000000E+0,1.2036988E+1,0.0000000E+0,,,
,0.0000000E+0,1.2040988E+1,0.0000000E+0,,,
,0.0000000E+0,1.2044989E+1,0.0000000E+0,,,
,0.0000000E+0,1.2048989E+1,0.0000000E+0,,,
,0.0000000E+0,1.2052989E+1,0.0000000E+0,,,
,0.0000000E+0,1.2056990E+1,0.0000000E+0,,,
,0.0000000E+0,1.2060990E+1,1.0000000E+0,,,
,0.0000000E+0,1.2064990E+1,0.0000000E+0,,,
,0.0000000E+0,1.2068991E+1,0.0000000E+0,,,
,0.0000000E+0,1.2072991E+1,0.0000000E+0,,,
,0.0000000E+0,1.2076991E+1,0.0000000E+0,,,
,0.0000000E+0,1.2080992E+1,0.0000000E+0,,,
,0.0000000E+0,1.2084992E+1,0.0000000E+0,,,
,0.0000000E+0,1.2088992E+1,0.0000000E+0,,,
,0.0000000E+0,1.2092993E+1,0.0000000E+0,,,
,0.0000000E+0,1.2096993E+1,0.0000000E+0,,,
,0.0000000E+0,1.2100993E+1,0.0000000E+0,,,
,0.0000000E+0,1.2104994E+1,0.0000000E+0,,,
,0.0000000E+0,1.2108994E+1,0.0000000E+0,,,
,0.0000000E+0,1.2112994E+1,1.0000000E+0,,,
,0.0000000E+0,1.2116995E+1,0.0000000E+0,,,
,0.0000000E+0,1.2120995E+1,0.0000000E+0,,,
,0.0000000E+0,1.2124995E+1,0.0000000E+0,,,
,0.0000000E+0,1.2128995E+1,0.0000000E+0,,,
,0.0000000E+0,1.2132996E+1,0.0000000E+0,,,
,0.0000000E+0,1.2136996E+1,1.0000000E+0,,,
,0.0000000E+0,1.2140996E+1,0.0000000E+0,,,
,0.0000000E+0,1.2144997E+1,0.0000000E+0,,,
,0.0000000E+0,1.2148997E+1,0.0000000E+0,,,
,0.0000000E+0,1.2152997E+1,0.0000000E+0,,,
,0.0000000E+0,1.2156998E+1,0.0000000E+0,,,
,0.0000000E+0,1.2160998E+1,0.0000000E+0,,,
,0.0000000E+0,1.2164998E+1,0.0000000E+0,,,
,0.0000000E+0,1.2168999E+1,0.0000000E+0,,,
,0.0000000E+0,1.2172999E+1,0.0000000E+0,,,
,0.0000000E+0,1.2176999E+1,0.0000000E+0,,,
,0.0000000E+0,1.2181000E+1,0.0000000E+0,,,
,0.0000000E+0,1.2185000E+1,0.0000000E+0,,,
,0.0000000E+0,1.2189000E+1,1.0000000E+0,,,
,0.0000000E+0,1.2193001E+1,0.0000000E+0,,,
,0.0000000E+0,1.2197001E+1,0.0000000E+0,,,
,0.0000000E+0,1.2201001E+1,0.0000000E+0,,,
,0.0000000E+0,1.2205002E+1,0.0000000E+0,,,
,0.0000000E+0,1.2209002E+1,0.0000000E+0,,,
,0.0000000E+0,1.2213002E+1,0.0000000E+0,,,
,0.0000000E+0,1.2217003E+1,0.0000000E+0,,,
,0.0000000E+0,1.2221003E+1,0.0000000E+0,,,
,0.0000000E+0,1.2225003E+1,0.0000000E+0,,,
,0.0000000E+0,1.2229004E+1,0.0000000E+0,,,
,0.0000000E+0,1.2233004E+1,0.0000000E+0,,,
,0.0000000E+0,1.2237004E+1,0.0000000E+0,,,
,0.0000000E+0,1.2241005E+1,0.0000000E+0,,,
,0.0000000E+0,1.2245005E+1,0.0000000E+0,,,
,0.0000000E+0,1.2249005E+1,0.0000000E+0,,,
,0.0000000E+0,1.2253006E+1,0.0000000E+0,,,
,0.0000000E+0,1.2257006E+1,1.0000000E+0,,,
,0.0000000E+0,1.2261006E+1,1.0000000E+0,,,
,0.0000000E+0,1.2265007E+1,0.0000000E+0,,,
,0.0000000E+0,1.2269007E+1,0.0000000E+0,,,
,0.0000000E+0,1.2273007E+1,0.0000000E+0,,,
,0.0000000E+0,1.2277008E+1,0.0000000E+0,,,
,0.0000000E+0,1.2281008E+1,0.0000000E+0,,,
,0.0000000E+0,1.2285008E+1,0.0000000E+0,,,
,0.0000000E+0,1.2289009E+1,0.0000000E+0,,,
,0.0000000E+0,1.2293009E+1,0.0000000E+0,,,
,0.0000000E+0,1.2297009E+1,0.0000000E+0,,,
,0.0000000E+0,1.2301010E+1,1.0000000E+0,,,
,0.0000000E+0,1.2305010E+1,0.0000000E+0,,,
,0.0000000E+0,1.2309010E+1,0.0000000E+0,,,
,0.0000000E+0,1.2313011E+1,1.0000000E+0,,,
,0.0000000E+0,1.2317011E+1,1.0000000E+0,,,
,0.0000000E+0,1.2321011E+1,0.0000000E+0,,,
,0.0000000E+0,1.2325012E+1,2.0000000E+0,,,
,0.0000000E+0,1.2329012E+1,0.0000000E+0,,,
,0.0000000E+0,1.2333012E+1,0.0000000E+0,,,
,0.0000000E+0,1.2337013E+1,0.0000000E+0,,,
,0.0000000E+0,1.2341013E+1,0.0000000E+0,,,
,0.0000000E+0,1.2345013E+1,0.0000000E+0,,,
,0.0000000E+0,1.2349014E+1,0.0000000E+0,,,
,0.0000000E+0,1.2353014E+1,0.0000000E+0,,,
,0.0000000E+0,1.2357014E+1,0.0000000E+0,,,
,0.0000000E+0,1.2361015E+1,0.0000000E+0,,,
,0.0000000E+0,1.2365015E+1,0.0000000E+0,,,
,0.0000000E+0,1.2369015E+1,0.0000000E+0,,,
,0.0000000E+0,1.2373016E+1,0.0000000E+0,,,
,0.0000000E+0,1.2377016E+1,0.0000000E+0,,,
,0.0000000E+0,1.2381016E+1,1.0000000E+0,,,
,0.0000000E+0,1.2385017E+1,0.0000000E+0,,,
,0.0000000E+0,1.2389017E+1,1.0000000E+0,,,
,0.0000000E+0,1.2393017E+1,0.0000000E+0,,,
,0.0000000E+0,1.2397017E+1,0.0000000E+0,,,
,0.0000000E+0,1.2401018E+1,0.0000000E+0,,,
,0.0000000E+0,1.2405018E+1,0.0000000E+0,,,
,0.0000000E+0,1.2409018E+1,1.0000000E+0,,,
,0.0000000E+0,1.2413019E+1,0.0000000E+0,,,
,0.0000000E+0,1.2417019E+1,1.0000000E+0,,,
,0.0000000E+0,1.2421019E+1,0.0000000E+0,,,
,0.0000000E+0,1.2425020E+1,0.0000000E+0,,,
,0.0000000E+0,1.2429020E+1,0.0000000E+0,,,
,0.0000000E+0,1.2433020E+1,0.0000000E+0,,,
,0.0000000E+0,1.2437021E+1,0.0000000E+0,,,
,0.0000000E+0,1.2441021E+1,0.0000000E+0,,,
,0.0000000E+0,1.2445021E+1,1.0000000E+0,,,
,0.0000000E+0,1.2449022E+1,0.0000000E+0,,,
,0.0000000E+0,1.2453022E+1,0.0000000E+0,,,
,0.0000000E+0,1.2457022E+1,0.0000000E+0,,,
,0.0000000E+0,1.2461023E+1,0.0000000E+0,,,
,0.0000000E+0,1.2465023E+1,0.0000000E+0,,,
,0.0000000E+0,1.2469023E+1,0.0000000E+0,,,
,0.0000000E+0,1.2473024E+1,0.0000000E+0,,,
,0.0000000E+0,1.2477024E+1,0.0000000E+0,,,
,0.0000000E+0,1.2481024E+1,2.0000000E+0,,,
,0.0000000E+0,1.2485025E+1,0.0000000E+0,,,
,0.0000000E+0,1.2489025E+1,0.0000000E+0,,,
,0.0000000E+0,1.2493025E+1,0.0000000E+0,,,
,0.0000000E+0,1.2497026E+1,0.0000000E+0,,,
,0.0000000E+0,1.2501026E+1,0.0000000E+0,,,
,0.0000000E+0,1.2505026E+1,0.0000000E+0,,,
,0.0000000E+0,1.2509027E+1,1.0000000E+0,,,
,0.0000000E+0,1.2513027E+1,0.0000000E+0,,,
,0.0000000E+0,1.2517027E+1,0.0000000E+0,,,
,0.0000000E+0,1.2521028E+1,0.0000000E+0,,,
,0.0000000E+0,1.2525028E+1,0.0000000E+0,,,
,0.0000000E+0,1.2529028E+1,0.0000000E+0,,,
,0.0000000E+0,1.2533029E+1,0.0000000E+0,,,
,0.0000000E+0,1.2537029E+1,0.0000000E+0,,,
,0.0000000E+0,1.2541029E+1,1.0000000E+0,,,
,0.0000000E+0,1.2545030E+1,1.0000000E+0,,,
,0.0000000E+0,1.2549030E+1,0.0000000E+0,,,
,0.0000000E+0,1.2553030E+1,0.0000000E+0,,,
,0.0000000E+0,1.2557031E+1,0.0000000E+0,,,
,0.0000000E+0,1.2561031E+1,0.0000000E+0,,,
,0.0000000E+0,1.2565031E+1,0.0000000E+0,,,
,0.0000000E+0,1.2569032E+1,0.0000000E+0,,,
,0.0000000E+0,1.2573032E+1,0.0000000E+0,,,
,0.0000000E+0,1.2577032E+1,0.0000000E+0,,,
,0.0000000E+0,1.2581033E+1,0.0000000E+0,,,
,0.0000000E+0,1.2585033E+1,2.0000000E+0,,,
,0.0000000E+0,1.2589033E+1,0.0000000E+0,,,
,0.0000000E+0,1.2593034E+1,0.0000000E+0,,,
,0.0000000E+0,1.2597034E+1,0.0000000E+0,,,
,0.0000000E+0,1.2601034E+1,0.0000000E+0,,,
,0.0000000E+0,1.2605035E+1,0.0000000E+0,,,
,0.0000000E+0,1.2609035E+1,0.0000000E+0,,,
,0.0000000E+0,1.2613035E+1,0.0000000E+0,,,
,0.0000000E+0,1.2617036E+1,0.0000000E+0,,,
,0.0000000E+0,1.2621036E+1,0.0000000E+0,,,
,0.0000000E+0,1.2625036E+1,0.0000000E+0,,,
,0.0000000E+0,1.2629037E+1,1.0000000E+0,,,
,0.0000000E+0,1.2633037E+1,0.0000000E+0,,,
,0.0000000E+0,1.2637037E+1,0.0000000E+0,,,
,0.0000000E+0,1.2641038E+1,0.0000000E+0,,,
,0.0000000E+0,1.2645038E+1,1.0000000E+0,,,
,0.0000000E+0,1.2649038E+1,0.0000000E+0,,,
,0.0000000E+0,1.2653039E+1,0.0000000E+0,,,
,0.0000000E+0,1.2657039E+1,0.0000000E+0,,,
,0.0000000E+0,1.2661039E+1,0.0000000E+0,,,
,0.0000000E+0,1.2665039E+1,0.0000000E+0,,,
,0.0000000E+0,1.2669040E+1,0.0000000E+0,,,
,0.0000000E+0,1.2673040E+1,0.0000000E+0,,,
,0.0000000E+0,1.2677040E+1,0.0000000E+0,,,
,0.0000000E+0,1.2681041E+1,0.0000000E+0,,,
,0.0000000E+0,1.2685041E+1,0.0000000E+0,,,
,0.0000000E+0,1.2689041E+1,0.0000000E+0,,,
,0.0000000E+0,1.2693042E+1,1.0000000E+0,,,
,0.0000000E+0,1.2697042E+1,0.0000000E+0,,,
,0.0000000E+0,1.2701042E+1,0.0000000E+0,,,
,0.0000000E+0,1.2705043E+1,0.0000000E+0,,,
,0.0000000E+0,1.2709043E+1,1.0000000E+0,,,
,0.0000000E+0,1.2713043E+1,0.0000000E+0,,,
,0.0000000E+0,1.2717044E+1,1.0000000E+0,,,
,0.0000000E+0,1.2721044E+1,1.0000000E+0,,,
,0.0000000E+0,1.2725044E+1,1.0000000E+0,,,
,0.0000000E+0,1.2729045E+1,0.0000000E+0,,,
,0.0000000E+0,1.2733045E+1,0.0000000E+0,,,
,0.0000000E+0,1.2737045E+1,0.0000000E+0,,,
,0.0000000E+0,1.2741046E+1,0.0000000E+0,,,
,0.0000000E+0,1.2745046E+1,0.0000000E+0,,,
,0.0000000E+0,1.2749046E+1,0.0000000E+0,,,
,0.0000000E+0,1.2753047E+1,1.0000000E+0,,,
,0.0000000E+0,1.2757047E+1,2.0000000E+0,,,
,0.0000000E+0,1.2761047E+1,0.0000000E+0,,,
,0.0000000E+0,1.2765048E+1,0.0000000E+0,,,
,0.0000000E+0,1.2769048E+1,0.0000000E+0,,,
,0.0000000E+0,1.2773048E+1,0.0000000E+0,,,
,0.0000000E+0,1.2777049E+1,0.0000000E+0,,,
,0.0000000E+0,1.2781049E+1,0.0000000E+0,,,
,0.0000000E+0,1.2785049E+1,1.0000000E+0,,,
,0.0000000E+0,1.2789050E+1,0.0000000E+0,,,
,0.0000000E+0,1.2793050E+1,0.0000000E+0,,,
,0.0000000E+0,1.2797050E+1,1.0000000E+0,,,
,0.0000000E+0,1.2801051E+1,0.0000000E+0,,,
,0.0000000E+0,1.2805051E+1,0.0000000E+0,,,
,0.0000000E+0,1.2809051E+1,0.0000000E+0,,,
,0.0000000E+0,1.2813052E+1,0.0000000E+0,,,
,0.0000000E+0,1.2817052E+1,0.0000000E+0,,,
,,,,,,
