#Acq. time (s)=	3
#Accumulations=	1
#Range=	Off
#Autofocus=	At all XY pixels
#SWIFT=	Off
#AutoExposure=	Off
#Spike filter=	Multiple accum.
#Delay time (s)=	0
#Binning=	1
#Readout mode=	Signal
#DeNoise=	Off
#ICS correction=	Off
#Dark correction=	Off
#Inst. Process=	Off
#Detector Gain=	Best Dynamic Range
#Detector ADC=	45 kHz       
#Detector temperature (°C)=	-60.1
#Instrument=	LabRAM HR Odyssey
#Detector=	Syncerity OE
#Objective=	x100_VIS
#Grating=	1800 (450-850nm)
#ND Filter=	1%
#Laser=	532nm_Edge
#Spectro (cm-¹)=	300.006
#Hole=	100.021
#Range=	Visible
#E-Cal_Neon=	0
#StageXY=	200x100mm Heavy
#StageZ=	Z motor
#X (µm)=	0.4
#Y (µm)=	0.3
#Z (µm)=	-985.6
#Spectral res.(cm-¹)=	2.2
#Full time(mm:ss)=	39:14
#AC=	Calibrated 2026-08-05 15:16
#Project=	A
#Sample=	B
#Site=	C
#Title=	_16_26_19
#Remark=	
#Date=	05.08.2026 16:26
#Acquired=	05.08.2026 16:26:55
#AxisType[0]=Intens
#AxisUnit[0]=Cnt
#AxisType[1]=Spectr
#AxisUnit[1]=1/cm
#AxisType[2]=XA
#AxisUnit[2]=µm
#AxisType[3]=YA
#AxisUnit[3]=µm
		36.5878	37.1156	37.6413	38.1691	38.6947	39.2203	39.748	40.2736	40.8012	41.3267	41.8543	42.3797	42.9051	43.4326	43.9579	44.4853	45.0106	45.5358	46.0632	46.5883	47.1156	47.6407	48.1658	48.693	49.2181	49.7431	50.2702	50.7951	51.32	51.847	52.3719	52.8967	53.4237	53.9484	54.4732	55	55.5247	56.0493	56.5761	57.1007	57.6252	58.1498	58.6764	59.2009	59.7253	60.2497	60.7762	61.3006	61.8249	62.3492	62.8756	63.3998	63.9241	64.4482	64.9724	65.4986	66.0227	66.5468	67.0708	67.5948	68.1188	68.6449	69.1688	69.6926	70.2165	70.7403	71.2641	71.7879	72.3138	72.8375	73.3611	73.8848	74.4084	74.932	75.4556	75.9791	76.5026	77.0282	77.5516	78.075	78.5984	79.1218	79.6451	80.1684	80.6917	81.2149	81.7381	82.2613	82.7844	83.3076	83.8307	84.3537	84.8767	85.3997	85.9227	86.4457	86.9686	87.4915	88.0143	88.5372	89.06	89.5827	90.1055	90.6282	91.1509	91.6735	92.1961	92.7187	93.2413	93.7617	94.2842	94.8067	95.3291	95.8515	96.3739	96.8963	97.4186	97.9409	98.4611	98.9833	99.5055	100.028	100.55	101.072	101.594	102.114	102.636	103.158	103.68	104.202	104.722	105.244	105.766	106.287	106.809	107.329	107.851	108.372	108.894	109.414	109.935	110.457	110.978	111.498	112.019	112.541	113.062	113.582	114.103	114.624	115.144	115.665	116.186	116.707	117.226	117.748	118.269	118.788	119.309	119.83	120.349	120.87	121.391	121.91	122.431	122.949	123.47	123.991	124.51	125.031	125.549	126.07	126.591	127.109	127.63	128.148	128.669	129.187	129.708	130.228	130.747	131.267	131.786	132.306	132.824	133.344	133.863	134.383	134.901	135.421	135.939	136.459	136.977	137.498	138.016	138.536	139.053	139.573	140.091	140.609	141.129	141.647	142.166	142.684	143.204	143.722	144.239	144.759	145.276	145.796	146.314	146.831	147.35	147.868	148.385	148.905	149.422	149.941	150.459	150.976	151.495	152.012	152.53	153.047	153.566	154.083	154.6	155.119	155.636	156.153	156.672	157.189	157.706	158.222	158.741	159.258	159.775	160.292	160.81	161.327	161.844	162.36	162.877	163.395	163.912	164.428	164.945	165.461	165.98	166.496	167.012	167.529	168.045	168.563	169.08	169.596	170.112	170.628	171.144	171.66	172.176	172.694	173.21	173.726	174.242	174.758	175.274	175.79	176.306	176.822	177.337	177.853	178.369	178.887	179.402	179.918	180.433	180.949	181.464	181.98	182.495	183.011	183.526	184.042	184.557	185.072	185.588	186.103	186.618	187.133	187.649	188.164	188.677	189.192	189.707	190.222	190.737	191.252	191.767	192.282	192.797	193.312	193.827	194.341	194.854	195.369	195.884	196.398	196.913	197.428	197.942	198.455	198.969	199.484	199.998	200.513	201.027	201.54	202.054	202.568	203.083	203.597	204.109	204.623	205.138	205.652	206.166	206.678	207.192	207.706	208.22	208.732	209.246	209.76	210.272	210.786	211.3	211.813	212.325	212.839	213.353	213.864	214.378	214.892	215.403	215.917	216.431	216.942	217.456	217.969	218.48	218.994	219.507	220.019	220.532	221.043	221.557	222.07	222.581	223.094	223.605	224.118	224.632	225.143	225.656	226.167	226.68	227.191	227.704	228.214	228.727	229.238	229.751	230.262	230.774	231.285	231.798	232.308	232.821	233.332	233.844	234.355	234.867	235.378	235.89	236.401	236.913	237.424	237.934	238.446	238.957	239.469	239.979	240.491	241.001	241.512	242.024	242.534	243.046	243.556	244.066	244.578	245.088	245.598	246.11	246.62	247.129	247.641	248.151	248.661	249.172	249.682	250.192	250.703	251.213	251.723	252.232	252.744	253.253	253.763	254.272	254.783	255.293	255.802	256.311	256.823	257.332	257.841	258.35	258.86	259.371	259.88	260.389	260.898	261.407	261.918	262.427	262.936	263.445	263.954	264.463	264.974	265.482	265.991	266.5	267.009	267.517	268.026	268.534	269.043	269.554	270.062	270.571	271.079	271.588	272.096	272.605	273.113	273.621	274.13	274.638	275.146	275.654	276.163	276.671	277.179	277.687	278.195	278.703	279.211	279.719	280.227	280.735	281.243	281.751	282.259	282.767	283.275	283.782	284.29	284.798	285.305	285.813	286.321	286.826	287.334	287.841	288.349	288.857	289.364	289.871	290.379	290.886	291.392	291.899	292.406	292.914	293.421	293.928	294.433	294.94	295.447	295.955	296.462	296.967	297.474	297.981	298.488	298.995	299.499	300.006	300.513	301.02	301.525	302.032	302.538	303.045	303.55	304.056	304.563	305.068	305.574	306.081	306.585	307.092	307.598	308.105	308.609	309.115	309.622	310.126	310.632	311.136	311.643	312.149	312.653	313.159	313.665	314.169	314.675	315.179	315.686	316.192	316.695	317.201	317.705	318.211	318.715	319.221	319.727	320.23	320.736	321.24	321.745	322.249	322.755	323.258	323.764	324.267	324.773	325.276	325.782	326.285	326.79	327.294	327.797	328.302	328.806	329.311	329.814	330.319	330.823	331.328	331.831	332.334	332.839	333.342	333.847	334.35	334.853	335.358	335.861	336.363	336.868	337.371	337.874	338.379	338.881	339.384	339.889	340.391	340.894	341.399	341.901	342.404	342.908	343.411	343.913	344.415	344.92	345.422	345.924	346.427	346.931	347.433	347.935	348.438	348.942	349.444	349.946	350.448	350.952	351.454	351.956	352.458	352.96	353.462	353.966	354.468	354.97	355.471	355.973	356.475	356.977	357.48	357.982	358.484	358.985	359.487	359.988	360.49	360.991	361.493	361.994	362.498	362.999	363.5	364.002	364.503	365.004	365.505	366.007	366.508	367.009	367.51	368.011	368.512	369.013	369.514	370.015	370.516	371.017	371.518	372.019	372.52	373.021	373.522	374.022	374.523	375.024	375.522	376.023	376.524	377.024	377.525	378.026	378.526	379.027	379.527	380.027	380.526	381.026	381.527	382.027	382.527	383.028	383.526	384.026	384.526	385.026	385.526	386.027	386.525	387.025	387.525	388.025	388.525	389.023	389.523	390.022	390.522	391.02	391.52	392.02	392.52	393.017	393.517	394.017	394.514	395.014	395.513	396.013	396.511	397.01	397.51	398.007	398.506	399.006	399.503	400.003	400.5	400.999	401.498	401.996	402.495	402.994	403.491	403.99	404.487	404.986	405.485	405.982	406.481	406.978	407.477	407.974	408.473	408.972	409.469	409.968	410.464	410.963	411.46	411.959	412.455	412.954	413.45	413.949	414.445	414.944	415.441	415.939	416.435	416.932	417.43	417.927	418.425	418.921	419.42	419.916	420.412	420.91	421.406	421.904	422.401	422.897	423.395	423.891	424.389	424.885	425.381	425.879	426.374	426.87	427.368	427.864	428.36	428.858	429.353	429.849	430.347	430.842	431.338	431.834	432.331	432.827	433.322	433.82	434.315	434.811	435.306	435.803	436.299	436.794	437.289	437.785	438.282	438.777	439.272	439.767	440.263	440.76	441.255	441.75	442.245	442.74	443.235	443.732	444.227	444.722	445.216	445.711	446.206	446.701	447.196	447.69	448.187	448.682	449.176	449.671	450.166	450.66	451.155	451.649	452.144	452.638	453.133	453.627	454.121	454.616	455.11	455.604	456.099	456.593	457.087	457.581	458.075	458.57	459.064	459.558	460.052	460.546	461.04	461.534	462.028	462.522	463.016	463.509	464.003	464.495	464.989	465.483	465.976	466.47	466.964	467.457	467.951	468.443	468.936	469.43	469.923	470.417	470.91	471.402	471.895	472.388	472.882	473.375	473.866	474.36	474.853	475.346	475.839	476.33	476.824	477.317	477.81	478.301	478.794	479.287	479.78	480.271	480.764	481.257	481.748	482.24	482.733	483.224	483.717	484.21	484.7	485.193	485.686	486.176	486.669	487.161	487.652	488.145	488.637	489.128	489.62	490.11	490.603	491.095	491.585	492.078	492.568	493.06	493.551	494.043	494.535	495.025	495.517	496.007	496.499	496.989	497.482	497.971	498.463	498.953	499.445	499.935	500.427	500.917	501.409	501.898	502.39	502.88	503.37	503.861	504.351	504.843	505.332	505.824	506.313	506.803	507.294	507.784	508.275	508.765	509.254	509.745	510.235	510.724	511.215	511.705	512.194	512.685	513.174	513.663	514.154	514.643	515.133	515.624	516.113	516.602	517.093	517.581	518.07	518.559	519.05	519.539	520.028	520.517	521.007	521.496	521.985	522.473	522.962	523.453	523.941	524.43	524.918	525.407	525.897	526.386	526.874	527.363	527.851	528.339	528.828	529.318	529.806	530.294	530.783	531.271	531.759	532.247	532.735	533.223	533.714	534.202	534.69	535.177	535.665	536.153	536.641	537.129	537.617	538.105	538.593	539.08	539.568	540.056	540.544	541.031	541.519	542.007	542.494	542.982	543.469	543.957	544.444	544.932	545.419	545.906	546.394	546.881	547.367	547.854	548.341	548.828	549.316	549.803	550.29	550.777	551.264	551.749	552.236	552.723	553.21	553.697	554.184	554.669
0.112262	0.08981	11	15	21	25	15	19	19	21	27	17	17	23	21	21	29	23	37	21	23	27	27	23	25	27	33	39	31	43	39	51	45	39	43	41	43	51	39	31	57	61	61	47	73	55	59	63	77	79	77	71	81	81	83	95	89	107	95	105	113	115	129	125	119	133	135	123	139	137	139	131	137	149	149	149	145	153	151	169	151	151	165	175	171	173	177	177	165	167	167	179	169	177	187	187	171	179	181	167	163	189	185	187	185	191	185	193	193	219	225	207	227	211	221	215	201	209	195	211	217	185	187	191	197	185	197	169	185	209	201	199	179	203	211	169	207	193	191	201	193	173	237	193	217	195	201	227	223	217	239	237	241	227	217	223	245	217	247	233	249	223	251	259	239	227	239	231	217	217	217	215	203	199	213	233	191	221	211	185	205	215	207	221	221	209	199	201	219	219	223	219	245	241	263	257	241	251	239	225	223	221	197	231	219	215	213	191	197	195	205	195	195	201	201	181	201	189	207	197	195	189	189	189	211	199	191	191	173	185	201	203	177	181	189	191	169	163	163	177	193	193	173	173	169	191	171	159	181	203	183	179	195	185	169	183	179	161	189	171	181	181	169	175	175	167	179	171	175	177	167	175	157	163	169	175	165	177	167	171	187	167	179	159	163	173	165	169	155	173	177	175	167	177	175	163	183	183	183	159	177	187	173	187	185	183	195	163	175	179	177	167	179	177	193	183	193	187	185	201	179	189	189	191	163	201	195	201	231	209	221	211	219	241	227	245	231	221	223	239	237	249	263	255	261	247	251	255	247	259	277	259	287	297	311	253	251	233	251	241	251	277	245	251	247	257	265	231	231	235	233	243	231	239	243	245	253	277	247	261	253	289	255	283	251	307	283	311	307	327	345	361	385	387	397	435	419	465	447	485	483	507	517	551	569	599	643	671	747	1003	1303	2149	3761	7065	10427	6353	2149	1019	717	559	511	467	485	487	523	561	573	619	599	541	593	607	631	649	745	757	767	757	651	497	373	359	307	303	299	285	291	277	261	275	269	257	269	279	245	245	253	239	229	231	223	215	237	257	225	233	219	193	209	221	241	233	237	207	229	229	215	215	211	209	215	223	215	215	217	221	221	199	201	203	191	203	197	185	199	193	189	189	183	179	185	199	173	187	149	183	177	195	179	177	165	179	177	193	177	189	175	179	159	161	181	191	187	171	177	173	175	177	175	171	171	163	195	181	193	173	177	179	183	157	167	171	193	191	169	189	163	185	161	191	185	181	189	179	183	169	193	191	189	199	185	185	185	189	189	191	203	185	213	191	205	187	195	209	197	193	205	193	207	219	195	201	205	173	171	207	207	207	213	211	211	205	199	209	215	203	211	213	229	199	199	207	187	197	221	219	205	221	217	199	213	189	215	213	215	231	241	231	225	225	231	207	203	211	211	237	211	233	209	239	241	237	249	229	231	215	219	205	231	215	211	225	205	211	207	213	225	217	211	213	203	209	239	237	215	237	229	247	259	309	297	283	269	247	247	209	223	227	211	215	219	219	199	209	205	207	207	209	209	219	209	215	197	183	219	195	219	217	219	215	213	223	225	229	233	241	249	225	251	243	237	255	249	255	261	249	265	253	263	261	249	235	213	217	209	197	185	191	191	201	195	191	179	191	179	189	169	195	195	175	179	167	167	199	179	181	195	177	169	191	179	175	191	171	171	187	201	179	163	175	185	175	171	199	173	173	179	183	165	183	169	179	191	183	161	175	177	185	177	189	173	171	179	167	177	175	189	165	181	179	195	169	169	183	173	185	175	169	197	187	175	191	189	193	179	185	181	193	195	179	183	193	189	183	181	181	183	197	165	163	185	165	193	181	169	187	193	187	187	183	187	199	169	175	179	177	173	175	163	189	191	189	181	201	179	191	179	169	181	193	187	185	177	179	199	189	193	211	189	197	205	199	199	201	175	169	203	207	195	189	187	187	195	205	193	197	189	173	193	189	207	187	191	199	203	207	193	207	197	185	185	213	219	213	193	205	201	215	213	221	235	213	219	207	239	247	213	223	227	229	231	235	231	241	217	241	229	227	237	233	249	223	219	223	211	217	229	221	235	221	221	217	213	211	217	211	191	231	207	215	209	203	205	211	235	203	193	205	193	209	213	203	217	213	209	195	211	207	185	211	207	195	219	203	185	205	197	199	219	205	209	195	193	183	183	187	199	199	199	203	195	187	193	199	173	195	183	189	187	191	193	183	195	197	193	187	189	185	181	187	175	191	165	187	183	165	181	183	191	195	177	165	181	189	169	171	183	183	189	195	183	197	187	181	165	167	177	191	179	177	169	161	169	171	183	185
0.112262	2.1811	11	19	19	23	21	27	25	19	17	27	23	21	21	27	19	29	21	23	35	25	37	37	37	33	35	29	41	35	35	41	37	43	47	31	41	41	43	45	63	53	57	65	67	65	75	75	75	83	75	81	81	97	97	99	93	117	103	123	127	125	137	129	135	133	153	143	145	149	147	171	147	151	155	191	169	193	169	167	177	177	191	181	191	175	195	213	213	203	181	203	191	187	203	209	207	221	221	215	197	229	203	239	219	243	231	239	239	255	247	267	265	279	277	283	285	285	283	277	251	279	265	251	267	269	239	235	255	247	261	233	253	251	237	255	255	215	245	257	245	249	255	245	259	299	305	289	327	297	323	331	309	335	297	321	345	347	345	337	367	339	357	337	315	289	297	303	287	303	297	267	283	279	279	283	297	285	287	297	261	293	277	261	269	261	289	287	303	279	309	321	339	393	403	407	417	411	381	365	347	319	311	291	307	277	293	287	265	261	263	267	263	261	257	249	223	241	241	251	235	241	233	253	243	231	253	243	225	245	219	239	231	213	221	201	207	209	201	205	209	219	217	213	211	213	215	227	211	211	197	217	225	201	207	205	211	195	191	187	205	189	185	193	197	197	183	215	197	205	179	187	205	189	211	205	195	205	189	191	191	191	203	191	209	185	191	203	193	185	217	189	213	197	211	221	207	213	195	205	203	235	197	203	191	199	213	201	223	209	209	193	231	211	211	217	223	227	219	229	235	227	221	229	249	237	267	283	289	315	313	323	337	315	331	305	323	317	325	335	335	339	331	337	337	347	355	347	371	373	399	373	415	419	393	403	407	399	361	375	357	357	359	371	351	355	387	359	335	377	349	375	383	361	361	349	409	375	419	391	441	419	445	443	453	517	485	561	555	571	623	615	629	661	685	701	755	745	759	829	857	899	913	989	1019	1099	1181	1365	1659	2235	3135	4483	6777	10125	14037	12311	7123	3583	2273	1693	1455	1213	1235	1215	1321	1425	1455	1525	1473	1437	1413	1445	1429	1303	1193	1117	1057	1051	955	815	639	549	495	463	447	413	401	429	399	383	413	363	339	367	375	319	351	333	317	339	305	297	333	315	295	299	285	287	301	291	287	279	311	309	313	311	295	279	279	283	291	295	277	303	299	289	277	273	265	267	247	233	213	243	213	217	217	229	213	223	229	217	223	231	207	203	201	209	223	217	225	227	217	209	237	207	205	215	221	215	207	219	227	217	257	243	285	309	411	597	639	451	341	259	257	223	263	221	219	213	225	239	215	229	209	215	231	221	215	213	209	237	229	219	217	221	221	219	225	221	223	235	227	243	227	235	225	259	205	229	223	233	253	241	231	243	243	263	241	245	265	231	255	247	259	269	251	291	273	291	273	299	281	277	297	271	289	283	275	295	271	287	273	273	293	307	297	283	307	289	275	295	301	297	331	311	315	297	299	281	293	287	293	283	275	281	309	323	341	357	331	341	303	299	307	299	309	279	277	263	263	277	255	289	263	263	267	277	283	287	297	301	317	317	337	391	419	435	481	513	467	421	353	327	325	293	295	285	279	255	259	285	265	257	269	257	251	271	261	273	269	275	285	263	267	283	293	277	307	303	297	315	317	323	357	383	399	401	379	415	405	405	437	415	415	393	361	385	361	351	329	293	275	275	247	249	241	231	235	229	227	209	215	213	203	221	215	205	207	213	221	221	213	221	201	213	197	213	205	223	215	187	205	203	211	195	193	185	201	187	195	187	197	199	199	203	207	187	205	205	193	191	201	197	197	197	205	215	193	219	199	207	191	211	195	209	197	207	197	213	205	221	197	187	197	203	211	215	213	195	209	207	217	195	197	193	215	195	213	219	191	215	205	231	209	209	219	219	219	221	221	213	207	203	195	229	221	193	219	209	209	223	225	203	191	211	221	231	225	195	239	225	245	229	227	219	221	229	211	211	195	211	203	215	227	221	197	211	247	243	219	245	233	221	227	227	219	227	221	237	251	251	225	229	227	237	235	237	215	229	223	219	213	229	241	233	247	265	237	253	249	263	243	259	277	269	287	267	307	287	301	305	305	303	299	311	291	317	315	295	295	337	303	319	333	315	317	323	301	287	317	293	293	291	301	287	293	291	277	289	277	279	285	283	287	279	275	273	257	289	287	269	285	259	269	265	311	253	265	273	263	285	279	281	265	257	275	261	241	255	259	233	233	239	237	247	223	229	245	223	221	233	205	243	241	231	233	213	245	235	209	219	231	219	219	233	223	223	223	231	223	215	221	235	215	207	221	209	213	209	195	201	207	201	187	213	193	185	195	213	197	193	203	201	209	201	197	193	195	201	203	179	201	185	193	199	203	197	201	199	201	195	205	209	203	195
0.112262	4.27239	15	15	15	19	21	21	21	21	29	15	25	19	25	25	27	25	25	31	27	39	29	25	31	31	37	47	31	43	37	41	45	35	45	33	39	51	43	49	53	67	53	61	71	65	77	91	81	81	85	97	97	97	107	115	105	117	115	125	139	127	141	127	149	153	145	169	177	159	175	177	173	167	175	201	195	201	203	199	181	197	209	203	221	179	215	211	227	217	207	221	219	211	219	231	233	219	233	229	235	221	223	265	237	245	251	243	263	293	289	301	339	335	345	357	357	359	335	335	309	323	301	307	291	291	289	291	283	293	293	275	289	287	271	267	283	315	285	285	285	299	319	303	335	323	353	367	375	379	407	417	403	445	397	423	439	445	443	475	431	457	453	417	351	355	337	343	341	321	339	337	317	353	351	339	339	343	327	359	351	331	345	347	327	345	333	337	367	359	365	371	419	471	517	553	529	537	479	471	429	433	395	379	379	359	369	329	325	307	303	307	307	309	313	281	293	311	265	291	283	269	253	269	281	277	273	267	255	259	283	263	249	237	231	243	221	233	225	247	227	223	219	213	223	221	241	195	245	217	211	207	219	207	207	219	219	249	225	221	223	201	213	207	223	205	203	201	221	215	195	203	207	211	191	243	203	191	209	193	219	211	223	211	205	235	205	203	207	209	217	203	211	219	203	223	215	191	225	205	217	229	223	223	211	201	211	235	219	217	217	221	225	241	253	241	225	233	229	241	249	251	247	253	267	267	281	317	365	397	401	395	429	417	405	411	409	403	403	411	417	415	409	425	439	399	419	449	457	483	477	519	559	549	559	569	511	525	515	543	493	497	493	495	479	457	471	437	461	481	449	477	511	453	483	475	485	525	527	523	621	551	587	617	629	671	687	763	773	831	875	909	933	959	999	993	1039	1045	1037	1083	1173	1191	1269	1337	1357	1473	1611	1751	2053	2539	3615	5127	7941	13177	22557	24911	15269	7193	4077	2949	2341	1887	1749	1989	2201	2335	2401	2473	2431	2515	2513	2481	2415	2073	1811	1611	1557	1477	1403	1177	949	759	661	601	557	555	533	541	525	485	481	475	459	427	419	413	393	395	395	379	367	381	377	359	347	377	377	375	373	355	369	347	361	359	377	355	373	359	385	373	349	375	365	369	357	343	353	347	329	321	307	279	275	281	241	269	257	233	233	263	247	237	235	219	241	239	235	221	233	225	249	233	247	243	211	235	233	205	237	247	227	235	255	267	271	313	321	419	635	971	1225	829	509	387	333	299	291	281	281	239	247	277	241	235	253	247	241	221	249	247	253	247	251	265	247	243	247	237	259	259	249	265	249	275	251	263	261	243	239	291	271	275	287	307	273	303	287	283	297	269	273	297	309	313	299	305	329	301	327	335	319	313	349	345	335	351	341	347	351	345	345	331	345	355	339	361	349	355	355	365	343	369	347	367	343	367	357	365	361	375	357	357	347	355	367	345	367	365	391	443	413	419	409	365	337	357	349	345	331	335	323	303	351	327	339	323	329	327	355	357	353	369	397	417	475	503	569	645	677	715	665	569	499	433	427	401	373	343	343	341	311	331	321	307	321	281	325	321	329	325	335	319	345	349	349	347	357	335	397	381	405	409	443	457	463	473	501	549	537	553	553	593	535	555	563	531	539	519	505	435	421	393	331	311	307	267	279	263	261	243	237	219	229	211	215	225	233	239	213	215	229	189	205	213	223	203	225	203	211	235	215	215	221	209	221	203	221	219	203	213	213	203	213	219	215	201	211	217	217	217	179	215	205	209	213	217	199	213	213	223	207	225	201	217	211	195	207	211	227	197	225	211	225	207	227	205	197	227	221	215	225	245	227	243	203	233	213	211	217	245	223	237	243	213	233	219	225	235	209	221	217	219	209	205	217	237	229	245	223	217	215	239	229	233	239	235	233	215	245	241	243	239	233	223	235	221	237	229	251	245	237	253	227	251	257	235	251	259	249	249	261	235	245	253	257	237	279	247	257	265	275	263	255	265	279	261	267	271	263	269	279	283	265	267	271	281	289	279	289	279	299	291	293	305	325	351	337	353	361	359	365	379	377	379	373	377	387	391	387	387	405	407	413	387	399	417	437	399	413	387	397	385	369	371	367	355	361	329	349	335	349	347	333	337	329	323	329	351	339	331	359	349	353	319	327	343	345	333	319	367	349	329	337	329	349	307	301	305	305	297	303	291	271	275	245	275	259	265	249	269	235	275	239	263	227	261	243	237	241	277	239	267	229	227	253	237	229	249	233	259	239	251	229	247	229	223	219	223	235	211	217	213	223	221	215	201	213	211	193	213	197	235	203	199	207	203	195	191	207	185	201	189	207	191	191	205	195	189	197	193	183	199	207	197	199	183
0.112262	6.36368	15	21	15	21	21	17	23	21	19	23	23	23	21	29	35	15	35	31	29	29	25	37	23	43	39	31	33	45	35	45	47	53	47	43	43	45	49	47	49	53	57	63	69	73	67	77	83	77	101	77	91	109	107	111	111	123	129	133	123	145	145	139	157	157	145	141	155	141	177	169	197	173	173	185	177	191	189	187	195	195	173	219	203	223	199	209	221	203	231	217	227	221	219	235	225	219	221	249	221	241	237	231	237	253	255	267	265	283	303	313	335	327	367	361	369	369	365	371	337	309	309	291	289	281	263	253	261	285	281	287	263	283	283	275	271	295	273	279	293	289	311	299	329	329	347	353	393	415	391	403	421	413	433	437	437	429	427	477	453	445	469	389	367	359	353	339	331	329	331	313	325	333	327	337	349	321	373	339	309	327	339	323	313	325	335	329	323	349	393	401	431	483	509	531	541	521	505	457	455	375	383	361	351	343	333	323	341	313	307	325	297	283	283	293	303	263	289	271	313	293	289	269	263	279	269	257	275	251	237	253	255	243	201	225	243	245	253	235	217	211	227	235	221	201	211	221	211	233	223	229	233	221	219	219	229	197	211	209	203	189	207	203	205	199	217	213	223	205	207	179	207	197	195	193	215	205	211	199	213	231	221	223	213	217	209	219	211	195	213	219	197	213	207	189	201	215	227	205	217	209	217	211	205	223	225	219	209	223	199	225	225	243	233	233	225	255	243	225	259	243	223	239	249	265	273	317	349	419	383	373	403	393	417	417	417	397	413	403	381	399	431	397	429	395	415	467	425	477	465	499	523	563	555	567	563	503	487	491	501	491	471	463	473	493	491	437	457	465	473	467	495	481	473	493	509	527	523	553	569	541	583	609	595	651	673	749	767	781	851	897	947	929	1009	981	1035	1015	1071	1113	1097	1137	1263	1351	1357	1415	1575	1757	1973	2377	3377	4865	7603	12459	22051	26065	16435	7693	4361	2899	2335	1825	1741	1809	2079	2261	2415	2481	2513	2533	2501	2559	2441	2129	1801	1685	1583	1501	1481	1253	1027	759	687	597	537	533	561	537	495	499	491	461	439	425	441	405	393	393	403	381	369	383	363	369	383	355	351	371	357	355	383	373	345	367	335	369	327	375	355	339	375	353	347	319	343	367	347	357	339	337	299	299	243	301	265	245	251	227	241	237	247	223	245	223	247	235	219	251	209	227	235	215	229	241	237	219	249	223	247	259	227	229	249	251	243	279	291	409	561	943	1239	941	565	377	329	315	291	299	261	255	247	263	231	261	247	239	241	239	237	241	243	229	243	239	247	245	251	243	243	265	247	235	269	241	247	263	249	247	255	257	283	287	285	283	297	293	275	283	277	297	275	275	303	295	307	291	335	351	317	311	313	351	349	337	351	335	347	341	341	353	355	349	373	355	347	363	383	359	349	361	365	373	375	363	363	337	327	365	373	375	361	345	333	335	361	375	353	381	419	405	437	409	413	413	385	349	323	355	353	317	311	279	301	343	317	307	315	319	341	351	347	379	385	383	447	473	537	657	705	735	665	601	487	471	403	361	373	375	351	317	325	297	341	305	325	313	299	329	301	313	319	343	331	337	359	369	329	359	367	359	385	381	423	423	445	483	537	519	545	579	569	575	605	583	589	597	527	499	463	447	415	375	343	295	315	283	275	255	265	243	235	229	221	239	219	225	205	243	221	217	219	229	219	219	219	199	235	235	209	225	219	215	223	199	213	211	233	211	211	207	195	215	201	191	201	193	207	201	223	205	189	195	193	207	209	209	209	209	203	197	205	215	217	191	223	199	197	211	211	217	211	217	201	205	189	209	211	219	217	213	227	225	201	233	221	217	219	205	237	247	219	213	217	231	235	197	229	235	211	209	221	225	225	249	237	223	249	233	215	225	225	213	237	247	213	237	227	251	239	233	249	225	213	211	253	249	227	249	223	245	229	247	225	255	229	223	231	257	217	237	231	249	273	243	231	259	263	249	253	259	241	241	235	265	269	261	269	255	233	267	269	263	243	279	279	287	263	279	285	267	287	299	309	299	327	331	355	367	373	365	379	377	371	387	379	371	347	365	375	379	397	385	403	405	409	421	401	419	405	377	371	385	417	377	361	323	349	365	349	357	343	325	337	323	359	365	337	347	361	361	351	327	329	345	333	345	337	323	339	339	323	349	335	333	321	309	287	299	277	285	293	271	265	273	271	261	269	259	259	253	261	251	251	247	251	259	259	255	235	227	233	239	237	247	247	259	241	247	225	235	233	241	231	239	251	247	245	231	227	223	229	213	207	221	219	211	211	209	207	201	217	197	211	191	183	179	181	205	203	221	201	211	179	183	197	191	211	183	185	195	189	193	195	189	201	207
0.112262	8.45497	15	13	19	19	21	21	23	19	23	21	27	21	23	17	31	27	33	25	35	43	21	33	37	27	31	27	37	39	39	41	39	47	39	39	45	45	53	51	53	61	65	59	83	73	71	85	73	83	95	97	89	105	95	129	105	121	127	125	139	145	125	135	167	137	167	159	157	167	177	167	175	207	203	205	203	183	197	197	199	209	195	203	219	197	209	207	213	209	223	217	223	215	241	217	233	245	235	237	241	249	225	235	243	261	261	269	277	309	307	289	323	337	345	353	333	389	355	341	343	321	305	325	331	295	299	295	293	287	293	287	279	265	297	303	293	287	311	281	289	323	321	309	365	369	375	363	385	419	385	453	423	399	437	417	451	433	445	459	469	467	437	389	381	377	367	347	323	329	345	325	319	327	337	347	381	367	333	367	327	355	317	327	329	321	337	337	339	359	363	405	441	465	533	515	569	527	473	477	413	437	393	413	381	351	355	361	343	325	313	317	297	305	277	287	325	299	319	293	275	277	295	301	285	291	303	257	283	257	261	251	251	239	255	213	233	227	237	233	229	231	255	267	241	243	221	217	213	239	233	209	223	229	233	239	233	213	207	217	223	215	225	217	213	207	221	231	203	217	227	221	211	201	209	213	205	205	225	197	205	189	225	201	223	231	221	229	225	225	211	219	209	227	207	219	217	219	203	211	189	213	239	233	239	213	205	231	237	221	249	235	231	235	243	229	243	223	249	261	259	247	281	263	281	283	307	369	389	397	395	419	409	415	417	417	427	413	409	417	433	419	433	413	435	447	449	461	481	503	511	499	545	551	541	545	525	507	545	499	523	507	499	475	495	517	479	483	475	473	487	477	495	515	461	535	555	529	557	573	569	589	617	643	659	745	725	793	801	847	913	969	969	967	1005	1007	1051	1059	1089	1157	1183	1253	1331	1411	1487	1571	1693	1885	2249	2953	4143	5997	9105	15231	24247	22587	12519	6325	3957	2947	2285	1979	1963	2153	2221	2475	2457	2513	2513	2491	2433	2349	2215	1993	1755	1613	1529	1421	1313	1079	883	725	607	609	591	595	537	551	491	499	495	463	473	451	423	391	405	393	407	393	399	389	379	367	369	369	381	367	361	363	363	373	367	385	381	391	381	355	357	363	379	365	377	349	369	343	345	341	311	313	297	263	277	267	243	251	255	267	253	245	241	263	265	245	249	263	237	251	249	239	243	247	235	247	255	213	241	237	261	265	247	241	261	301	281	317	383	451	657	1051	1151	763	465	369	329	317	295	267	303	265	283	261	251	263	263	243	255	255	251	257	261	245	245	255	253	239	249	255	265	263	263	249	279	271	271	243	277	263	271	267	293	287	281	311	321	301	327	281	299	287	309	297	303	313	313	315	335	327	339	353	339	357	355	351	371	355	333	355	363	367	339	385	383	353	373	359	347	355	403	387	359	369	377	367	383	379	345	313	365	397	373	377	363	369	349	371	377	403	433	455	451	419	405	381	349	375	361	363	355	327	347	327	327	341	337	323	367	369	343	387	389	407	405	459	461	541	605	667	737	687	653	577	469	433	379	399	351	357	349	321	303	357	299	317	327	315	335	343	343	333	311	353	335	345	363	349	367	377	403	389	365	443	403	465	481	519	543	557	585	569	587	605	593	569	565	543	501	487	473	415	395	381	331	317	301	269	273	257	267	243	249	243	219	231	243	237	209	223	237	235	231	217	213	215	229	217	221	225	209	217	215	209	217	217	217	221	223	213	223	209	223	231	211	207	205	219	213	217	207	219	209	213	199	193	211	219	215	209	223	203	217	217	217	225	215	211	219	233	221	225	229	203	229	215	235	211	231	225	203	229	251	227	245	229	229	221	229	233	233	215	247	241	223	229	223	229	207	239	217	233	231	243	233	235	229	235	237	213	239	211	241	249	237	237	237	251	227	237	253	253	255	221	245	259	239	245	247	265	259	259	269	259	263	261	267	273	289	267	269	257	271	255	259	283	267	257	271	251	245	275	261	259	289	243	293	289	299	291	275	269	267	281	265	285	285	281	291	293	291	307	275	303	323	305	323	333	347	359	369	371	373	383	385	381	381	359	419	379	399	397	389	413	409	435	435	457	425	385	411	421	377	371	379	377	381	379	359	339	355	383	363	353	349	335	341	339	357	369	343	353	343	333	355	345	373	373	349	357	367	339	341	331	319	309	303	299	321	303	287	301	293	279	271	263	289	269	255	251	257	257	287	249	249	267	253	253	245	243	253	231	243	261	273	229	245	261	229	253	235	263	253	249	235	257	251	245	263	239	255	215	227	239	229	231	223	223	209	221	205	205	231	199	211	207	211	209	213	217	217	221	203	223	201	211	193	225	199	199	227	207	197	197	223	195	201	205
0.112262	10.5463	19	11	23	23	21	21	23	27	21	27	23	23	29	27	29	29	25	25	35	35	37	29	29	31	41	43	31	37	45	39	51	43	45	37	53	45	39	55	53	57	57	65	67	63	75	79	77	81	95	83	103	99	111	107	107	125	119	133	133	119	135	149	141	139	153	153	175	173	169	163	161	187	185	177	203	175	191	183	201	183	191	199	197	203	207	195	225	193	215	223	197	217	201	223	225	227	217	241	203	221	241	227	239	255	257	243	263	277	317	325	327	343	361	335	363	363	351	315	329	297	337	309	291	271	285	283	305	269	291	263	265	281	285	299	273	285	279	289	311	283	293	311	339	355	351	351	389	359	397	377	413	411	411	411	423	463	437	467	471	455	425	395	373	355	339	339	307	323	347	347	321	321	335	357	337	345	335	325	353	337	331	339	321	311	311	355	341	319	365	415	453	483	511	533	533	543	485	467	429	431	381	375	365	343	353	315	339	321	313	317	289	297	269	305	271	285	273	277	301	271	275	271	271	263	259	251	247	263	257	251	217	235	227	251	227	213	221	229	213	233	201	217	225	229	227	223	237	229	209	221	211	213	231	203	201	211	217	213	197	205	221	211	213	217	191	211	209	197	213	195	223	205	209	203	207	207	211	187	211	203	209	191	215	207	201	215	183	211	217	221	207	213	215	215	211	211	209	189	231	211	199	205	201	207	237	221	241	217	223	241	239	229	249	229	235	239	259	241	239	251	241	261	251	277	295	327	349	401	397	389	415	407	419	425	415	431	401	395	421	423	419	397	405	395	429	449	487	481	511	509	543	559	573	527	547	523	491	497	479	493	495	499	479	491	465	453	463	471	459	493	511	477	469	467	483	517	519	547	565	555	595	589	613	677	683	731	779	803	837	923	947	983	991	995	1063	1083	1109	1123	1131	1251	1293	1335	1375	1497	1619	1809	2149	2703	3711	5457	8119	13359	22799	25093	15041	7321	4143	2937	2291	1835	1827	1931	2123	2285	2487	2437	2443	2459	2515	2561	2385	2133	1763	1637	1585	1493	1393	1253	975	705	649	597	557	553	531	503	507	501	485	469	463	421	405	421	395	427	365	373	387	373	375	387	359	353	399	357	361	377	375	373	365	361	379	353	361	371	359	355	359	353	375	343	365	349	357	327	321	313	297	283	269	233	257	237	233	247	247	223	229	251	243	239	239	249	233	227	249	227	239	233	225	223	253	227	241	237	227	247	227	249	251	255	275	297	343	437	631	997	1187	805	493	335	313	291	273	269	249	255	251	271	251	283	233	253	245	243	229	239	251	253	225	249	255	231	253	249	237	245	243	251	255	247	243	271	251	243	259	265	295	283	291	293	289	289	287	287	297	313	283	299	293	323	319	319	311	339	323	337	345	349	333	357	319	335	327	343	349	347	337	341	353	373	349	363	353	345	345	349	357	351	367	351	365	375	347	347	373	363	359	329	349	349	339	339	349	365	393	419	443	409	387	347	367	331	319	331	323	329	323	325	311	331	323	335	315	349	327	357	341	361	379	419	457	515	571	641	681	693	669	575	479	425	439	351	357	329	323	325	315	309	325	281	279	349	321	315	313	293	305	301	323	331	323	335	369	373	353	375	395	445	417	467	457	489	497	549	559	563	587	555	601	605	559	549	549	519	469	443	405	379	359	335	281	271	255	253	231	265	223	225	245	217	227	229	215	227	217	217	217	223	211	219	199	225	213	203	199	209	205	197	213	205	197	203	201	181	201	219	215	193	217	209	217	199	195	199	211	199	197	205	187	213	213	217	209	219	199	195	195	191	201	207	197	187	191	195	197	215	213	201	209	205	213	229	233	223	205	221	207	233	207	213	227	227	209	221	195	207	205	215	205	229	211	231	225	221	211	235	221	217	215	223	203	211	233	223	237	231	225	229	239	241	233	239	253	249	239	247	237	239	229	225	251	243	235	249	241	237	213	233	241	245	253	247	257	253	241	251	263	239	251	259	257	259	273	247	273	257	229	251	249	235	275	265	261	255	245	283	259	263	273	261	259	271	265	267	275	301	303	275	299	307	319	321	335	375	351	357	389	363	341	367	381	383	363	379	371	369	357	419	389	411	401	399	391	377	417	385	357	351	355	363	343	349	329	333	359	341	327	337	321	343	319	339	329	337	333	339	349	329	349	323	341	351	353	325	311	355	327	337	337	335	311	303	269	301	275	285	277	271	285	255	279	259	251	261	247	257	245	257	289	229	241	239	241	253	237	219	259	235	249	241	241	241	247	227	255	247	225	239	245	235	209	219	229	245	213	213	211	211	213	197	197	185	207	191	213	191	191	211	183	197	207	191	179	203	207	195	205	187	195	209	195	201	195	187	199	193	193	205	199	185	195	181
0.112262	12.6375	19	9	19	19	15	25	15	31	27	27	23	17	21	17	25	23	31	25	29	23	27	33	29	31	29	33	35	47	41	41	45	43	51	51	51	41	45	53	65	59	47	61	65	81	77	81	83	87	95	97	97	95	109	115	107	117	121	121	127	123	131	125	153	139	147	147	157	171	169	153	175	179	145	197	189	195	185	165	183	185	201	185	239	195	199	219	223	207	195	209	207	201	217	225	205	229	239	215	223	241	225	255	247	231	249	251	267	289	285	311	297	333	353	363	327	371	349	341	319	319	293	301	283	267	283	279	273	263	277	277	271	277	279	247	299	295	285	295	287	309	319	317	327	353	355	381	385	365	403	389	399	399	403	447	417	449	409	461	469	451	425	403	387	343	347	347	299	339	337	327	331	333	359	345	357	355	337	307	341	331	315	329	315	323	349	337	359	345	387	377	439	483	541	517	521	525	489	493	427	403	375	335	365	337	321	341	323	315	295	281	279	305	299	295	281	277	275	289	291	281	267	261	257	235	265	275	263	233	265	261	227	247	249	237	241	211	211	223	219	223	217	211	219	233	227	221	223	215	225	237	215	229	223	219	215	213	205	221	209	207	191	193	205	203	213	205	191	229	219	213	205	191	227	207	201	193	219	205	207	191	223	225	215	191	181	211	205	215	195	237	217	217	229	215	207	207	207	215	215	227	211	219	223	223	207	247	215	207	205	239	231	217	219	245	251	243	235	237	233	241	249	259	243	257	279	345	381	381	423	391	391	389	419	419	415	397	401	403	399	399	407	419	459	441	437	449	447	479	475	547	525	565	557	555	521	497	511	491	503	491	527	475	491	469	475	463	459	481	443	471	477	461	459	505	523	517	523	547	543	581	565	595	643	669	695	723	807	867	863	951	913	1007	1037	1017	1071	1055	1089	1147	1135	1179	1269	1309	1399	1473	1665	1825	2163	2761	3961	5615	8223	13547	23167	24839	14411	6897	4139	2913	2227	1863	1859	1939	2163	2263	2445	2419	2499	2487	2469	2451	2319	2069	1803	1605	1529	1507	1383	1143	927	729	635	613	581	525	513	513	511	509	507	453	435	435	413	399	383	389	387	403	373	399	391	369	363	351	355	359	387	367	401	361	339	361	363	349	349	379	355	357	343	355	339	359	329	359	341	337	335	305	291	263	271	251	253	235	247	239	255	257	247	237	229	251	225	243	209	251	233	229	235	227	245	223	219	221	221	229	241	229	229	241	253	267	297	281	343	449	645	1061	1193	771	493	373	323	303	277	269	259	247	265	227	259	263	241	247	247	255	245	269	243	249	249	229	265	251	235	253	259	247	251	249	261	253	255	263	269	261	257	271	269	281	287	291	287	287	283	277	261	287	297	285	281	285	319	323	321	319	333	337	329	337	347	327	333	333	359	347	343	345	329	319	359	373	365	373	359	339	373	355	341	393	381	379	373	357	373	339	371	359	359	351	347	347	341	341	371	383	419	413	447	417	361	369	363	343	351	341	303	327	315	341	339	303	335	337	345	369	333	343	355	365	397	417	485	525	603	673	691	681	653	547	487	423	387	393	353	331	347	327	301	321	331	327	321	327	327	323	295	327	315	343	349	341	345	323	359	343	369	387	375	415	429	433	461	479	515	543	553	561	549	575	601	575	579	529	529	481	469	461	399	367	329	315	277	271	255	265	241	257	255	217	229	255	225	223	211	201	231	223	227	205	223	219	221	215	229	229	207	205	201	197	221	219	207	215	201	195	205	217	201	209	189	211	211	211	203	205	201	207	221	209	217	221	209	219	207	203	185	199	195	199	205	193	215	209	211	199	215	221	213	221	219	227	221	209	211	229	205	217	221	231	237	237	241	217	241	217	245	221	241	221	231	211	199	211	215	239	223	225	219	219	229	225	223	225	225	225	225	217	237	217	237	213	241	221	251	263	213	239	253	259	259	225	237	229	227	243	255	219	239	227	237	253	255	243	247	257	265	251	251	263	255	269	249	267	257	255	227	257	253	279	271	275	249	261	269	275	257	277	289	267	273	277	267	281	265	281	279	281	285	279	301	309	325	333	339	355	367	369	371	375	393	349	363	385	381	381	377	381	371	411	379	385	409	397	389	395	379	387	387	387	377	349	351	341	365	359	337	337	341	357	343	329	335	353	355	337	321	335	351	329	355	333	343	333	343	309	339	359	321	343	313	351	297	299	305	295	281	269	301	275	273	265	265	265	261	277	267	267	291	255	257	239	249	247	249	217	249	233	255	241	233	261	239	241	257	241	229	241	235	247	235	233	253	241	237	235	243	225	243	245	211	205	199	207	217	221	197	213	207	205	211	185	197	219	187	217	195	201	213	217	203	201	193	193	181	193	187	201	203	205	183	189	175	195
0.112262	14.7288	17	17	23	29	21	25	27	23	23	25	33	15	29	23	25	29	27	31	29	27	33	29	29	27	35	31	37	41	41	45	49	45	43	43	63	49	43	43	57	55	53	67	73	71	73	77	73	87	83	93	97	99	103	107	121	119	119	129	121	127	133	135	159	163	155	153	177	163	151	165	169	173	181	177	177	193	197	183	183	193	215	205	211	197	201	195	231	221	231	219	195	247	225	223	227	219	211	231	233	227	227	225	259	247	253	263	251	299	273	329	341	335	363	375	383	359	353	361	317	329	275	285	281	279	281	279	273	271	279	289	287	275	283	269	271	311	283	297	313	311	289	311	359	335	355	361	389	405	395	401	385	391	419	425	459	483	409	447	443	467	423	419	377	385	345	329	351	317	329	333	305	339	321	343	375	337	335	335	321	339	329	331	335	313	325	339	341	351	359	405	431	453	531	535	547	519	485	441	405	403	367	353	335	343	327	329	297	333	289	297	315	297	291	295	297	275	299	283	295	287	271	277	243	273	253	249	269	239	261	227	241	255	235	235	221	211	247	239	235	229	233	225	233	237	219	227	215	211	211	221	205	215	223	211	215	223	231	225	211	205	227	213	203	203	193	213	203	215	201	221	209	205	203	217	203	193	207	205	221	197	189	213	215	189	187	203	205	211	199	203	207	195	203	211	199	215	207	219	221	205	213	207	227	239	233	201	217	215	215	235	223	243	237	219	215	229	219	235	223	233	233	247	231	255	277	341	355	377	409	417	409	409	379	409	407	425	385	407	431	389	387	441	425	437	437	427	445	453	513	513	525	551	585	541	505	527	491	509	505	455	471	455	451	503	463	467	465	479	473	497	493	483	471	483	511	511	527	541	537	569	569	615	633	681	715	741	811	819	883	925	909	951	965	983	1027	1051	1097	1087	1129	1267	1225	1325	1351	1471	1519	1739	2011	2561	3513	5133	7659	12473	22373	25795	14795	7031	4077	2765	2181	1793	1763	1945	2103	2323	2385	2433	2469	2485	2505	2565	2343	2023	1787	1657	1541	1475	1385	1215	943	715	627	595	565	549	533	513	509	471	489	473	453	413	413	413	393	369	391	389	371	375	359	379	367	359	351	349	377	369	393	343	371	365	357	359	363	365	359	381	357	361	375	353	323	335	327	353	317	299	299	265	279	271	255	251	265	247	245	245	245	249	235	263	225	249	249	241	225	227	237	217	225	233	235	245	213	213	231	251	239	235	253	259	267	291	325	457	647	1045	1175	785	451	355	303	301	275	263	259	235	257	263	253	267	257	247	259	241	235	239	241	247	247	221	247	239	253	235	253	263	243	255	271	239	253	273	265	255	273	285	277	295	273	295	297	293	285	257	263	289	291	287	291	285	311	297	321	329	327	333	329	349	337	341	317	329	331	341	349	325	371	327	375	327	343	371	339	359	379	365	355	349	347	367	359	377	347	365	347	349	343	335	363	355	353	339	375	391	397	437	447	391	383	353	347	335	359	341	327	317	319	331	351	325	349	339	347	329	345	349	343	365	381	401	469	519	583	669	689	731	645	551	469	415	411	387	363	349	319	333	323	323	325	309	305	295	291	315	283	317	331	313	347	325	331	329	359	349	369	377	381	399	419	467	429	501	477	537	537	553	587	559	571	587	625	517	513	517	431	457	429	361	313	319	275	281	255	249	249	243	251	237	235	217	217	239	225	223	211	233	229	209	221	207	213	197	219	225	219	229	211	201	215	195	199	205	187	211	199	207	215	213	195	223	201	203	203	193	191	211	197	211	193	191	193	217	205	189	221	213	217	219	199	205	219	195	209	223	197	221	217	235	203	211	211	213	211	221	209	197	207	231	221	207	227	221	221	235	207	223	205	227	217	215	205	211	219	229	207	235	223	225	223	237	231	211	225	233	219	227	219	211	217	245	243	245	253	211	223	251	219	231	207	245	221	241	231	219	243	227	245	235	245	237	241	251	229	255	263	255	289	253	251	247	265	265	261	281	273	253	263	257	255	255	259	275	253	263	269	269	253	247	267	287	283	283	275	285	293	281	281	295	307	307	321	335	357	355	331	355	359	377	361	363	383	385	365	355	343	371	395	399	395	415	429	393	431	401	389	397	399	365	373	361	375	353	347	337	329	373	335	343	347	335	335	331	339	343	343	325	343	331	331	323	325	349	357	351	359	349	353	355	341	317	325	313	301	295	257	279	285	275	307	255	279	253	271	273	273	233	249	251	237	239	245	251	247	249	241	225	235	221	239	233	225	241	241	269	227	251	247	251	227	225	217	245	229	237	227	229	213	221	209	191	223	219	217	191	207	189	199	189	211	187	203	181	211	207	207	201	185	195	189	199	203	195	207	219	211	191	205	213	201	197	199	199
-1.0852	0.08981	15	9	17	21	25	25	13	21	21	21	23	17	19	23	25	19	25	23	25	29	29	33	19	35	25	31	25	31	39	45	33	35	39	49	47	47	47	41	47	55	57	43	63	59	57	69	67	69	67	79	75	89	75	91	85	91	103	103	103	107	129	105	107	111	123	135	139	127	133	143	137	129	155	147	129	149	139	149	153	149	169	145	147	155	155	167	171	149	153	173	181	185	185	159	153	167	169	173	185	177	173	175	177	189	177	183	187	193	203	229	215	211	209	229	189	207	201	227	187	183	193	185	181	197	179	187	177	195	199	183	203	169	181	189	197	193	183	179	193	197	207	197	191	207	199	213	209	233	237	221	235	221	219	241	231	225	243	249	233	243	225	233	221	225	221	211	209	203	209	199	191	203	213	213	219	209	213	239	217	217	221	223	205	207	205	217	201	203	213	245	233	259	281	269	255	247	263	253	239	225	213	209	191	203	193	209	201	205	203	217	199	221	187	189	185	195	179	187	183	187	185	183	167	193	173	189	181	175	181	157	175	187	173	187	169	161	161	169	169	167	177	169	181	167	173	149	175	177	183	161	173	177	175	157	169	161	169	171	157	147	151	159	167	151	167	149	165	151	151	179	157	169	157	181	163	153	167	159	169	179	169	153	153	159	161	179	169	145	169	165	163	175	161	171	157	157	155	159	167	163	175	171	177	181	159	153	183	173	195	189	175	163	171	161	157	189	175	177	179	193	179	183	179	195	203	211	211	235	219	227	213	213	237	235	225	251	259	255	251	249	255	267	265	249	285	261	259	265	293	269	301	311	289	297	267	273	253	265	247	253	249	275	253	261	263	233	239	231	247	243	261	227	229	263	259	265	267	237	257	283	285	303	303	319	319	301	355	339	349	355	401	429	463	449	481	477	483	473	515	541	563	617	637	659	687	767	865	1041	1467	2331	4107	8107	12757	6953	2279	1049	741	607	553	545	489	527	525	581	669	641	633	641	617	669	705	743	771	867	885	841	755	501	429	367	349	327	305	287	289	285	297	279	277	283	261	273	235	263	255	245	235	241	213	227	231	233	213	233	227	205	227	211	221	201	235	219	207	219	235	207	209	219	219	217	213	207	213	217	191	207	205	211	185	197	189	175	175	161	185	183	171	171	175	181	197	167	169	171	161	187	159	155	179	175	169	161	171	159	179	153	171	181	179	155	161	165	173	159	151	161	181	173	175	163	169	163	167	159	163	169	177	163	161	175	171	187	145	177	157	159	175	175	173	173	169	181	185	183	179	189	179	195	175	175	197	195	191	189	181	183	191	177	175	193	181	201	179	205	199	183	199	199	199	189	175	175	177	181	185	221	217	207	191	209	195	193	219	203	207	189	199	209	185	223	223	217	199	193	201	215	215	205	209	247	213	221	221	203	239	219	217	195	217	189	197	203	195	213	197	209	229	213	223	217	229	239	203	223	215	217	213	209	199	175	201	207	195	193	209	203	211	201	203	219	217	213	221	243	223	247	281	309	317	271	277	247	237	223	215	219	207	211	205	211	207	203	213	215	215	221	211	213	195	207	193	231	221	223	209	215	213	219	223	233	235	231	223	233	229	237	239	249	263	257	267	257	265	275	261	267	277	257	261	259	229	215	187	205	191	181	197	179	175	183	179	175	197	183	163	185	173	173	181	179	169	185	181	173	155	175	185	161	165	189	177	169	169	163	163	177	167	167	161	165	169	169	179	187	155	173	173	169	163	179	173	201	157	173	171	177	181	173	183	167	173	165	161	161	165	175	165	187	177	173	157	179	177	189	179	173	173	167	177	165	193	177	169	179	185	169	197	183	187	175	161	173	171	177	195	189	181	189	167	183	179	187	177	167	191	181	177	189	175	167	181	169	171	179	159	173	181	181	173	181	171	175	183	155	171	183	177	177	173	185	175	185	177	205	175	173	191	181	185	175	179	195	169	185	171	179	185	171	179	191	189	183	183	193	187	187	183	171	191	199	185	181	185	193	173	187	191	199	195	197	207	183	223	207	205	213	219	187	227	223	217	221	219	219	225	217	221	215	203	215	235	227	233	231	225	241	221	225	213	217	207	225	209	213	203	215	219	201	217	219	205	215	181	211	221	205	217	213	187	221	207	205	205	221	211	205	195	221	225	213	207	213	209	211	207	207	199	201	199	227	185	195	177	197	185	203	181	203	183	211	197	193	183	185	197	183	197	181	185	191	187	187	187	199	179	173	169	173	173	185	161	173	179	181	179	177	169	185	159	165	163	171	169	175	167	171	169	193	183	157	173	171	173	165	171	163	159	155	175	171	159	167	145	171	159	159	169	179	159	153	175	161	173	173
-1.0852	2.1811	13	17	21	13	21	23	19	19	17	25	15	17	25	31	27	25	31	23	25	27	25	27	33	37	29	41	31	27	39	35	45	37	41	39	41	47	31	47	55	47	55	59	57	71	69	79	69	77	69	83	81	79	97	101	103	103	107	111	103	103	111	107	119	125	127	123	125	139	123	137	145	145	143	147	139	169	161	153	165	165	165	171	157	167	177	161	171	175	169	181	183	177	175	175	181	173	171	193	169	177	197	201	195	171	207	191	191	189	225	219	229	209	219	245	217	203	217	219	207	207	189	215	183	213	203	203	187	187	191	207	189	195	205	203	213	203	197	205	225	191	219	213	199	187	223	233	245	239	225	233	245	231	245	271	255	249	247	243	273	263	267	231	251	231	241	237	221	215	217	219	231	201	211	229	217	231	227	197	227	227	223	217	225	235	211	215	227	213	229	231	239	285	291	285	259	265	255	283	251	245	227	203	229	221	211	235	223	223	201	207	185	181	205	179	195	197	207	195	205	193	191	191	199	193	215	185	193	187	181	203	173	171	189	171	181	189	191	185	163	169	181	185	171	189	155	173	171	177	171	165	173	167	181	163	171	185	185	179	161	167	153	173	169	173	167	189	165	181	159	149	181	173	169	181	189	157	175	163	167	173	171	169	175	185	191	177	175	167	169	187	165	163	165	169	181	171	157	165	193	171	179	175	181	185	165	187	187	175	177	205	179	193	191	183	179	183	187	169	185	201	179	201	199	197	205	213	233	231	227	223	219	243	219	239	255	251	243	243	251	263	267	249	245	285	273	267	285	283	279	307	301	311	313	295	273	291	273	259	267	257	267	279	281	263	255	251	259	259	245	259	241	245	263	251	237	243	267	271	277	287	297	283	279	319	321	327	361	297	337	395	403	415	431	451	427	475	499	499	509	519	533	577	603	661	691	733	801	1017	1383	2045	3609	7119	11387	7369	2695	1155	783	605	545	487	507	487	541	573	607	635	627	569	625	629	659	669	729	797	819	839	833	639	491	373	361	309	291	287	291	295	293	285	259	289	283	263	247	255	271	259	243	261	271	249	233	243	241	229	229	243	249	229	239	211	233	233	233	219	215	235	205	229	221	227	241	221	215	205	207	215	207	215	197	197	177	185	195	179	179	195	185	199	181	185	177	181	189	189	187	173	183	191	185	195	179	175	191	185	173	193	173	197	173	173	159	185	179	195	181	175	179	179	175	175	177	171	191	171	183	187	185	155	187	177	165	175	201	169	181	177	173	169	185	183	187	199	171	177	211	165	189	187	191	195	179	185	189	185	199	179	173	199	223	181	189	207	205	203	177	191	201	191	183	197	197	193	205	189	205	227	199	223	219	207	207	215	219	239	205	211	217	215	217	211	211	213	195	225	213	213	209	223	217	217	209	231	247	219	219	233	235	211	223	229	213	233	217	211	229	211	225	231	213	227	235	241	229	225	233	225	219	203	221	183	205	215	225	217	213	213	215	207	195	215	259	211	247	229	261	245	251	291	309	315	293	257	231	225	215	217	207	215	199	201	211	211	193	191	205	225	197	207	207	229	209	213	213	223	203	207	213	221	213	225	219	233	205	253	221	245	253	253	261	263	253	261	247	253	269	255	269	281	251	253	221	221	199	203	195	209	195	187	187	185	195	157	199	181	181	169	183	177	183	181	177	189	169	179	171	179	169	173	175	185	183	193	181	207	177	177	171	181	161	175	177	195	185	155	183	171	181	195	191	191	185	185	189	173	177	187	167	189	171	183	185	169	191	185	187	169	185	175	173	179	193	179	185	195	175	171	173	189	177	173	197	195	179	177	187	179	187	193	197	171	181	185	181	163	185	191	191	181	175	193	197	177	189	173	201	187	179	165	205	185	157	189	193	189	183	183	175	197	179	183	189	185	195	191	189	191	193	185	183	203	177	199	171	197	183	177	183	197	197	203	189	193	201	185	187	177	191	199	205	187	195	177	203	199	205	207	191	209	205	191	173	209	191	221	213	213	197	195	195	213	193	215	211	225	201	233	211	239	223	209	221	231	221	241	227	225	225	235	227	215	239	229	227	231	243	231	229	251	227	233	223	231	229	213	219	209	227	197	233	221	227	225	213	223	201	213	207	219	207	217	205	207	221	217	223	201	201	221	225	207	223	231	209	217	205	213	207	223	223	211	215	213	199	189	199	203	183	205	183	205	207	185	199	207	199	203	197	207	203	185	197	197	181	203	197	179	191	195	181	189	201	179	191	167	175	195	177	191	181	193	197	195	171	177	175	197	169	175	167	179	179	175	175	185	189	163	175	171	163	175	187	181	189	185	177	179	175	195	177	181	189	181	163	195
-1.0852	4.27239	15	15	17	19	21	25	15	25	19	25	19	15	25	27	21	23	19	19	29	21	33	19	29	41	29	29	35	31	33	35	47	43	33	41	47	47	47	49	55	61	61	51	63	67	73	75	83	85	85	87	93	109	107	111	107	113	117	123	113	123	131	135	133	137	139	149	163	159	169	157	169	181	175	175	171	193	175	185	191	181	217	177	205	205	199	203	211	197	201	207	215	203	191	215	227	217	221	225	221	229	223	221	247	237	243	247	255	275	291	301	311	349	347	335	353	375	359	337	331	337	293	293	253	247	297	283	281	245	253	279	261	291	255	269	259	271	281	265	293	287	301	327	329	351	325	381	379	387	419	385	411	413	415	405	415	415	431	465	425	495	445	405	399	357	353	359	323	323	301	313	321	319	329	329	325	351	339	343	345	357	321	315	305	311	337	299	311	343	351	397	413	445	539	557	553	527	495	493	441	387	411	361	367	343	333	307	343	307	279	287	287	293	267	277	285	289	283	265	275	267	289	279	273	251	263	251	229	261	247	241	237	267	227	233	247	201	199	209	219	217	205	207	221	219	223	209	213	215	217	191	207	195	195	195	191	209	199	211	187	215	191	191	187	217	193	201	199	181	193	205	181	193	187	189	201	181	195	225	191	195	203	189	203	201	185	199	177	193	191	189	191	205	195	195	215	209	191	205	209	201	201	203	197	183	217	203	205	201	213	211	229	239	199	205	205	213	235	241	213	231	223	215	241	237	243	305	321	379	377	413	395	403	399	421	415	391	417	381	387	405	403	395	401	413	435	425	431	461	471	511	503	559	589	575	525	503	497	513	487	477	503	485	441	511	457	475	455	463	499	487	483	487	473	463	483	477	517	551	557	565	549	599	611	637	665	719	737	863	829	903	909	959	1011	967	1023	1041	1081	1117	1105	1191	1275	1309	1355	1447	1563	1705	1983	2411	3251	4877	7679	12813	22297	26587	17031	8033	4473	3037	2355	1963	1767	1877	2041	2255	2461	2563	2495	2555	2623	2507	2435	2253	1923	1663	1595	1515	1497	1291	1061	799	681	609	563	567	571	509	495	487	475	469	447	433	439	387	399	375	355	353	369	345	363	351	383	373	369	345	361	357	371	353	357	347	339	365	357	337	343	357	301	333	355	341	375	335	345	327	325	329	299	303	265	249	257	245	225	223	211	221	223	233	229	217	215	207	219	225	207	219	237	223	211	199	213	227	219	213	209	227	219	221	239	245	255	287	301	383	515	885	1235	963	609	373	329	293	259	255	273	239	223	249	239	231	233	229	211	231	247	247	227	217	237	239	207	221	221	215	237	245	221	233	243	217	241	253	265	225	221	259	245	267	267	287	291	303	269	287	257	265	281	269	271	289	279	307	307	315	325	295	299	329	331	347	325	313	335	329	345	349	339	359	325	339	357	331	335	377	369	333	339	339	343	331	357	353	331	351	339	359	337	335	327	319	313	301	333	365	393	393	417	397	409	397	379	375	325	333	327	311	323	313	299	301	323	313	321	317	317	323	335	367	365	379	393	501	559	615	683	723	699	631	529	505	421	389	379	325	309	329	327	311	291	307	271	279	283	305	305	309	321	327	307	345	327	371	315	349	359	341	373	391	401	427	453	449	493	523	503	535	551	559	569	557	547	559	521	483	495	449	415	373	367	323	279	253	259	235	265	211	215	223	217	227	213	213	199	215	211	197	197	201	201	199	217	191	193	181	193	185	195	201	185	197	173	203	193	205	193	185	199	189	189	181	227	191	203	193	187	187	185	183	193	177	181	183	183	191	195	167	191	207	193	183	177	179	185	179	185	193	191	213	193	193	189	221	205	195	191	197	205	199	185	197	193	211	187	217	197	207	195	179	209	207	201	183	189	205	193	189	201	209	219	203	209	205	213	199	217	197	209	201	205	211	201	219	217	219	215	231	229	221	219	215	215	205	215	217	225	227	223	219	197	225	201	235	233	231	225	247	245	261	263	261	265	243	245	255	237	241	227	237	243	235	249	217	245	245	243	241	249	265	251	253	271	245	247	279	253	275	269	271	289	289	313	307	331	323	341	333	345	343	351	359	343	353	373	371	377	357	369	391	417	355	393	377	367	385	385	373	359	373	371	353	345	331	339	307	349	331	313	341	349	315	307	317	315	303	311	321	307	325	317	315	345	345	335	323	325	345	325	307	321	329	291	285	307	271	273	269	287	273	241	257	249	241	249	231	263	253	249	249	237	235	249	225	241	227	231	227	231	237	213	209	225	251	223	209	207	207	217	215	207	219	217	231	205	215	203	221	205	191	197	177	209	209	183	193	197	177	193	183	197	193	173	179	165	175	175	189	167	165	185	185	175	173	167	173	191	179	185	187	181	173	187	185
-1.0852	6.36368	17	11	25	29	21	15	21	17	27	27	23	25	19	25	27	23	35	21	35	37	31	31	35	27	37	37	33	37	35	39	39	49	39	43	49	51	49	49	57	51	59	61	65	63	71	71	81	77	81	87	99	103	99	95	105	103	107	129	123	133	145	127	151	157	157	171	163	143	161	153	169	165	163	179	175	181	205	195	195	159	197	199	205	197	207	191	223	195	207	225	207	227	205	207	215	205	229	213	217	221	213	229	241	241	229	241	277	295	313	325	305	329	343	339	353	345	367	307	327	313	317	301	285	295	273	275	269	287	261	263	271	277	283	269	263	275	271	281	297	311	277	303	339	357	337	385	365	401	405	393	391	415	423	437	435	453	413	449	483	457	455	393	373	355	363	347	325	303	315	337	315	327	349	297	335	325	333	333	349	315	313	321	325	321	331	337	329	321	343	365	401	497	515	543	573	567	507	477	447	407	353	355	343	333	331	335	313	303	293	287	299	293	281	285	279	265	265	273	271	283	269	277	267	255	263	277	259	259	239	265	235	233	225	219	233	217	221	205	205	215	205	221	223	203	229	209	215	209	209	203	195	205	187	219	199	217	197	203	179	193	197	201	187	209	187	213	201	195	203	187	201	193	195	199	203	193	199	201	175	189	199	205	209	191	189	197	203	205	195	215	191	195	213	211	191	207	205	225	205	213	199	203	201	217	211	213	209	213	193	211	243	235	229	221	229	211	219	223	237	231	235	235	229	247	283	291	335	387	401	405	397	415	419	413	395	431	423	385	409	413	401	409	385	425	435	421	423	457	465	505	491	557	569	563	517	509	509	513	529	483	483	475	461	461	467	477	463	449	475	501	459	477	459	499	461	511	541	525	561	517	589	569	669	641	719	715	787	835	895	883	917	947	973	1011	1029	1043	1123	1105	1141	1179	1235	1317	1385	1465	1551	1723	2003	2523	3479	5025	7719	12689	22591	26307	16353	7613	4255	2971	2337	1829	1791	1839	2067	2353	2517	2533	2507	2507	2547	2617	2545	2197	1921	1671	1587	1561	1477	1243	1005	733	659	601	563	551	563	525	521	495	493	455	449	433	397	391	367	409	373	367	379	351	399	333	363	337	371	359	327	339	363	349	367	345	333	333	331	383	359	333	349	339	329	331	349	329	353	317	333	331	297	271	247	253	247	251	233	229	209	223	235	213	225	223	229	209	217	233	221	223	219	227	221	231	225	235	217	213	221	233	241	239	237	263	273	299	327	417	563	983	1237	913	527	375	303	291	257	261	265	239	235	253	245	237	253	223	231	229	249	225	237	231	227	231	245	247	241	247	239	225	231	259	237	245	227	241	229	259	263	273	257	273	261	289	285	289	285	269	273	265	269	285	269	299	287	319	333	311	331	325	345	323	329	327	355	329	329	347	337	333	345	343	355	353	341	341	353	337	379	335	379	363	351	365	357	339	353	347	353	357	357	351	313	345	351	353	339	391	373	411	419	431	413	399	349	345	335	317	313	307	313	293	299	315	315	333	345	317	347	347	345	369	371	401	421	513	587	631	685	707	669	613	497	441	399	363	361	341	335	329	307	315	289	295	291	307	285	283	303	305	307	319	313	335	329	341	321	349	349	389	341	397	425	465	479	459	519	503	563	547	541	579	579	555	591	551	529	537	461	457	403	377	359	325	291	263	223	247	255	225	225	213	237	223	225	215	221	201	211	197	237	199	197	205	195	187	205	187	199	199	181	205	201	185	201	207	225	189	201	205	207	203	201	207	195	187	197	189	187	197	195	181	199	175	189	199	201	189	185	179	197	191	175	195	181	189	191	221	205	189	193	195	211	197	195	203	201	217	221	215	219	231	205	203	225	201	213	201	211	205	205	209	235	211	203	225	211	215	193	201	211	223	211	193	225	221	241	221	217	231	237	247	205	219	227	227	231	209	195	229	215	225	233	223	219	233	201	235	229	223	229	233	221	237	231	245	233	227	257	247	225	257	255	249	237	239	241	243	247	245	229	259	241	239	237	231	259	243	257	267	271	241	265	263	271	259	271	257	269	285	271	301	315	315	335	335	325	347	359	361	347	395	377	371	363	389	333	351	387	375	383	373	415	413	427	421	401	395	373	393	383	383	369	357	339	355	343	329	339	371	323	333	327	331	325	337	327	343	329	315	319	319	313	329	325	323	329	337	333	309	363	305	303	317	305	283	283	283	289	287	289	267	277	259	269	269	253	243	243	251	219	231	259	253	241	237	243	233	241	223	229	221	235	225	229	249	237	229	243	227	231	239	219	225	217	221	219	225	223	211	217	221	211	197	219	213	191	189	207	201	179	199	185	197	201	187	173	179	181	161	209	197	199	199	173	179	183	187	175	185	189	203	189	177	179	199
-1.0852	8.45497	11	15	19	27	23	15	25	19	23	17	25	31	23	29	23	23	21	27	27	33	29	33	37	29	29	37	31	39	39	41	41	35	43	39	51	53	51	45	49	61	57	55	57	73	73	81	89	83	81	85	99	113	101	115	113	119	109	113	133	133	125	145	155	151	147	155	169	151	175	171	157	187	167	177	191	181	193	201	183	183	187	193	211	207	201	211	213	221	209	203	207	193	187	229	217	233	223	213	205	235	213	237	233	223	265	265	267	275	317	315	319	313	319	365	369	357	327	343	333	317	277	307	297	263	285	269	289	285	279	267	281	257	277	263	275	267	301	287	289	273	303	319	327	323	367	375	375	391	387	399	409	411	403	443	419	437	437	447	447	431	449	423	351	351	349	341	319	319	331	345	329	331	333	339	341	339	321	343	337	313	331	341	315	311	327	351	319	353	373	395	433	475	521	513	529	527	493	455	411	431	381	365	339	345	329	325	329	311	311	297	337	291	303	283	289	305	265	289	275	275	281	273	263	255	257	249	253	253	245	255	259	235	221	237	235	231	255	225	233	209	199	235	203	217	215	207	199	223	207	213	195	219	223	201	203	201	211	199	197	201	225	223	197	209	175	201	213	191	197	199	193	195	203	207	205	203	201	187	197	201	215	187	193	207	191	203	197	183	207	201	195	211	195	207	203	211	201	209	211	197	207	197	215	209	207	207	217	211	215	217	223	237	211	227	203	241	219	239	231	227	237	253	213	253	267	287	349	375	405	397	395	415	397	403	397	379	399	401	417	401	411	407	417	419	429	467	441	469	473	505	529	563	521	543	517	499	507	475	471	483	469	505	473	461	459	469	447	455	489	485	463	467	515	519	497	527	523	521	559	547	557	617	627	665	681	749	763	835	849	919	939	955	985	991	1029	1083	1089	1107	1125	1197	1201	1365	1359	1497	1597	1841	2225	2741	3933	5395	7757	12477	21759	25003	15151	7165	4079	2927	2307	1867	1841	1923	2103	2275	2405	2483	2573	2553	2563	2501	2401	2095	1825	1659	1573	1527	1401	1197	957	783	679	621	559	531	555	523	495	525	467	457	481	449	409	405	369	389	343	361	381	373	381	333	375	373	339	361	369	369	361	351	333	341	381	363	337	329	359	361	343	365	337	339	351	345	317	323	295	303	277	279	251	241	259	237	245	253	251	231	231	237	205	239	227	227	227	231	227	217	227	213	213	231	205	203	211	219	241	221	233	251	257	253	263	283	341	401	617	957	1157	809	479	361	299	297	269	253	239	249	253	239	239	241	231	249	239	219	245	245	227	227	231	237	239	229	233	237	231	249	223	237	237	251	229	271	239	237	251	247	259	281	253	277	279	295	271	297	283	273	271	267	285	275	291	305	311	315	315	325	315	327	347	349	329	339	333	351	333	367	367	343	351	363	379	353	349	333	361	355	337	335	355	339	343	347	333	327	327	373	343	347	355	327	335	357	355	369	389	437	403	427	399	357	357	339	333	331	313	315	283	345	315	311	323	307	329	339	335	349	369	353	385	413	443	509	585	671	667	723	609	551	499	423	399	345	335	323	309	305	319	305	307	321	299	301	299	311	307	325	317	311	335	307	341	351	345	349	349	379	329	403	413	431	457	473	481	509	555	567	569	577	577	585	561	525	543	487	451	457	397	383	341	321	291	275	227	257	251	241	225	219	207	207	219	215	209	195	213	217	215	217	215	215	195	183	193	191	201	227	197	215	199	189	211	199	221	191	191	193	189	207	203	189	213	193	193	187	185	199	213	187	189	187	193	223	195	201	197	199	195	193	197	191	191	187	197	205	193	205	207	199	205	181	203	203	193	211	207	217	221	215	207	185	203	217	201	215	217	201	219	211	209	219	205	217	201	223	199	207	203	219	213	213	201	209	225	203	225	219	225	225	227	221	231	209	217	225	215	219	227	235	229	229	243	235	241	225	235	237	233	223	231	237	241	225	237	259	243	259	243	251	253	243	229	263	263	251	255	251	255	253	235	253	247	225	253	265	287	229	247	259	265	225	247	259	271	259	277	281	281	303	287	295	335	301	345	329	337	357	369	361	351	343	351	359	397	389	351	391	375	375	367	397	361	393	403	419	349	367	367	365	353	349	355	333	341	335	333	339	341	341	315	317	339	355	323	311	311	327	333	335	333	349	349	317	325	317	339	317	339	327	317	311	311	295	301	281	281	275	273	273	273	255	255	257	263	237	245	253	213	243	235	251	237	231	241	225	223	221	251	249	211	211	227	215	219	211	213	239	241	223	219	213	213	227	223	211	221	195	199	213	193	197	195	207	201	195	201	197	193	199	195	193	187	187	171	195	173	173	189	187	193	181	189	177	197	191	183	167	185	209	181	181	183	191
-1.0852	10.5463	15	15	15	21	29	25	29	15	25	19	21	21	25	21	27	31	25	25	27	29	35	33	27	33	35	29	33	35	37	39	39	37	45	45	39	39	47	53	61	59	63	57	75	65	59	75	75	89	85	83	91	99	89	91	109	121	105	131	117	119	129	143	131	171	139	141	159	159	173	147	171	161	173	185	173	185	175	181	177	171	197	177	189	189	201	209	207	201	209	227	207	207	213	211	223	237	209	215	233	227	221	231	225	223	237	249	293	261	285	303	315	307	361	335	351	363	357	341	307	323	303	297	279	267	285	261	267	269	275	275	285	261	265	247	269	279	283	295	271	289	289	307	329	361	359	367	365	387	385	389	407	419	421	429	427	443	445	441	467	453	433	405	373	339	351	351	321	311	313	315	311	301	311	355	353	363	337	311	337	323	333	321	309	321	329	327	335	337	371	407	453	495	519	545	559	543	473	471	415	407	359	367	359	329	339	323	323	311	309	295	299	291	305	291	287	285	275	267	255	277	255	251	271	241	255	265	243	237	233	245	225	245	239	219	233	235	203	207	245	221	217	213	217	217	197	215	211	207	199	213	209	213	205	209	213	213	191	191	193	215	215	191	189	203	207	199	191	213	199	195	203	195	201	179	201	187	203	187	195	211	205	195	203	207	201	205	183	215	213	193	183	203	199	203	189	209	195	213	191	229	203	191	219	217	205	211	199	203	219	199	227	215	205	237	229	231	209	223	237	223	219	233	265	239	257	333	357	401	407	381	419	401	411	397	383	421	411	385	391	413	427	409	395	429	431	441	473	443	499	489	557	569	553	509	531	541	489	485	459	511	449	483	461	475	439	427	481	445	477	467	467	485	471	491	479	515	497	527	539	515	575	589	609	661	711	753	811	805	891	925	913	967	961	1007	1009	1059	1117	1079	1149	1185	1221	1329	1311	1471	1583	1749	2013	2555	3497	5243	7781	12729	22235	25757	15633	7337	4185	2997	2195	1803	1741	1901	2065	2327	2429	2507	2447	2599	2573	2543	2433	2131	1807	1643	1579	1545	1395	1293	955	753	639	613	571	553	527	507	505	471	475	489	433	413	399	413	411	385	363	353	365	353	377	367	347	363	343	365	343	347	359	371	355	363	361	331	369	335	329	363	339	353	345	361	363	325	331	323	311	301	303	277	253	251	235	229	243	241	237	231	233	219	225	247	221	217	217	201	223	213	227	233	215	223	221	217	237	233	215	225	231	253	243	227	245	279	319	405	607	999	1235	837	535	379	307	285	277	261	253	253	261	237	265	245	237	235	225	235	227	227	237	229	241	239	223	239	231	231	239	247	243	229	251	247	241	251	251	247	241	267	257	239	277	291	279	271	277	255	273	267	267	283	279	289	303	295	301	333	305	317	329	315	333	321	331	331	337	325	335	331	335	343	343	359	343	353	343	349	379	343	357	333	361	357	343	359	341	345	363	325	327	349	365	329	331	327	327	367	389	409	433	403	405	361	375	361	329	323	303	305	295	305	309	279	311	315	335	343	333	315	333	357	371	419	447	513	577	643	675	705	675	567	473	421	403	375	351	325	325	311	315	319	299	317	303	305	303	287	311	307	325	315	327	329	347	333	343	351	355	365	387	383	417	421	449	509	499	509	541	575	525	601	587	557	567	549	521	491	447	419	395	377	327	301	311	263	245	239	239	235	215	221	231	225	209	211	203	207	217	207	207	213	213	223	209	205	197	203	193	195	211	211	189	209	197	213	203	197	195	193	193	199	173	211	201	211	187	193	205	189	201	197	197	183	189	187	193	189	191	211	195	213	187	209	187	205	197	191	219	203	199	189	185	199	217	205	211	205	203	195	201	209	209	217	205	211	213	227	213	203	189	211	201	213	213	213	201	195	231	223	225	189	205	229	223	219	203	223	223	227	245	217	213	225	217	229	231	213	217	211	245	227	233	227	223	225	215	231	221	247	225	219	227	229	229	241	247	237	233	247	251	275	245	235	257	241	231	243	245	247	265	243	247	251	247	251	263	255	271	247	255	277	271	249	259	259	263	295	271	287	267	297	279	303	325	321	339	347	337	385	343	377	377	351	391	365	377	379	355	387	385	355	405	399	419	395	389	395	373	381	387	355	367	359	347	357	337	343	311	321	341	351	339	319	313	321	327	351	325	323	305	321	353	325	321	323	307	339	335	345	311	315	323	329	291	307	281	283	283	293	275	267	265	275	257	247	261	253	233	241	259	239	207	221	249	229	245	233	241	217	243	213	243	219	203	235	227	231	239	219	237	219	233	231	237	243	209	219	227	195	215	209	205	185	207	181	195	177	185	195	181	177	197	187	185	193	187	189	189	183	195	183	179	211	187	177	177	189	187	193	191	199	189	191	173	189
-1.0852	12.6375	17	15	11	19	15	21	19	27	19	23	21	33	19	19	25	27	31	31	29	27	35	33	33	35	37	39	41	35	35	39	43	43	35	51	41	47	57	49	49	51	65	61	51	63	63	71	81	97	81	95	83	107	109	109	119	115	121	117	135	117	133	143	139	139	141	141	149	167	153	167	161	185	185	189	185	203	175	203	169	209	189	193	177	207	195	201	199	199	219	205	197	215	219	221	201	201	213	207	213	241	233	243	229	241	235	259	257	275	283	307	317	317	333	365	367	367	339	313	323	325	305	305	289	291	283	263	277	275	297	259	279	279	287	257	281	269	279	287	311	293	307	319	345	363	339	371	375	397	371	389	441	421	417	411	435	405	459	437	435	421	419	413	371	349	331	343	345	331	335	287	317	301	337	339	321	309	349	335	329	337	311	323	329	299	333	305	331	353	385	373	437	505	527	573	537	507	487	479	431	417	385	379	351	353	333	335	305	299	307	289	315	295	293	295	275	297	287	271	263	273	263	271	239	261	267	253	259	247	259	263	265	227	223	231	235	249	201	235	207	223	221	211	229	213	227	231	213	203	213	215	205	201	227	213	213	201	213	195	211	207	221	205	197	201	201	201	207	219	199	199	191	203	213	203	207	207	199	211	205	189	189	205	191	203	195	209	225	205	213	211	195	207	207	189	221	189	209	213	211	211	185	209	213	187	205	201	233	241	223	209	229	203	227	223	235	229	231	233	227	231	225	251	233	269	257	297	353	375	395	397	403	387	425	413	407	393	409	415	411	403	403	401	419	425	429	427	437	473	509	503	535	561	557	527	517	513	525	497	505	469	507	483	449	459	477	475	477	465	479	477	475	473	479	477	493	513	529	523	537	545	549	619	599	657	665	747	791	829	867	937	937	895	961	1007	977	1071	1089	1083	1105	1217	1231	1307	1377	1415	1599	1759	2049	2587	3549	5271	7525	12265	22003	26197	16107	7461	4211	2883	2269	1771	1751	1833	2101	2263	2309	2519	2531	2493	2557	2521	2523	2143	1851	1625	1551	1529	1473	1219	953	765	643	587	577	563	527	501	531	473	459	469	461	433	425	403	395	399	405	373	357	389	369	355	369	367	349	375	363	369	371	369	355	347	349	363	363	343	347	359	331	355	361	337	353	347	353	323	313	331	313	279	259	247	235	241	237	225	215	245	241	227	233	211	209	237	243	245	241	229	235	223	231	205	215	223	225	225	235	223	241	239	265	243	279	265	333	411	585	1011	1223	799	513	385	297	273	285	273	261	239	237	235	241	261	233	239	233	243	237	253	245	247	221	215	249	259	243	227	255	255	241	241	247	249	245	253	261	251	247	255	253	279	271	297	285	275	275	271	263	249	279	263	285	303	303	289	323	345	325	369	343	325	343	331	333	321	355	323	339	343	345	345	351	365	357	325	325	345	377	341	333	367	371	355	343	341	363	331	347	355	337	371	331	353	343	341	377	401	397	415	389	415	395	369	373	351	327	329	329	317	327	315	307	333	299	319	339	333	355	337	345	371	365	387	425	513	581	643	687	737	675	579	489	449	389	393	369	331	331	309	323	327	309	297	315	317	307	297	331	301	325	313	321	315	341	343	335	337	367	375	385	387	427	423	477	523	495	511	515	557	559	563	583	575	577	559	513	485	503	435	407	381	339	311	303	293	259	231	239	223	235	229	227	213	203	223	229	215	219	199	191	203	199	193	191	199	209	219	203	211	199	205	199	191	191	187	189	215	197	215	205	201	195	187	201	205	201	213	187	195	185	193	199	185	203	201	209	203	189	203	219	205	193	225	189	209	215	173	193	221	195	211	199	207	223	203	209	193	209	211	205	195	221	185	223	221	207	201	215	205	219	215	211	219	219	203	229	205	205	209	229	237	227	213	221	215	209	237	233	219	225	207	229	223	243	217	215	223	225	233	225	233	205	213	219	229	207	227	217	209	249	241	237	239	237	243	237	245	253	253	257	275	263	251	267	229	231	253	249	253	243	249	249	229	243	239	261	273	255	259	273	267	259	281	269	267	269	289	279	289	291	291	293	299	319	341	321	339	351	343	375	371	349	377	371	403	367	373	341	391	395	383	403	395	399	393	411	409	371	385	363	377	367	363	357	335	339	339	349	337	333	333	319	337	333	335	297	319	331	319	311	341	325	321	311	317	335	335	319	339	333	337	337	279	331	285	303	261	303	277	285	237	273	265	285	265	259	271	257	251	237	257	221	237	251	259	233	239	251	235	233	263	247	233	227	233	233	245	231	227	223	223	237	263	249	233	221	213	213	217	229	233	221	195	213	211	213	187	201	201	177	213	207	203	185	189	197	187	185	195	181	171	189	211	201	181	181	201	207	193	187	193	185	189	197	197
-1.0852	14.7288	17	11	13	19	21	11	15	25	25	23	27	23	25	31	17	25	31	33	29	25	29	23	35	33	45	31	41	29	27	35	45	39	49	55	43	49	47	49	49	55	57	55	61	67	87	77	77	77	77	91	95	107	81	105	103	111	119	117	119	133	141	141	147	135	161	163	147	149	157	151	173	167	179	171	171	179	175	191	187	175	195	189	193	203	191	191	207	209	209	223	213	199	199	219	213	207	215	191	227	227	201	237	239	219	237	233	267	275	273	303	303	331	355	353	391	347	347	331	297	273	287	295	261	281	265	267	259	261	283	275	273	277	275	269	291	279	275	261	275	291	277	305	309	329	353	381	385	387	383	397	385	421	435	425	431	429	431	427	439	431	451	387	367	371	339	343	349	325	317	319	353	315	311	347	343	351	327	345	319	327	311	323	313	307	315	323	327	331	359	401	433	505	511	537	525	511	469	451	407	393	377	377	341	357	321	309	329	329	299	297	277	309	279	279	281	271	275	287	263	285	259	255	223	247	253	241	229	257	245	229	243	241	219	221	221	231	223	225	203	205	223	199	235	207	197	227	211	213	199	225	205	211	191	217	199	191	205	187	197	207	193	211	201	203	207	171	203	207	181	191	201	189	201	209	195	205	195	169	199	199	191	189	215	207	173	183	181	191	217	207	191	197	205	211	213	217	195	209	211	193	201	201	199	229	225	213	203	199	203	231	221	213	229	211	225	215	209	227	229	235	257	243	237	247	267	321	375	371	387	391	409	401	391	405	423	389	381	407	405	383	407	391	405	417	429	443	465	437	465	493	537	529	571	543	519	521	503	511	475	485	487	443	489	467	463	439	459	475	457	461	475	467	447	473	499	511	519	523	529	553	579	593	597	623	687	717	759	841	903	921	917	955	987	975	1025	1085	1127	1083	1117	1233	1225	1291	1365	1477	1567	1747	2027	2543	3541	5197	7419	12263	22517	26987	16369	7515	4237	2931	2187	1773	1733	1873	2021	2301	2389	2457	2473	2521	2525	2563	2451	2183	1813	1631	1583	1473	1485	1221	969	771	635	573	527	551	515	505	497	493	485	453	461	423	411	387	371	385	385	369	365	343	375	357	343	351	363	345	359	357	351	355	333	367	339	361	349	347	347	379	351	379	345	375	375	343	351	337	347	279	277	281	265	243	239	243	249	233	243	223	225	235	211	205	213	215	223	215	229	231	217	203	221	217	245	209	229	223	215	229	225	209	245	235	269	319	319	417	569	1005	1177	821	475	363	301	279	267	269	259	243	247	231	227	249	249	235	221	243	211	247	225	201	245	243	241	233	239	229	251	249	255	249	231	231	259	255	251	263	247	255	247	261	267	291	281	289	299	259	251	287	245	303	307	285	323	303	323	311	349	337	313	343	327	341	333	325	361	343	337	343	305	347	351	355	323	343	371	347	363	333	323	325	393	349	359	359	365	363	359	339	343	337	337	323	357	325	357	361	395	415	439	409	405	365	361	345	333	331	325	309	307	331	311	297	325	313	333	339	331	333	341	345	365	395	441	461	613	649	691	761	665	551	471	429	409	351	349	349	321	297	313	319	295	303	295	309	317	325	293	335	309	333	317	337	357	339	351	331	353	351	389	409	407	429	423	467	489	515	551	555	527	597	583	547	559	549	515	489	463	437	375	369	327	307	275	253	267	233	249	227	219	239	207	207	189	207	221	209	211	203	215	211	217	205	217	203	183	201	217	189	203	191	199	203	193	211	219	201	193	201	189	193	205	205	183	189	191	195	205	187	191	197	187	181	207	195	193	207	201	187	197	207	185	195	205	211	183	189	185	209	203	191	215	207	207	223	207	207	205	197	215	193	211	217	183	241	205	207	213	207	213	201	199	217	213	197	191	223	217	229	205	207	217	205	219	223	205	217	215	209	199	217	221	203	231	219	229	209	219	219	217	241	217	241	223	231	243	221	233	229	245	227	219	239	273	245	245	229	241	235	237	245	249	237	243	255	253	249	247	235	253	249	241	247	251	257	267	249	253	249	255	239	243	253	261	287	255	291	265	263	287	325	259	289	327	303	355	351	359	357	355	345	361	355	379	371	397	381	371	343	371	393	405	397	385	393	399	397	385	377	359	385	359	365	379	329	349	323	339	339	339	325	343	355	309	325	315	329	319	335	313	323	323	321	339	343	335	347	343	307	327	327	319	317	301	277	301	291	289	271	261	275	263	253	275	263	241	245	257	255	245	249	233	241	239	225	243	229	231	225	217	225	241	227	219	233	235	253	239	211	229	193	229	221	221	239	227	213	219	197	213	209	205	197	191	183	187	205	183	177	165	201	199	193	171	191	187	173	203	185	185	201	181	187	183	191	191	181	195	173	201	187	195	181	185	179
-2.28267	0.08981	15	7	25	21	27	11	25	17	13	21	23	23	17	23	23	21	35	25	33	41	27	25	37	33	41	23	41	33	41	39	33	45	51	43	47	37	49	51	59	59	55	73	63	65	75	73	75	89	75	79	95	87	95	97	91	115	95	121	131	125	135	125	129	127	135	153	159	131	171	159	165	173	177	173	183	167	163	183	179	201	199	203	173	189	197	191	199	187	209	209	195	209	185	201	225	203	189	191	219	213	209	207	227	207	221	227	235	225	253	245	263	269	265	257	251	249	239	241	251	229	237	227	229	223	235	243	239	215	249	211	225	229	209	215	247	229	213	229	249	233	233	233	249	263	245	271	277	269	259	281	269	289	285	287	273	275	291	297	263	303	313	309	279	259	273	265	267	265	229	245	241	251	259	269	237	247	239	249	267	241	251	269	245	235	249	263	237	249	279	273	277	301	295	295	327	303	299	277	285	283	271	257	259	251	235	225	243	223	239	249	245	231	239	221	223	223	233	213	235	241	231	221	225	223	215	221	215	217	213	201	209	209	205	199	213	209	189	193	211	207	199	205	211	201	193	217	209	199	191	221	211	199	217	193	209	217	197	211	201	217	205	193	205	193	189	235	197	181	207	209	203	201	187	211	213	201	161	197	197	203	179	213	201	179	195	199	219	197	199	205	211	207	191	195	225	217	181	193	195	195	201	217	211	193	223	203	225	217	211	219	215	221	217	217	193	215	209	231	211	219	221	213	219	257	231	273	257	253	285	273	287	279	303	285	287	305	269	295	311	309	297	301	309	303	315	295	327	321	313	339	341	335	345	317	343	333	317	317	327	299	299	293	315	309	289	283	285	271	273	297	271	305	287	301	315	309	331	323	333	323	307	357	347	363	381	391	391	411	411	421	475	463	489	545	537	569	599	627	653	647	653	735	739	799	861	945	1129	1551	2123	3231	5081	8643	12515	6271	2449	1213	899	753	695	641	623	641	667	723	753	775	751	733	749	737	785	841	865	879	923	883	783	609	451	415	409	349	351	321	331	319	315	331	329	335	315	289	291	301	301	267	259	269	267	275	267	293	259	245	259	275	267	287	265	263	267	237	287	257	235	237	251	253	251	225	233	239	245	233	225	257	239	237	223	241	215	217	235	215	199	213	223	217	217	209	207	221	221	217	221	197	209	191	195	209	207	209	203	221	219	199	211	225	209	221	193	205	197	199	203	203	189	197	211	197	201	209	211	239	195	195	197	205	217	219	191	203	217	201	217	217	195	199	221	227	211	205	215	215	211	203	225	191	195	229	221	205	239	235	203	225	219	215	229	217	225	225	239	215	233	217	237	221	231	227	241	225	231	225	223	243	243	225	233	241	231	255	243	223	257	239	259	235	239	239	257	239	263	249	249	253	257	277	259	261	277	279	267	255	267	247	261	251	275	247	253	231	255	245	237	243	261	275	275	273	255	283	249	263	245	243	247	233	227	241	233	237	237	247	225	243	257	231	257	257	233	279	265	299	297	303	333	339	335	319	303	273	259	243	279	245	245	249	243	235	243	237	241	247	229	257	239	251	233	253	245	245	247	243	249	261	239	267	253	237	263	283	271	289	287	289	281	275	297	317	327	311	323	321	317	321	303	275	291	277	249	229	239	235	227	227	209	229	207	205	191	207	205	223	189	197	209	213	195	199	211	201	203	211	211	185	213	201	219	189	195	215	205	207	203	219	213	207	187	211	199	181	199	193	187	189	203	197	193	217	221	199	215	203	191	215	217	193	199	211	199	209	211	193	193	205	195	205	199	197	205	189	219	219	217	221	211	213	203	213	221	211	209	225	207	199	213	197	195	221	193	227	213	207	199	237	219	193	221	215	207	217	193	201	185	201	199	231	227	205	191	205	211	227	221	217	207	213	205	209	203	195	211	205	213	207	197	231	207	193	213	215	219	181	219	219	223	203	207	207	229	199	209	223	197	233	193	213	203	231	231	205	217	215	199	211	227	203	213	225	209	221	229	211	213	219	211	225	245	221	239	237	249	243	233	235	229	255	243	241	251	277	239	249	211	225	251	261	279	251	265	273	261	251	261	249	255	271	249	241	249	245	227	237	251	241	241	215	263	247	249	235	239	245	249	251	231	259	239	233	249	231	243	243	259	245	245	241	251	243	221	235	269	247	257	229	235	221	243	219	235	227	203	217	207	207	229	211	221	211	225	205	215	227	231	203	217	199	219	219	225	199	203	211	223	217	207	189	203	207	215	221	203	197	197	191	205	201	199	197	193	197	201	199	193	195	191	209	181	185	203	191	213	193	189	181	183	181	217	189	187	187	187	187	185	191	211	193	215	181	175	209	189	207
-2.28267	2.1811	15	13	19	23	23	19	19	29	19	23	29	35	15	33	25	27	21	33	37	35	29	31	27	37	33	35	33	45	41	37	39	45	43	49	47	49	53	57	49	51	61	69	65	87	75	75	91	79	89	95	109	107	103	115	125	119	127	139	139	147	139	139	151	161	153	165	157	159	167	175	193	177	175	203	175	195	197	195	185	203	201	215	227	195	205	207	207	215	217	205	225	213	213	225	239	235	229	207	229	231	227	237	233	245	259	245	251	239	247	257	263	297	291	265	251	269	249	247	251	249	245	257	251	241	225	239	227	245	233	251	235	243	239	239	249	245	237	251	249	265	273	247	245	277	285	287	283	267	283	289	301	299	307	313	301	307	313	311	321	311	327	319	287	273	289	281	281	267	279	277	247	273	279	269	269	295	285	297	279	277	257	293	261	261	259	285	259	281	295	271	299	329	349	355	339	331	335	279	323	285	285	283	291	281	261	295	285	271	247	265	249	253	247	271	247	243	261	249	229	263	255	249	247	237	235	235	219	229	243	229	233	241	217	233	219	223	223	219	221	235	219	235	237	223	227	227	211	227	231	201	211	227	231	217	225	213	215	225	233	233	225	219	187	223	223	225	207	215	225	231	203	215	235	225	201	223	217	221	233	213	225	213	225	205	219	221	223	219	201	229	227	233	229	217	219	217	213	213	211	217	203	217	223	217	225	223	225	201	239	237	229	225	231	237	229	243	249	241	259	215	253	245	247	237	251	273	289	291	281	283	285	315	295	299	297	337	325	315	343	319	307	331	347	337	313	323	367	337	363	343	355	365	357	365	327	355	331	319	321	355	347	321	323	337	309	321	315	327	305	319	291	313	295	321	325	335	315	347	343	345	369	405	375	407	379	393	415	439	461	447	479	515	549	571	575	607	601	651	689	691	723	785	849	911	941	1099	1251	1583	2079	3225	5313	8515	12225	8389	3389	1525	979	811	723	639	657	673	653	725	765	809	825	765	767	793	787	821	919	961	991	1021	1009	823	597	489	423	405	389	395	389	389	361	343	359	325	363	313	335	325	331	333	299	305	327	301	319	283	303	313	275	285	325	301	285	277	281	277	305	297	283	285	283	295	281	279	273	269	283	277	263	283	263	233	241	245	245	235	219	231	243	231	237	233	245	215	237	221	219	223	219	221	223	221	235	211	241	241	253	251	233	229	207	241	225	219	235	233	221	229	213	233	225	251	227	239	239	215	211	227	223	211	215	209	227	235	219	215	257	207	237	229	229	239	231	211	215	247	227	227	245	235	247	221	247	227	241	245	247	223	235	257	239	265	257	249	261	255	267	251	251	241	253	245	239	239	259	251	255	263	249	259	263	251	263	283	267	255	267	257	267	255	267	285	279	285	277	267	287	269	285	277	297	275	293	277	295	287	279	289	275	305	277	277	263	281	281	265	291	267	263	305	269	293	281	319	317	309	319	297	291	285	269	247	263	267	275	255	281	271	267	253	285	275	289	283	279	291	297	287	307	311	339	349	373	385	343	331	301	301	321	267	283	271	283	267	275	281	279	257	291	265	269	277	255	275	267	261	279	269	271	267	295	291	263	299	305	311	301	313	289	315	311	329	319	337	335	355	369	367	345	361	335	327	321	321	307	291	269	279	271	233	211	239	245	253	253	257	219	215	223	223	229	237	229	251	219	225	215	225	247	233	221	237	225	223	215	221	225	221	225	217	211	227	233	239	211	217	253	199	217	205	209	223	245	215	221	211	233	227	225	225	221	215	223	229	235	235	223	227	247	215	241	233	229	217	237	225	237	235	223	233	237	241	241	209	227	243	223	231	239	223	233	223	229	229	229	221	235	215	209	231	217	231	219	217	231	233	217	229	219	217	217	259	229	243	237	231	223	225	231	223	247	229	231	217	225	231	225	235	225	215	245	237	239	237	221	225	233	231	247	241	251	245	237	233	231	237	239	239	261	239	251	235	251	241	259	219	265	251	235	221	251	257	251	231	225	233	251	247	259	247	257	237	231	247	259	263	239	261	273	257	277	259	245	277	263	281	277	267	283	269	277	289	287	305	303	285	283	299	273	279	287	303	303	291	265	255	279	255	269	281	269	269	249	265	301	275	267	267	265	263	279	261	271	255	269	261	269	263	269	267	261	253	277	291	249	265	241	265	273	283	263	237	259	241	257	257	251	247	263	241	253	243	243	253	245	247	235	249	215	239	227	231	245	241	245	205	223	239	219	247	237	233	227	233	223	235	241	225	245	217	233	219	203	235	225	241	225	221	213	235	225	215	219	213	203	217	217	197	223	223	221	211	215	217	207	211	227	219	223	207	207	207	213	237	207	213	227	227
-2.28267	4.27239	13	15	21	21	15	29	21	19	15	29	19	25	25	21	25	27	21	23	25	23	29	29	35	23	39	39	31	35	33	31	49	43	47	41	41	43	47	49	49	61	63	63	63	77	77	67	75	85	89	83	87	105	95	119	109	127	127	119	137	139	141	143	141	139	163	157	161	163	163	145	169	163	161	161	171	197	179	189	167	189	191	193	205	201	213	197	209	205	213	215	209	211	219	213	207	209	215	209	203	215	213	225	225	235	233	243	247	263	291	279	297	291	313	333	317	309	305	299	283	293	295	277	263	257	247	251	265	269	259	253	251	233	253	261	269	259	245	253	245	287	271	253	311	307	315	327	353	343	351	347	341	377	373	377	367	363	385	379	357	367	393	349	351	329	293	321	313	303	291	279	293	295	303	329	293	299	299	305	301	301	313	299	297	295	299	309	293	299	297	343	357	393	421	459	441	425	417	421	387	377	345	325	331	309	289	315	271	299	283	261	267	269	291	273	269	267	265	275	259	243	243	231	245	243	237	235	243	261	233	207	233	235	229	205	231	237	231	205	225	231	231	223	207	201	211	219	207	215	189	203	199	201	213	217	213	215	225	209	203	195	197	211	215	177	209	219	209	215	205	215	215	185	189	215	189	217	203	217	219	203	199	197	205	217	207	203	185	207	203	195	223	201	197	199	191	207	221	215	207	193	215	209	223	215	225	203	221	205	215	203	217	217	213	211	205	229	223	245	233	241	227	225	265	265	271	293	333	339	337	345	363	375	365	351	377	367	357	359	347	383	349	365	349	381	387	375	385	419	415	445	451	465	461	447	451	437	431	415	409	427	421	399	385	425	393	363	409	395	413	395	403	437	411	429	415	437	447	455	467	487	473	533	519	521	539	579	643	699	679	701	753	769	779	809	865	899	875	935	947	989	1065	1149	1221	1297	1437	1571	1849	2409	3353	4787	6975	10143	15809	16707	10767	5327	3043	2147	1719	1421	1265	1397	1485	1603	1645	1727	1741	1753	1757	1705	1677	1577	1425	1343	1299	1281	1183	1053	893	699	567	539	491	497	475	455	437	453	411	421	409	397	361	369	387	357	363	341	353	359	319	323	323	343	347	335	329	331	343	315	335	347	327	335	297	319	307	307	325	343	327	317	319	331	305	285	319	279	297	267	255	267	245	233	237	233	215	247	229	237	235	203	231	227	213	209	227	233	213	239	243	235	227	233	217	215	221	231	227	239	237	243	247	265	281	323	405	563	677	585	411	309	265	243	255	251	231	247	229	235	237	237	233	223	243	231	235	229	211	223	223	243	213	239	231	245	215	239	239	249	233	247	259	251	243	257	255	249	251	261	263	263	275	267	265	273	261	239	281	259	261	263	267	277	279	261	293	307	301	283	309	299	313	305	307	305	313	309	309	299	305	295	287	335	331	327	299	321	337	315	329	321	333	313	323	343	335	315	311	329	335	335	331	333	313	355	329	329	351	359	347	349	341	329	305	299	289	271	305	311	305	303	301	301	293	329	301	317	311	329	329	349	351	415	439	469	525	547	547	497	465	421	373	327	357	327	303	297	313	313	291	297	283	275	277	287	299	303	285	309	307	295	307	337	339	315	325	351	367	361	365	359	397	409	387	453	453	445	483	477	477	465	465	461	469	475	427	429	377	359	337	293	295	267	249	243	235	247	249	233	231	253	239	227	217	231	195	225	211	219	229	209	211	207	213	227	211	235	221	207	183	213	205	231	185	215	209	217	205	225	197	197	227	215	209	201	205	209	209	201	219	213	205	205	197	227	193	209	203	215	221	207	205	207	205	209	219	207	209	205	215	213	225	219	193	215	217	215	215	217	217	215	239	229	205	215	227	225	187	227	233	223	213	221	211	225	193	221	211	217	211	223	209	243	231	219	213	201	213	227	207	245	235	247	241	233	243	221	233	213	233	243	217	221	217	221	211	243	213	237	239	217	225	251	239	237	217	241	247	247	233	259	253	233	261	257	245	221	251	237	267	243	243	239	233	261	241	251	249	273	249	267	273	261	277	265	265	267	281	255	285	289	305	299	317	307	349	325	309	301	329	313	327	319	319	321	333	341	341	337	361	365	323	345	349	335	361	333	325	349	335	329	317	313	319	309	305	305	311	289	315	299	293	311	303	313	289	303	307	311	313	303	321	279	291	303	309	313	309	317	313	311	305	275	287	287	261	269	271	251	271	251	249	245	235	253	261	227	251	237	233	233	253	227	247	233	253	233	239	229	237	241	227	239	235	221	239	219	223	233	225	231	247	239	233	231	231	217	209	197	213	219	209	181	205	219	205	201	207	205	209	191	207	203	211	215	215	225	207	195	201	189	189	201	207	207	207	227	193	187	207	223	187	205
-2.28267	6.36368	17	9	23	21	19	23	15	19	25	25	35	23	27	29	23	25	31	35	35	43	27	39	43	41	37	43	31	39	37	49	43	53	53	45	53	51	49	57	59	61	63	73	79	79	79	95	77	97	95	107	103	105	113	107	121	123	129	147	151	133	137	143	149	165	167	171	179	197	173	199	179	181	181	199	197	197	199	205	203	191	221	203	223	231	205	235	233	217	245	237	235	219	227	237	255	239	233	257	245	231	253	243	263	255	265	285	295	291	323	329	327	369	371	347	373	405	377	345	381	357	325	329	293	331	291	305	319	299	307	293	307	309	305	293	315	305	327	309	285	337	351	343	349	371	375	383	435	463	405	411	447	453	429	475	487	457	471	457	503	477	467	439	389	381	397	365	373	329	355	343	333	331	371	379	361	365	393	363	357	367	353	343	367	349	363	335	369	357	393	425	475	541	565	589	577	567	537	511	481	447	435	425	393	379	391	361	351	327	355	321	293	323	323	305	293	323	289	333	307	307	293	299	301	303	309	297	277	305	259	255	285	271	249	271	251	259	259	243	247	267	237	233	255	245	243	239	239	243	243	265	245	241	219	247	237	241	217	223	233	223	219	217	233	235	231	237	249	241	223	213	249	211	217	227	219	239	227	235	243	221	215	209	213	227	235	219	211	237	215	219	239	219	227	233	235	221	229	231	245	225	231	237	233	223	237	241	237	211	215	235	261	233	227	261	245	261	261	241	271	265	271	279	289	283	311	345	383	425	411	433	429	457	423	415	435	419	427	437	449	421	423	449	447	449	447	475	465	519	493	553	557	555	605	553	541	557	507	509	535	505	491	483	509	529	483	467	481	511	541	547	519	527	485	541	533	549	571	565	573	623	607	647	671	733	753	803	861	879	903	943	973	985	1023	1111	1071	1131	1161	1159	1183	1331	1377	1397	1475	1609	1669	1963	2393	3055	4149	5969	8493	13607	21663	23401	14805	7369	4339	3127	2365	1989	1977	2073	2205	2437	2425	2527	2545	2569	2519	2499	2447	2187	1879	1705	1583	1481	1429	1213	997	811	689	643	629	577	627	527	527	519	493	493	467	437	459	435	419	383	397	395	397	397	403	403	367	389	387	387	391	391	369	365	371	383	385	403	373	355	391	377	423	379	393	395	365	387	365	377	341	323	303	305	287	273	271	245	281	259	241	251	241	267	253	259	267	261	259	255	249	223	255	261	247	253	239	231	251	249	261	275	291	283	285	275	335	345	383	507	679	1081	1155	789	517	385	349	305	301	275	275	253	281	271	255	287	285	263	279	287	271	263	273	239	253	239	281	247	281	265	263	265	277	265	279	271	285	283	273	283	277	291	289	301	319	307	293	325	317	269	311	293	297	295	301	309	313	333	333	369	365	385	365	359	355	345	365	381	353	367	371	401	353	367	387	397	409	359	405	385	375	363	377	389	383	377	419	383	405	371	371	373	389	411	371	393	379	395	421	433	447	459	439	449	443	433	397	383	365	333	357	343	335	369	335	343	353	371	351	361	383	379	401	429	417	467	481	575	639	683	739	745	703	613	519	473	429	409	399	371	373	339	351	355	341	319	325	331	331	343	339	339	335	337	363	371	385	379	383	385	419	417	429	453	451	521	491	505	553	583	599	613	607	643	637	617	635	559	597	533	517	471	431	409	371	347	301	285	281	269	271	273	265	237	257	213	235	237	229	227	233	249	241	229	243	245	237	227	221	241	245	235	233	203	241	231	217	231	215	237	233	229	227	227	215	217	225	239	221	209	229	239	223	215	229	225	205	227	235	241	215	229	233	211	223	215	229	227	231	225	235	219	213	217	217	217	233	233	207	229	237	245	215	229	245	231	249	233	225	241	269	245	251	239	247	233	225	221	245	235	231	245	255	227	247	219	255	245	257	255	243	249	233	259	237	243	257	243	245	245	267	253	245	255	243	245	259	249	249	249	239	269	239	277	253	275	267	249	263	285	295	297	277	249	295	281	275	287	253	287	263	279	255	285	263	295	287	275	291	273	287	285	283	261	287	305	273	315	287	311	283	313	317	317	343	329	355	357	377	365	379	403	385	411	401	411	383	389	405	409	397	427	421	397	445	437	437	427	437	441	431	403	395	419	417	391	405	387	353	383	355	363	361	379	365	367	359	361	335	355	351	361	365	341	373	347	359	385	357	377	375	365	339	347	347	343	331	321	317	311	319	303	295	293	297	285	297	281	279	269	263	273	273	265	255	259	247	259	237	267	259	249	261	253	255	269	247	243	239	257	261	261	249	235	253	247	243	235	241	233	239	211	219	223	231	223	221	227	207	233	217	211	223	187	227	219	201	215	201	213	209	191	217	207	191	227	195	205	227	213	217	203	217	207	203	201	197	193
-2.28267	8.45497	13	7	21	13	27	21	27	23	27	21	33	33	27	29	23	31	23	33	37	39	29	39	35	39	35	43	45	41	47	47	45	51	45	55	49	57	49	63	51	67	71	67	69	87	91	81	87	107	107	103	109	123	109	129	137	117	121	149	147	163	161	163	167	157	165	171	205	193	193	189	179	217	203	217	199	223	209	227	225	223	223	217	209	223	225	253	231	225	235	231	245	263	227	269	273	243	281	257	253	271	279	275	263	275	279	277	301	311	323	331	355	361	377	403	397	399	395	381	369	341	335	341	347	317	301	345	327	297	317	335	323	315	323	309	295	301	331	335	331	307	333	363	353	367	431	427	437	463	445	435	491	475	449	465	475	461	469	477	517	519	453	447	439	399	399	383	387	385	389	381	347	359	389	361	371	369	369	391	375	373	363	381	351	351	361	351	383	383	391	413	477	525	583	613	617	591	547	499	513	461	433	429	389	409	365	371	373	335	341	333	353	339	333	305	309	337	325	333	315	319	323	307	307	323	295	299	299	283	283	281	257	301	275	259	283	257	271	255	243	253	255	257	263	267	279	237	249	247	247	243	249	291	235	245	261	251	243	253	241	247	251	249	233	249	247	227	267	255	235	227	241	235	229	235	235	251	241	241	239	247	209	253	241	249	243	247	229	241	233	227	229	253	229	253	237	239	247	269	223	253	215	253	249	255	259	243	269	261	269	253	277	245	265	263	259	265	289	281	277	283	281	297	313	305	359	351	421	417	439	445	453	467	439	439	435	449	451	447	439	457	423	473	455	461	469	503	517	511	523	563	599	591	591	603	573	541	561	569	545	519	529	519	523	547	513	507	511	503	559	569	501	541	535	567	583	573	577	611	633	629	635	695	731	761	805	855	879	895	971	939	1037	1039	1069	1103	1119	1157	1181	1229	1267	1333	1401	1513	1547	1675	1807	2039	2483	3187	4323	6075	8841	14319	22777	24023	15497	7905	4563	3207	2509	2065	2039	2187	2297	2431	2537	2617	2545	2611	2547	2585	2459	2181	1875	1727	1659	1551	1401	1291	1017	839	727	653	615	601	565	583	565	543	557	501	491	449	453	467	429	411	441	439	411	407	421	413	399	413	393	399	411	419	399	395	389	399	385	381	419	401	405	395	375	387	369	393	401	375	367	375	357	337	347	319	291	285	317	287	255	269	275	283	269	267	283	255	265	277	287	245	273	247	259	249	255	251	291	261	289	265	263	247	283	273	311	281	317	355	405	521	769	1095	1097	835	543	429	345	339	323	309	289	289	299	275	295	263	285	275	283	267	259	275	285	289	261	283	289	267	295	287	277	293	305	303	279	301	289	301	275	301	305	315	313	311	307	321	325	311	313	309	321	333	301	351	309	351	351	335	339	365	403	411	371	391	377	403	383	377	389	399	411	393	391	409	399	399	415	385	425	403	401	421	405	383	415	415	387	405	413	419	415	399	387	405	389	391	405	415	417	451	481	467	455	467	487	443	415	397	375	361	401	387	385	351	337	367	367	395	375	393	409	393	413	433	481	477	515	579	655	741	765	757	691	599	529	505	451	429	405	391	365	367	375	345	367	363	335	357	353	355	313	369	349	359	367	397	365	397	383	411	407	433	425	485	471	499	525	553	553	587	591	625	659	633	645	635	611	625	611	565	497	485	407	401	381	351	307	321	311	273	275	259	269	257	263	247	259	247	271	231	221	257	255	245	255	239	229	237	241	221	235	245	241	229	233	233	235	251	245	235	235	239	239	245	233	223	241	239	253	243	211	247	235	221	233	227	217	241	225	221	227	239	239	225	241	227	239	231	231	231	229	247	255	237	239	223	267	241	243	239	227	225	263	245	261	239	243	229	263	251	271	267	247	249	235	247	257	241	265	255	235	243	247	251	251	251	245	247	247	259	223	261	253	243	275	255	259	263	261	271	277	269	261	253	247	263	269	265	271	267	267	245	273	279	251	271	271	289	283	279	273	291	289	291	305	315	279	307	285	285	305	309	281	281	293	285	287	303	309	311	313	279	305	297	311	291	321	297	335	315	319	313	327	321	337	347	363	359	381	389	399	407	395	403	429	407	417	451	421	419	403	427	447	431	441	483	441	445	463	445	427	409	413	421	401	411	403	375	375	379	399	381	379	367	371	369	369	385	383	367	381	355	359	337	373	381	385	389	361	403	395	397	371	387	367	349	357	347	343	327	311	283	307	287	315	321	293	285	295	289	295	287	253	285	271	263	267	265	287	249	263	289	275	285	255	261	251	279	293	265	291	283	263	263	259	245	233	265	259	255	253	229	251	221	245	229	227	217	233	243	231	213	213	237	217	211	207	211	217	239	223	223	223	227	239	251	227	211	217	219	207	217	217	221	227	203	191	217
-2.28267	10.5463	13	17	23	19	19	25	23	27	25	25	23	21	17	31	33	25	27	31	41	31	23	31	35	35	29	37	45	47	39	47	43	49	39	49	51	51	65	61	69	61	55	63	91	73	83	91	89	97	87	91	111	99	113	119	125	127	131	143	135	147	141	133	149	165	175	169	179	161	173	171	195	205	207	197	201	203	199	207	213	227	219	207	225	219	233	245	219	237	229	239	233	245	245	241	245	255	229	257	243	251	267	245	275	261	271	281	301	301	313	315	337	357	371	407	401	411	381	359	351	345	351	329	307	335	299	303	307	303	285	313	305	305	311	291	301	311	329	297	335	337	333	363	375	377	417	395	427	445	425	433	435	483	487	445	467	461	485	507	483	479	471	431	409	393	361	393	331	357	357	357	351	361	379	351	371	375	365	383	371	361	367	367	343	369	335	357	369	395	405	431	499	527	573	605	593	557	547	523	497	459	463	411	405	391	387	381	335	359	331	333	345	343	333	303	319	319	337	335	307	283	301	291	297	301	277	283	265	287	291	247	277	271	261	259	259	249	265	257	249	249	237	237	257	231	233	229	257	239	241	235	243	237	249	245	225	217	213	223	231	245	225	243	233	261	233	215	241	225	227	249	213	233	219	225	215	241	215	241	217	225	221	249	237	255	219	221	249	237	235	221	243	235	243	217	237	223	229	231	221	241	225	247	247	253	257	235	257	233	239	261	265	259	257	269	247	269	259	271	255	275	261	283	289	291	355	353	383	411	433	421	443	437	451	421	423	435	433	471	437	435	429	425	455	471	487	441	521	509	523	537	563	565	611	621	555	555	545	537	519	525	517	525	507	523	485	533	495	539	537	551	531	543	503	569	571	563	605	623	599	635	627	679	711	761	791	863	863	861	939	975	995	1009	1069	1121	1131	1149	1211	1229	1289	1297	1339	1461	1547	1653	1817	2139	2471	3263	4353	6125	8923	14305	22623	24507	15369	7773	4439	3149	2483	2113	2053	2209	2331	2487	2575	2543	2639	2617	2559	2529	2479	2203	1929	1715	1565	1487	1439	1277	989	839	711	653	625	565	605	583	539	519	529	523	477	457	463	449	455	451	433	407	395	421	407	427	403	401	401	407	425	409	401	423	379	391	383	387	373	369	393	399	387	385	379	389	387	399	383	331	339	327	319	301	297	285	289	253	283	283	267	249	273	273	277	257	263	249	263	239	273	247	259	267	243	269	259	273	253	251	235	277	261	299	267	301	287	383	427	499	743	1067	1109	803	541	413	337	301	313	293	283	291	279	271	269	279	257	269	279	275	249	261	251	269	263	271	271	271	277	277	267	277	281	281	297	283	287	277	295	291	291	293	293	307	301	297	301	353	321	307	327	331	295	297	325	323	315	351	383	357	389	361	363	389	371	367	365	373	377	373	383	391	379	377	387	367	383	377	395	429	417	397	413	383	437	377	409	391	403	357	395	379	409	409	389	401	419	391	441	453	453	463	487	449	455	421	395	411	381	353	355	349	373	379	363	367	359	345	371	385	365	417	411	457	465	505	533	631	647	737	733	763	679	591	533	465	425	423	389	385	383	365	377	337	337	369	333	365	345	357	355	365	367	361	371	381	383	363	389	373	431	427	449	457	469	495	525	547	559	587	585	619	629	627	629	615	643	597	573	537	515	463	441	405	373	353	327	293	295	271	283	255	273	247	247	269	243	255	235	243	247	243	243	243	233	245	235	243	237	225	247	225	231	209	225	239	227	233	229	225	233	239	227	235	241	233	237	223	219	247	229	231	233	235	235	241	251	223	213	219	215	229	235	235	243	207	231	229	241	219	243	203	241	219	231	229	225	245	227	259	265	235	253	215	261	277	239	253	239	229	241	237	235	237	241	231	255	251	241	245	221	245	237	253	255	259	247	247	235	235	259	255	235	255	255	251	231	259	287	279	253	283	247	241	269	255	255	275	269	253	283	261	263	265	249	291	253	283	273	279	285	275	265	311	281	321	293	281	293	295	267	285	283	269	283	281	265	281	295	293	281	301	287	305	303	311	315	315	303	311	331	345	325	333	329	373	341	371	401	377	413	407	409	397	403	393	427	397	439	397	385	421	429	443	449	435	483	427	431	435	445	413	427	425	403	413	393	355	375	401	391	341	373	369	337	383	377	381	385	357	381	339	365	387	373	379	349	333	369	361	337	351	379	369	367	337	327	363	331	321	297	297	319	287	281	313	295	287	295	297	281	295	279	277	259	263	263	279	261	269	249	247	245	245	271	273	233	267	259	283	267	275	247	273	245	249	255	277	249	235	243	255	235	229	249	221	229	211	207	227	205	207	221	227	211	223	215	233	203	219	221	213	191	213	217	199	205	201	229	203	217	217	237	219	185	199	199	219
-2.28267	12.6375	11	17	25	21	17	19	21	23	23	13	21	29	21	37	25	37	31	29	27	37	33	35	39	29	37	47	31	39	43	43	45	51	49	55	47	67	59	59	45	69	71	69	89	83	77	81	95	97	81	121	101	93	105	119	109	143	137	145	147	149	161	151	163	163	177	165	185	177	183	183	199	203	189	221	219	217	229	215	223	207	223	225	247	229	227	233	221	223	233	259	255	225	257	247	267	225	247	241	269	239	271	259	279	271	269	311	315	331	353	365	335	393	385	409	421	439	413	385	387	341	351	331	349	329	331	321	325	311	321	323	295	307	329	331	331	351	335	329	337	347	353	369	353	389	409	429	455	455	493	477	461	481	473	457	489	503	475	541	551	531	515	469	435	407	413	379	373	393	389	375	421	399	391	389	389	407	385	403	371	391	391	377	389	385	367	381	387	399	421	477	507	627	635	659	645	617	575	567	511	479	447	433	405	395	411	375	381	381	383	357	341	339	341	339	361	315	343	329	311	317	301	311	293	287	295	303	279	297	309	313	293	271	255	269	265	259	273	249	261	241	249	251	237	261	251	251	245	229	243	237	239	247	239	233	229	233	209	233	233	247	227	233	247	229	233	241	249	243	231	241	219	237	247	231	229	241	225	223	219	253	237	231	255	213	243	217	235	231	215	235	229	221	217	235	233	243	241	255	229	241	231	221	233	241	243	257	235	251	247	249	249	261	239	271	239	247	273	253	257	289	285	281	299	293	307	349	425	451	441	467	475	489	483	483	471	453	475	479	441	469	481	487	473	515	501	521	553	535	533	595	619	659	645	617	669	593	601	585	585	547	587	541	541	521	547	527	547	575	569	549	569	557	557	581	575	607	625	649	637	695	655	735	743	755	831	897	925	983	1031	1073	1139	1135	1195	1205	1209	1241	1303	1285	1369	1441	1535	1545	1651	1817	1959	2189	2621	3381	4549	6383	9381	14765	24629	28049	18821	9273	5179	3661	2793	2265	2121	2307	2493	2809	2799	2899	2797	2991	3093	2935	2801	2573	2191	1977	1833	1737	1665	1475	1213	959	819	721	719	641	653	605	601	565	563	565	529	477	495	469	447	485	441	451	415	427	453	425	419	423	429	393	437	429	427	407	399	419	427	419	403	389	409	413	389	403	391	409	361	395	383	389	389	361	329	333	297	275	285	295	291	265	277	267	263	273	253	269	283	273	271	273	257	247	261	267	253	265	259	281	269	269	259	291	273	285	307	317	335	345	419	489	721	1129	1297	959	647	449	379	333	339	313	311	277	283	267	289	297	277	271	277	255	289	275	285	271	269	283	267	283	281	267	271	269	293	281	281	311	287	271	291	289	283	297	283	329	305	319	329	309	343	333	303	327	329	321	339	341	351	373	351	361	373	395	401	393	417	373	391	385	365	381	401	423	405	413	385	409	399	403	421	417	383	419	443	423	419	423	403	419	411	399	435	423	393	393	405	401	409	409	425	445	493	471	509	509	467	457	427	401	375	401	395	361	355	357	367	383	395	385	397	399	401	419	425	449	493	507	541	629	665	735	805	825	811	715	573	549	503	435	445	391	393	385	379	387	351	345	355	359	385	363	369	375	369	375	397	397	417	409	417	413	457	425	447	531	475	491	533	561	597	617	649	677	657	721	691	665	685	631	627	583	567	531	461	445	419	369	317	329	293	263	291	293	307	263	241	245	255	259	255	257	243	249	235	239	257	237	221	253	243	247	227	245	225	221	247	239	237	229	231	217	225	235	209	241	219	225	227	225	229	229	231	231	217	231	237	207	213	225	219	237	243	221	227	231	231	233	219	217	249	225	229	259	231	217	231	229	233	237	239	249	257	239	257	263	237	235	247	241	225	223	261	233	231	235	235	253	213	249	251	263	229	239	257	255	275	247	239	257	257	251	243	257	245	255	249	271	257	267	251	257	259	255	275	273	241	263	247	263	265	259	257	287	263	261	259	281	275	281	267	265	299	273	289	265	297	301	295	291	279	291	283	287	287	283	291	285	287	293	297	299	307	289	317	331	319	297	303	317	329	309	313	317	333	347	371	341	373	375	391	403	407	399	419	451	427	413	429	457	421	447	435	461	415	443	453	449	473	493	489	483	441	421	447	467	431	447	385	383	407	389	413	393	385	373	383	393	405	383	393	381	381	377	403	377	357	379	391	377	407	397	393	401	391	379	353	369	341	347	321	355	325	313	325	297	301	297	295	315	321	271	313	287	285	273	281	267	263	267	297	277	267	279	269	275	271	269	273	267	279	277	249	251	277	253	295	255	271	267	231	255	271	243	233	225	237	211	245	193	235	235	233	221	229	239	229	203	219	215	237	211	227	225	213	219	215	207	187	217	211	209	225	191	211	193	221	219	223	197
-2.28267	14.7288	21	21	17	17	17	15	23	13	23	25	27	19	23	31	23	25	21	33	33	35	33	39	23	37	35	33	43	43	45	39	51	41	47	49	55	49	69	73	63	59	63	67	81	81	69	89	91	93	95	99	105	117	107	127	145	129	123	137	135	153	153	149	173	151	155	173	179	169	175	201	203	187	199	215	211	207	199	223	227	211	207	211	237	221	225	241	231	217	235	255	239	245	231	235	269	245	247	253	271	247	251	271	261	273	275	307	301	313	353	355	365	389	365	369	439	457	401	385	361	365	381	355	333	327	305	309	339	299	319	343	311	345	331	335	317	325	329	347	345	339	343	339	397	435	407	435	463	505	489	461	499	479	527	523	493	541	535	519	539	543	531	479	445	421	439	393	381	397	369	383	393	407	383	373	427	395	395	395	403	389	389	381	399	371	409	383	419	397	449	461	497	573	663	649	675	637	603	559	489	471	457	449	413	415	397	375	367	383	363	341	363	325	357	345	339	327	331	305	331	313	309	293	307	291	281	317	283	289	293	295	263	277	257	259	279	265	269	251	249	249	249	249	247	237	247	223	251	253	261	245	241	253	245	227	239	237	227	235	231	249	257	233	229	233	229	247	247	227	231	225	235	257	217	249	217	229	223	213	205	227	223	223	233	239	235	239	231	231	221	223	217	225	237	239	247	241	235	237	229	219	235	223	227	243	239	227	247	255	237	257	241	231	241	259	255	263	267	251	263	287	269	279	309	305	333	367	433	473	435	483	503	489	499	505	497	501	473	495	487	489	491	483	501	511	505	525	545	553	573	599	657	657	635	651	619	595	623	593	601	591	549	571	569	583	543	551	533	573	559	613	595	597	605	573	597	595	639	683	705	677	727	751	787	821	847	893	965	1061	1113	1121	1149	1205	1227	1243	1303	1321	1347	1403	1455	1527	1603	1679	1763	1901	2025	2317	2763	3471	4539	6411	9531	15291	26317	30959	20435	10111	5679	3883	2969	2327	2319	2383	2605	2861	2947	3073	3053	3041	3087	3127	3017	2627	2301	2029	1895	1807	1749	1523	1203	989	817	715	703	629	621	665	587	617	533	573	519	515	487	481	469	455	447	451	413	447	415	455	435	419	427	439	431	435	455	421	421	405	429	405	435	403	433	415	437	397	395	417	413	409	401	377	367	369	349	307	307	301	293	285	275	275	271	267	263	267	261	267	273	269	255	281	251	257	255	235	255	285	259	253	263	247	267	285	277	289	319	311	317	327	421	503	737	1193	1367	987	589	449	359	321	325	299	291	273	291	271	273	299	285	275	289	267	269	269	273	255	271	275	281	273	267	269	289	285	295	271	279	273	289	283	255	279	279	311	305	319	319	339	329	309	337	345	321	337	323	325	333	367	347	361	377	389	407	401	411	397	389	385	419	387	395	385	425	397	405	409	427	409	401	407	425	419	401	427	435	431	433	415	437	435	415	405	417	389	417	419	427	413	447	413	435	459	489	525	505	523	455	487	421	429	403	413	417	351	391	349	383	365	361	381	411	389	427	419	445	431	463	513	579	615	743	831	855	849	777	679	607	527	501	445	443	419	405	409	407	377	373	349	367	357	341	383	399	369	385	403	387	371	421	395	437	419	445	443	457	491	491	517	573	607	627	621	631	675	677	685	733	709	719	677	631	615	561	551	493	419	403	375	349	315	283	293	275	275	277	273	259	249	257	267	241	225	241	223	245	239	217	217	229	221	243	227	229	221	225	223	233	245	233	203	217	221	217	211	219	211	215	231	213	209	237	227	233	217	219	239	217	235	221	221	227	231	217	221	241	237	225	241	227	225	229	223	231	245	243	237	237	231	233	215	245	231	225	235	243	235	225	229	245	229	259	243	251	249	233	247	225	231	223	243	261	253	245	227	247	253	257	241	255	267	245	251	251	235	269	245	243	251	253	253	253	273	279	271	265	257	267	231	251	247	261	239	261	265	259	253	269	253	269	257	277	283	285	265	277	281	297	295	299	299	297	295	293	267	287	279	291	289	301	289	301	281	315	293	329	309	345	303	319	309	309	327	325	337	307	345	349	359	375	387	425	397	415	433	413	431	439	431	431	435	441	445	437	441	463	483	459	473	463	445	471	451	469	441	413	483	431	433	421	427	389	397	403	383	389	381	417	385	383	397	415	413	377	369	391	389	387	365	379	377	401	385	419	401	379	387	385	381	351	345	333	341	315	325	331	293	317	297	307	295	293	311	281	297	287	293	273	275	265	255	281	259	253	269	259	253	257	237	273	243	275	261	271	263	271	259	277	263	265	243	255	241	235	241	243	231	241	211	235	227	231	203	211	211	227	213	221	201	217	201	211	197	203	211	207	221	195	215	199	209	221	199	231	211	207	191	185	203	209	187
-3.48014	0.08981	13	5	17	19	21	21	15	23	23	29	19	17	25	27	25	25	29	33	25	29	25	25	29	31	23	29	35	31	31	41	37	41	41	47	47	41	51	47	59	45	51	55	49	57	57	69	59	69	63	71	77	75	85	87	91	103	97	111	103	107	91	115	119	111	129	121	127	145	131	151	129	131	139	153	147	163	151	155	159	149	149	163	173	171	151	159	149	157	173	163	171	171	169	157	163	183	169	179	169	187	175	175	179	185	187	187	203	209	221	213	205	205	213	225	209	211	211	205	203	199	187	183	195	181	177	171	165	207	173	183	181	193	205	185	189	183	207	189	197	207	185	215	213	213	215	221	237	233	225	231	211	227	241	243	245	245	229	229	259	261	247	239	225	213	213	203	199	203	197	201	219	203	215	211	197	237	223	205	231	221	219	233	195	209	219	221	229	211	217	235	271	259	277	289	285	267	269	233	241	235	203	227	217	207	193	197	193	201	205	189	195	191	197	225	197	175	199	175	187	177	187	175	199	181	191	201	189	169	171	181	171	163	177	173	167	185	159	173	169	173	167	167	165	169	179	167	161	169	163	157	169	187	177	185	173	165	147	157	153	163	155	165	179	181	167	169	181	165	153	145	163	167	165	171	143	165	145	167	155	157	175	167	175	169	169	165	163	169	155	173	163	161	165	155	177	169	151	169	165	185	185	179	163	177	165	175	173	167	179	181	179	171	183	163	161	171	179	183	173	175	173	181	171	181	209	229	211	237	235	235	231	239	235	235	231	243	237	257	229	245	241	263	245	279	273	255	271	285	289	291	313	321	291	273	269	271	257	247	279	261	251	279	255	257	261	227	251	241	227	247	235	249	265	239	257	271	257	257	273	255	297	317	301	317	307	315	321	331	381	371	375	443	421	455	493	473	495	517	533	533	577	611	633	643	699	773	821	1051	1573	2489	4235	7713	12843	7651	2361	1087	789	621	531	531	517	549	545	573	623	659	669	605	643	641	703	723	731	813	881	923	825	597	433	375	319	307	295	297	305	291	279	271	299	255	261	263	253	255	241	243	235	249	247	211	217	243	227	223	221	225	217	233	231	213	221	237	201	211	221	205	217	231	221	207	209	223	219	203	221	209	217	189	185	177	185	153	171	167	199	175	153	169	155	175	173	173	179	183	179	171	183	161	175	179	171	153	171	175	169	161	161	175	165	171	161	165	173	169	171	169	157	175	165	155	175	143	157	177	173	175	177	171	177	163	173	163	179	175	185	163	179	167	171	145	171	173	183	167	185	189	159	167	161	179	193	189	189	173	201	185	179	181	203	181	199	183	181	195	175	197	189	193	189	195	193	197	201	197	201	171	201	203	213	191	205	205	207	209	205	211	191	197	205	211	223	225	223	205	203	223	221	205	221	209	201	221	209	225	195	223	197	219	211	215	211	221	211	185	209	219	223	225	221	237	219	225	221	217	217	213	207	205	209	205	197	185	201	213	201	191	219	219	215	203	225	221	231	229	221	273	267	297	327	301	273	257	231	227	215	219	221	227	217	203	195	215	199	225	207	221	207	179	201	191	221	207	217	215	205	197	219	225	211	219	213	241	237	221	233	243	251	259	267	257	271	255	283	275	261	279	267	269	261	227	233	215	187	199	189	181	193	163	189	177	175	167	171	179	183	173	175	173	167	173	165	167	167	169	177	163	169	167	159	177	173	159	171	167	177	181	173	175	189	183	171	161	175	175	169	167	181	165	169	175	179	177	187	171	165	177	181	179	165	167	157	171	167	151	169	169	181	179	167	175	181	187	177	161	171	189	191	179	183	165	193	179	169	183	171	183	167	193	165	163	163	161	185	171	175	169	163	157	185	175	191	177	179	179	173	163	183	183	181	179	173	173	173	191	181	177	173	177	181	169	179	177	179	189	185	189	179	175	209	183	203	173	181	197	189	189	187	185	201	179	195	175	195	185	209	189	173	179	179	179	189	185	177	187	195	197	187	195	199	201	195	183	191	189	185	189	191	207	185	199	191	189	197	197	215	217	217	197	211	213	221	231	201	233	219	207	211	229	225	257	243	241	239	229	227	221	219	221	237	195	223	217	215	221	205	201	225	193	205	227	201	217	217	233	197	213	215	215	203	207	205	211	223	211	217	219	213	213	207	219	221	201	213	217	201	203	213	193	193	219	187	189	191	189	193	203	201	215	191	203	199	205	187	185	181	171	187	185	175	183	173	165	193	185	179	181	173	171	191	185	191	175	189	187	187	169	177	163	179	179	175	175	175	171	179	159	161	177	167	157	163	169	175	173	167	163	169	163	155	165	161	171	181	163	179	179	161	181	165	153	153	157	165	165
-3.48014	2.1811	19	11	23	19	21	15	19	19	15	23	21	25	29	23	29	13	23	31	31	33	37	37	39	31	27	37	35	37	39	43	31	43	43	49	37	47	53	35	49	55	51	55	47	73	65	67	55	75	77	75	87	87	85	83	103	99	99	115	103	99	115	119	131	123	121	119	137	145	127	135	147	135	163	155	145	137	155	175	157	147	157	163	175	171	175	169	183	159	179	181	161	175	177	181	183	189	167	173	181	193	175	173	179	195	205	189	195	199	215	233	239	231	245	227	233	207	215	221	217	217	201	201	209	197	195	203	195	205	195	227	213	187	219	203	203	209	187	211	195	199	219	207	221	221	239	231	245	243	243	265	239	275	235	249	267	241	265	257	261	257	267	259	261	237	239	233	235	231	211	229	241	243	223	231	215	231	235	227	243	229	239	225	231	217	223	223	233	219	249	233	265	273	301	297	295	275	265	259	249	243	215	225	241	215	233	221	229	209	195	231	209	201	203	219	205	209	189	199	189	187	195	189	203	207	205	181	189	187	203	175	179	183	173	177	171	183	173	169	193	173	173	177	167	177	195	181	165	179	171	177	165	169	171	175	175	165	159	155	179	175	171	155	183	175	169	175	167	173	175	183	181	153	173	153	157	165	177	157	161	167	171	183	173	181	173	161	181	169	179	177	157	163	189	181	175	181	187	153	171	169	191	185	167	181	195	177	171	171	197	177	167	193	187	167	181	191	193	187	201	183	191	195	207	209	201	227	243	253	251	255	225	263	271	233	263	263	263	267	261	275	279	271	277	279	273	271	307	307	335	315	293	323	331	319	291	299	289	295	283	295	281	283	265	249	247	259	241	251	249	235	267	265	273	295	293	291	279	285	315	299	281	287	295	347	359	373	365	369	385	411	447	471	479	501	531	511	555	567	589	591	619	699	701	773	785	871	961	1265	1807	2997	5219	8607	13361	8599	2781	1271	847	689	603	609	547	589	619	677	701	757	717	709	691	727	757	793	849	905	1013	991	997	761	571	399	373	365	325	341	313	309	293	307	291	295	293	285	265	275	249	259	259	261	257	259	251	229	231	241	253	245	253	235	249	227	235	251	231	227	233	239	225	219	239	213	219	211	221	239	225	227	199	223	201	201	191	197	189	177	195	189	183	175	181	181	189	173	195	187	179	153	191	171	173	173	167	187	163	175	185	173	183	173	179	173	163	175	177	161	175	179	169	163	181	185	179	163	173	189	191	173	179	165	183	177	183	187	165	179	187	175	185	185	193	181	181	199	193	195	191	163	191	173	197	191	197	195	195	195	201	187	197	199	189	197	203	195	199	203	199	211	183	203	191	199	187	197	223	207	217	241	203	221	237	231	207	233	207	215	227	221	217	229	237	223	205	237	221	217	233	227	241	229	207	241	227	259	249	227	241	235	219	233	227	221	249	217	221	219	217	225	233	245	219	269	239	265	245	239	237	223	231	227	209	209	209	207	217	209	231	223	237	227	223	213	229	231	241	267	239	289	299	325	339	335	309	267	263	229	235	241	229	217	205	211	243	217	227	233	213	231	219	205	215	223	227	229	209	221	231	243	233	211	239	241	231	239	237	265	247	275	273	281	267	255	283	267	311	265	301	309	285	301	295	263	271	201	215	225	217	189	191	201	201	175	203	195	169	167	173	181	181	179	173	177	183	181	195	191	173	167	175	175	175	171	179	187	181	187	179	167	177	185	175	185	179	181	171	179	175	173	179	175	169	183	173	177	173	177	163	193	189	187	181	191	183	171	195	175	193	183	183	173	171	189	173	193	183	181	185	205	183	197	167	177	189	195	181	183	197	181	191	195	185	171	167	201	185	193	195	201	181	185	185	173	177	181	177	171	189	197	191	177	181	195	189	205	191	199	187	191	185	201	197	191	167	185	189	183	173	197	187	181	207	205	193	191	205	201	197	191	191	191	205	195	187	195	195	195	195	203	215	195	205	187	207	209	191	211	195	209	211	223	189	203	199	205	199	211	193	209	215	197	221	217	223	221	199	229	219	201	245	223	225	241	231	237	231	229	233	251	233	219	245	249	267	229	247	245	249	249	217	273	243	255	217	227	219	217	217	213	245	197	227	217	223	225	219	223	217	227	215	225	221	221	227	239	237	215	213	243	217	217	205	223	223	241	225	211	219	201	227	219	213	217	207	217	207	207	199	199	213	179	189	223	197	187	185	189	197	187	193	185	195	183	203	215	189	195	175	181	195	177	177	191	197	189	181	197	205	189	183	173	185	181	187	181	173	167	175	179	171	171	193	187	171	165	173	173	173	167	173	175	175	173	173	169	183	165	179	155	183	179	205	181	173	171	157	163
-3.48014	4.27239	17	15	21	21	19	21	17	25	17	25	21	21	19	19	29	31	23	25	29	25	33	31	27	35	31	29	33	37	33	25	43	39	39	41	45	41	45	47	53	45	45	59	59	59	57	63	61	83	65	85	79	79	97	89	95	101	113	97	99	111	111	125	139	113	137	131	147	127	125	145	135	155	141	157	153	159	171	151	157	155	159	169	169	157	161	191	187	175	183	193	189	167	191	167	161	189	197	187	187	189	193	191	201	191	197	211	207	217	233	227	253	229	257	225	239	227	229	231	215	201	211	207	197	207	209	193	203	195	201	219	203	181	213	197	213	209	215	219	221	225	231	227	211	241	243	255	255	267	247	273	255	289	265	275	255	277	263	265	291	289	269	277	261	271	251	227	225	237	233	231	245	229	239	233	227	221	233	225	227	243	235	225	233	247	245	231	245	225	259	281	273	297	315	303	349	289	309	307	241	253	239	233	219	251	255	243	213	243	205	233	213	235	203	215	225	193	217	193	199	217	209	205	211	203	195	191	213	193	203	187	167	175	185	177	187	175	175	175	195	167	163	177	171	173	189	167	183	177	169	167	191	177	187	165	171	171	181	163	175	171	159	157	175	173	173	181	171	151	167	159	169	173	179	183	173	153	161	183	161	151	169	155	171	169	181	171	167	159	175	195	183	171	169	177	159	205	179	167	179	173	179	171	181	169	187	175	205	171	187	181	197	185	189	179	193	189	197	207	201	199	179	193	211	201	227	215	261	259	257	249	267	269	241	265	275	283	269	287	293	259	291	289	293	325	291	313	335	305	331	317	357	353	361	321	287	299	295	307	275	301	295	291	295	297	285	295	267	275	273	295	287	271	295	281	287	285	309	317	323	325	337	323	351	363	377	387	387	419	425	461	473	505	555	579	565	589	617	633	643	683	689	757	785	847	853	953	1153	1537	2295	3735	5915	9797	15997	9075	2807	1387	913	769	707	639	635	683	681	745	809	825	817	851	761	815	835	915	941	1033	1097	1145	1061	827	575	473	421	357	373	345	339	329	327	317	333	331	293	279	295	285	281	277	263	275	275	267	249	241	245	277	259	245	261	251	273	243	255	231	249	229	235	249	231	255	229	237	251	243	243	237	217	213	231	211	213	203	185	181	189	185	187	203	181	173	195	179	191	191	167	189	185	171	197	185	195	187	177	173	187	171	171	183	187	185	181	199	179	185	183	171	161	185	177	177	181	159	169	175	195	183	161	189	157	179	179	181	167	191	181	191	177	185	171	181	193	157	173	187	189	167	203	201	173	179	185	203	207	185	193	203	187	205	205	209	195	205	189	197	207	211	205	201	209	207	207	189	203	207	205	241	197	221	199	241	237	217	223	235	229	219	225	223	217	227	233	219	245	233	221	239	205	235	249	233	233	241	233	247	237	253	239	225	253	211	215	241	223	237	245	233	239	247	249	237	269	251	279	275	239	217	229	225	233	223	209	219	235	229	227	213	219	215	237	241	237	223	237	245	265	261	263	289	329	341	357	335	303	277	251	249	245	235	225	229	225	239	229	231	237	233	211	221	231	229	227	235	231	223	231	219	239	227	227	247	237	259	225	251	255	277	285	275	293	271	277	299	315	267	309	307	315	337	319	293	275	289	245	253	205	209	207	183	195	177	185	183	189	195	177	179	181	177	163	189	179	191	187	179	211	191	179	185	183	165	171	193	185	171	187	187	185	169	173	171	169	161	167	169	189	181	163	179	169	181	163	169	175	183	171	185	159	183	169	187	173	179	175	165	163	175	189	171	171	177	187	169	181	177	173	177	173	203	207	171	185	189	179	185	187	173	199	191	177	195	185	181	201	187	177	181	181	191	175	193	195	195	215	183	185	201	207	191	169	189	181	191	187	187	181	197	171	173	187	183	197	189	193	183	175	171	189	181	177	199	171	175	175	201	189	201	191	191	191	213	187	189	197	211	215	195	189	189	207	199	205	199	187	217	203	211	201	217	213	195	191	205	197	201	197	219	217	235	195	215	191	203	227	213	219	229	241	251	237	223	237	225	253	207	243	229	235	231	239	263	247	245	243	259	241	265	279	225	239	237	239	231	251	221	243	229	249	249	233	237	253	259	225	211	231	219	227	217	217	247	229	243	217	233	237	215	219	213	221	231	227	213	233	207	225	223	205	221	209	219	217	207	227	201	195	217	217	191	215	221	215	201	203	201	199	195	195	201	173	193	211	213	213	181	169	197	179	185	187	207	183	191	183	197	209	187	195	179	177	183	175	191	151	183	201	171	185	179	191	175	181	173	173	191	181	171	181	151	205	181	163	169	183	181	181	159	167	169	173	165	177	193	173	171	167	163
-3.48014	6.36368	13	19	21	19	13	23	17	19	27	17	23	21	21	23	21	27	15	25	29	33	23	29	31	31	37	31	33	33	31	39	39	35	47	53	43	47	49	43	59	63	65	65	63	71	73	71	77	87	83	85	95	105	109	99	101	113	107	137	137	121	127	125	145	139	133	141	173	163	165	161	175	167	171	189	173	187	195	175	153	191	201	191	197	201	201	217	225	205	213	209	211	215	221	193	235	215	235	233	223	239	237	241	251	249	241	257	281	291	303	337	353	359	377	395	405	397	389	363	333	331	315	301	307	297	303	313	293	281	301	293	289	301	285	299	295	301	307	301	315	323	311	331	371	359	405	391	413	441	437	457	407	447	443	483	463	465	463	481	495	511	469	449	371	391	369	355	341	337	349	375	347	341	375	349	359	361	369	371	365	349	369	361	347	359	341	363	349	375	409	441	477	559	577	605	601	623	557	481	475	417	401	387	375	369	339	343	337	341	323	329	317	315	321	323	295	295	297	269	285	275	281	269	259	243	267	265	285	279	271	251	241	237	215	241	215	245	229	241	213	225	205	225	215	217	223	207	201	193	207	221	189	217	225	193	213	209	203	213	187	205	203	207	199	193	191	219	207	195	185	205	203	185	199	193	199	195	201	187	209	191	209	215	197	191	201	209	217	187	199	193	209	177	205	203	207	215	199	201	205	169	197	225	209	217	221	213	249	219	229	213	215	233	219	239	231	241	225	233	235	263	259	263	263	271	271	335	393	447	409	435	429	429	431	453	429	419	447	449	473	431	451	459	411	467	509	511	483	519	535	571	589	613	633	615	583	587	557	563	565	557	507	497	519	535	527	493	495	523	531	541	525	515	531	533	557	559	607	601	581	649	615	669	715	767	779	855	925	999	1017	1003	1101	1107	1085	1145	1203	1245	1311	1267	1319	1403	1415	1535	1565	1685	1797	2033	2395	3133	4483	6439	8891	14431	26455	31817	18593	8607	4999	3439	2533	2133	2037	2289	2463	2671	2783	2885	2879	3051	2981	3057	2885	2511	2193	1955	1907	1861	1765	1445	1115	861	729	677	641	647	575	617	581	559	529	549	509	461	431	433	451	433	423	413	399	411	433	389	397	385	395	403	403	405	357	389	367	367	417	379	367	381	391	381	379	393	367	371	375	377	349	351	339	309	335	263	263	259	239	259	247	239	241	221	231	219	225	217	223	223	225	239	231	227	215	231	215	215	217	241	227	219	221	233	219	239	251	279	275	297	363	459	723	1269	1329	799	481	383	345	277	289	273	277	265	233	253	257	245	247	245	235	259	235	243	241	231	263	235	237	261	237	247	241	235	247	249	233	255	263	255	257	247	279	253	267	277	271	311	331	293	277	273	285	269	321	301	281	333	317	325	313	335	365	353	343	341	351	353	351	361	363	347	355	347	367	359	365	375	375	371	397	377	373	393	399	375	381	407	377	375	357	411	381	375	375	383	373	373	371	361	363	423	459	463	463	449	435	393	385	365	351	365	317	329	325	343	307	331	325	369	333	385	345	389	391	401	401	457	533	575	731	755	855	839	731	615	519	469	419	383	397	357	371	353	357	317	321	307	313	287	317	339	335	359	361	335	333	351	349	369	353	371	407	395	395	417	429	513	517	565	563	571	621	639	631	667	653	631	591	619	603	559	513	489	417	383	371	317	303	267	265	255	253	237	229	225	217	237	215	213	237	195	211	203	197	195	195	209	199	195	203	205	203	179	207	179	207	193	193	209	201	195	205	197	197	211	199	187	193	201	201	205	193	185	189	199	215	203	201	189	197	195	195	203	195	163	223	195	185	199	191	173	183	193	201	189	213	187	207	213	183	207	227	221	197	201	221	191	221	207	203	231	211	229	211	209	207	209	203	205	205	231	203	213	223	233	209	199	209	203	209	215	225	219	209	217	217	211	217	239	245	215	227	247	223	221	229	231	239	231	261	235	259	239	223	237	235	239	245	241	265	261	239	245	257	249	269	241	251	243	253	273	253	267	263	245	241	255	253	239	259	235	279	253	265	267	281	271	279	267	273	277	277	273	293	299	333	333	341	371	351	395	357	393	405	361	373	373	383	383	385	409	407	405	409	413	413	411	443	411	413	403	427	415	395	409	403	391	369	363	375	355	347	353	353	345	375	333	381	339	349	333	345	341	369	359	359	347	379	369	345	353	351	337	355	353	363	331	343	311	277	317	275	283	293	273	283	269	271	259	277	247	243	267	223	239	249	267	247	241	213	241	237	241	239	231	233	227	229	223	229	227	215	239	245	247	257	235	249	227	213	215	215	221	215	199	225	211	185	199	199	173	209	203	205	187	155	193	173	189	181	179	173	161	187	187	181	183	185	179	193	185	195	169	183	181	187	179	173	185
-3.48014	8.45497	17	17	17	17	21	17	25	17	21	21	21	19	21	21	25	19	25	25	33	27	27	23	33	33	23	23	31	41	41	33	39	41	35	39	47	55	51	43	63	49	57	55	63	67	63	81	77	83	83	87	87	83	83	113	109	121	111	105	127	109	121	151	131	139	151	149	161	167	137	163	175	157	173	185	189	189	171	183	183	197	203	209	223	209	199	193	219	211	203	211	205	215	221	207	227	225	217	219	223	221	235	247	243	241	239	277	275	311	303	317	335	333	373	401	357	371	373	373	347	319	309	311	283	291	273	281	297	271	291	285	299	265	303	293	277	285	295	295	301	323	315	309	339	367	399	407	395	429	431	417	439	439	461	463	443	457	493	477	539	467	457	413	379	393	337	359	347	343	369	331	345	377	329	351	363	367	367	347	357	369	343	345	329	319	327	361	351	367	407	401	463	533	589	597	615	555	541	501	489	415	403	363	369	347	369	359	339	331	319	329	317	313	291	293	293	289	281	297	281	295	259	261	263	251	261	261	253	239	263	241	221	225	237	221	223	229	229	223	213	221	223	219	219	219	229	219	201	205	203	205	205	211	211	207	205	195	213	203	195	203	207	209	187	205	193	201	215	209	193	179	201	193	207	191	205	187	173	193	207	199	173	205	199	193	211	179	181	201	195	195	195	189	201	207	203	213	197	205	221	213	217	209	201	191	223	215	211	207	217	209	223	225	231	223	215	239	225	233	227	233	247	251	259	251	291	327	383	441	461	427	435	425	435	445	437	449	425	469	449	437	447	449	451	447	471	509	471	537	567	561	603	601	613	635	609	571	555	535	553	537	533	521	521	493	479	509	511	509	501	505	569	527	507	515	557	583	561	639	607	617	641	637	683	709	811	801	901	937	1039	1003	1045	1069	1089	1125	1209	1227	1251	1279	1281	1403	1451	1481	1559	1631	1863	2015	2309	2947	4113	6033	8531	14261	25791	32159	20383	9449	5151	3531	2581	2069	1989	2135	2403	2685	2769	2859	2879	2865	2945	2949	2877	2531	2121	1853	1847	1791	1717	1453	1163	861	717	681	641	595	535	565	533	557	517	515	507	473	469	459	415	441	435	405	415	407	399	403	407	399	363	429	361	363	379	393	409	399	371	371	379	397	369	381	379	401	369	401	393	397	355	333	333	307	299	277	287	265	261	251	221	235	223	223	235	225	235	225	235	243	241	233	213	207	221	239	221	237	217	229	225	229	233	213	237	243	265	271	259	289	339	459	673	1133	1291	905	555	407	327	295	287	287	257	249	261	245	267	235	235	227	233	265	223	251	229	213	213	223	231	233	249	231	257	247	227	237	257	249	249	245	239	253	275	281	271	293	269	283	279	307	295	285	283	279	281	297	287	315	307	321	331	357	337	367	361	365	367	333	359	361	379	351	349	363	361	355	365	373	367	361	379	365	387	375	391	385	381	387	381	383	395	357	385	363	387	393	365	367	361	351	383	405	395	431	449	455	399	373	387	365	365	337	331	335	315	331	311	319	315	313	355	371	359	367	363	393	397	425	477	547	631	713	771	845	743	609	541	479	415	411	379	359	363	351	345	331	311	321	297	329	321	315	337	313	329	341	335	325	357	367	381	387	381	385	417	419	431	469	509	545	521	565	583	605	589	609	637	613	599	601	577	537	493	481	427	395	355	329	283	263	267	251	235	229	225	217	255	211	217	201	199	217	191	209	213	185	211	189	195	207	197	201	185	205	215	205	185	205	199	203	199	205	221	189	199	179	179	199	183	195	189	197	183	179	181	189	175	195	195	195	197	203	195	179	201	195	189	191	187	173	183	183	181	193	207	195	185	209	211	207	189	199	207	207	201	219	199	205	219	215	223	213	223	197	223	221	225	225	201	185	205	203	197	215	201	203	203	203	203	201	239	239	217	223	213	197	185	207	243	237	209	227	233	233	231	227	207	219	241	229	233	237	219	225	227	237	213	227	251	241	255	259	249	229	265	253	259	241	257	239	235	233	243	269	263	269	247	257	247	249	231	247	273	255	261	271	269	263	253	295	281	291	273	287	319	301	327	341	333	349	355	353	385	397	363	407	377	425	373	387	375	385	375	411	397	389	417	415	431	451	425	431	413	397	421	413	377	363	387	351	377	341	347	381	351	353	351	347	359	337	373	351	339	343	369	349	329	349	337	363	343	311	343	331	303	367	339	315	303	289	297	307	297	273	273	301	263	273	265	259	257	239	255	247	233	235	245	245	271	237	227	229	221	237	249	223	217	215	239	211	237	205	239	233	215	245	213	223	231	215	213	231	225	207	193	209	207	203	197	201	183	197	199	171	195	197	169	169	185	187	169	187	173	185	181	175	169	159	169	189	197	191	175	181	181	177	185	163	191	183
-3.48014	10.5463	17	13	17	21	25	15	27	19	25	23	21	21	23	27	31	21	23	33	39	27	25	39	33	33	29	31	33	43	39	39	39	47	43	47	47	55	49	49	47	61	63	61	75	71	81	75	85	77	85	95	103	91	107	105	87	121	121	111	125	129	137	141	155	135	153	167	151	147	151	147	159	179	169	175	185	187	181	201	193	183	191	197	203	197	197	205	191	195	221	209	233	201	207	235	209	235	217	223	235	243	235	239	251	245	257	251	301	295	327	351	313	335	359	377	409	399	379	351	337	319	323	311	309	305	283	281	281	287	293	307	289	283	301	275	275	295	285	301	299	329	293	333	357	363	389	407	419	425	463	441	449	471	467	489	455	479	533	471	505	497	481	423	411	373	367	355	317	317	341	335	365	339	335	347	355	359	361	377	355	345	381	351	321	341	323	341	351	379	379	417	475	521	571	603	615	583	545	481	495	441	431	403	359	375	373	327	319	371	305	303	307	303	321	311	299	297	301	285	273	283	289	275	283	259	275	257	287	279	243	259	249	233	243	235	217	221	249	215	229	201	223	213	215	215	213	203	223	219	207	209	209	205	209	207	219	193	183	199	201	203	211	187	179	211	203	199	203	195	199	215	189	211	199	189	211	201	203	199	203	199	195	197	201	205	207	197	215	201	219	219	207	201	217	203	211	197	193	199	205	207	191	197	205	213	199	207	205	233	233	227	225	233	257	247	227	227	235	237	227	233	239	249	239	251	271	311	403	399	413	449	441	459	433	457	461	435	431	401	431	429	497	423	443	461	453	499	479	489	521	565	603	651	637	613	617	557	567	551	535	517	537	505	509	543	485	515	503	481	507	535	539	557	501	517	555	553	569	575	615	629	617	643	701	747	735	867	919	979	1015	1015	1069	1073	1063	1147	1199	1215	1199	1285	1321	1405	1429	1531	1621	1697	1837	2035	2383	3005	4127	5993	8761	14289	25943	32349	20337	9535	5111	3583	2511	2047	2033	2195	2451	2685	2807	2879	2927	2953	2861	2969	2937	2505	2133	1887	1839	1853	1721	1463	1123	843	721	637	635	655	609	561	549	531	533	507	491	475	419	437	395	423	433	391	415	403	397	399	373	407	407	389	401	409	371	363	383	373	387	405	389	387	391	369	391	397	375	385	397	355	373	365	335	309	325	273	253	251	231	241	245	253	253	225	243	227	227	227	233	229	259	209	221	223	229	219	231	211	243	211	227	233	231	241	213	237	255	251	259	317	349	443	669	1181	1397	885	543	383	347	277	297	289	261	255	217	249	249	247	217	233	225	243	259	239	241	237	219	233	247	241	239	255	241	259	247	259	257	261	257	251	263	253	239	285	271	297	275	291	293	275	277	289	287	283	287	281	309	315	291	343	333	341	355	341	343	343	353	371	351	361	343	357	357	359	353	377	353	375	347	361	379	383	375	375	387	361	385	381	389	417	351	363	365	385	331	363	373	359	367	387	367	413	419	445	467	483	451	397	385	359	375	343	321	373	311	321	333	335	311	329	323	373	367	345	385	361	417	445	453	567	641	735	797	861	769	611	527	481	443	417	383	357	353	311	327	317	319	317	339	329	305	315	339	333	335	323	337	355	365	333	389	399	387	375	429	421	469	457	479	535	537	569	601	599	659	649	647	629	619	623	589	523	501	457	417	377	365	325	293	277	243	257	237	219	227	233	233	209	223	197	211	207	207	197	205	215	193	199	209	213	225	201	187	193	197	191	215	173	195	195	185	189	203	209	201	197	181	197	189	201	179	193	191	195	187	193	203	193	191	197	191	199	183	183	199	217	201	183	197	197	207	193	191	195	207	205	193	195	215	203	181	207	197	199	199	191	219	199	221	235	219	209	203	215	193	201	201	229	219	205	223	199	223	207	231	237	205	211	189	217	207	221	219	215	221	241	221	217	217	209	219	249	209	227	239	239	215	235	233	231	211	233	249	235	223	247	225	223	253	219	249	245	251	239	277	225	249	275	249	243	257	247	275	243	263	235	251	251	243	257	253	255	259	261	273	263	269	267	281	263	273	269	283	275	293	317	313	331	359	359	371	371	363	359	389	407	399	401	387	403	393	373	395	391	399	399	423	433	437	419	421	433	419	415	387	415	373	391	387	365	341	363	357	357	363	361	359	345	345	351	337	341	337	337	339	323	363	317	349	335	339	347	359	357	353	351	349	327	323	315	283	283	287	275	277	277	299	273	277	273	267	271	273	245	241	249	267	257	249	239	219	227	213	233	223	223	235	211	225	231	219	259	217	245	227	245	221	227	197	217	235	221	211	203	207	209	203	205	201	197	189	175	173	185	195	163	197	183	203	191	201	167	191	191	169	165	203	177	177	193	165	177	173	179	183	165	175	181	179	189
-3.48014	12.6375	13	11	21	23	17	17	23	21	21	29	17	23	25	21	21	29	27	21	23	29	31	37	29	27	31	37	43	37	41	41	45	43	43	39	41	53	43	51	57	59	59	59	69	61	77	73	67	77	79	95	103	97	101	109	109	103	123	121	121	121	133	147	143	151	141	149	181	151	153	147	169	181	169	189	177	193	197	179	183	197	191	195	207	179	215	213	191	207	207	211	217	213	225	223	203	213	245	223	227	221	235	233	227	249	241	257	273	273	283	307	335	365	369	381	403	373	377	333	329	345	315	319	265	297	269	295	285	273	293	269	283	285	297	293	307	273	303	321	311	297	313	325	369	391	379	401	403	401	439	443	473	483	439	479	463	467	465	453	473	521	459	421	403	383	387	305	343	343	335	351	341	371	347	343	351	359	381	355	349	331	329	341	353	333	353	347	357	379	413	439	465	555	577	577	613	591	567	481	481	439	395	385	365	359	347	363	331	345	313	317	325	319	305	299	289	307	301	275	303	287	291	273	293	259	269	285	253	257	247	247	261	235	235	227	233	207	229	231	227	227	217	209	237	219	209	223	239	203	219	213	197	199	217	209	221	215	197	211	201	209	211	193	203	187	197	197	189	201	199	183	195	191	197	193	191	211	195	193	191	201	197	191	201	217	189	203	201	203	197	195	207	203	207	221	207	195	209	207	209	207	207	211	187	219	213	199	219	215	223	225	227	245	231	233	227	239	239	249	257	223	239	257	231	251	283	315	401	405	405	405	447	423	455	451	447	459	447	441	449	429	445	439	435	481	465	481	497	525	527	551	565	659	625	637	599	557	543	533	563	529	523	503	537	513	517	505	495	495	509	529	543	531	515	529	561	573	567	591	609	581	613	711	679	749	769	809	891	973	1009	1003	1059	1079	1121	1173	1153	1237	1229	1303	1281	1373	1421	1499	1547	1703	1785	2045	2387	2971	4051	5927	8807	14339	25927	31579	19649	9185	5085	3451	2619	2077	2017	2165	2417	2651	2803	2819	2877	2905	2955	3003	2895	2539	2155	1913	1865	1757	1703	1467	1105	841	743	659	629	581	557	583	549	553	525	523	495	463	437	463	417	403	433	393	419	403	393	385	373	419	379	399	405	415	409	371	377	363	365	383	407	373	389	391	389	377	355	359	381	383	375	355	331	335	297	281	269	241	261	249	229	247	245	235	231	247	235	219	219	241	243	231	247	225	243	231	223	221	227	227	233	231	257	259	225	237	271	271	275	289	353	437	705	1213	1367	929	563	387	319	295	279	253	253	253	259	269	253	251	223	245	245	225	231	241	233	241	227	237	241	265	251	261	249	251	225	243	233	241	245	249	271	269	291	267	267	257	299	279	293	287	283	299	253	267	291	289	317	307	317	329	325	331	333	359	351	379	345	365	379	359	387	361	363	373	365	377	369	361	365	369	395	367	343	365	379	381	371	381	381	375	385	373	347	359	367	353	339	377	343	351	377	415	431	425	451	457	451	403	403	387	345	339	341	341	331	307	323	355	337	345	361	331	353	379	385	389	417	403	497	565	677	701	753	799	751	603	551	487	439	417	345	355	365	345	309	327	307	347	335	359	335	305	337	331	321	339	337	329	357	361	359	385	399	401	411	407	435	457	503	523	565	553	589	601	601	621	639	631	633	651	589	551	531	479	439	399	347	337	293	273	251	239	249	227	233	211	197	249	213	213	213	207	201	205	201	219	199	199	201	191	185	201	211	193	207	187	209	199	207	199	197	183	203	199	205	197	197	215	193	179	207	191	189	185	189	199	187	205	193	183	191	191	195	207	209	197	199	225	197	217	173	189	199	195	201	213	177	207	195	199	213	185	215	199	197	229	193	225	219	219	221	205	223	213	215	225	207	233	213	205	213	217	207	217	229	237	223	235	229	227	219	231	217	203	225	217	225	239	243	233	209	233	221	233	261	227	231	211	225	221	247	243	213	225	225	251	225	249	235	269	255	239	265	239	257	255	263	257	253	273	269	243	241	255	251	233	263	251	261	251	243	257	277	275	257	287	263	275	295	285	263	303	281	293	297	303	299	321	351	321	351	349	379	369	427	373	401	389	401	385	413	373	409	377	405	397	423	413	391	427	451	437	419	411	405	405	415	397	385	379	371	355	363	371	353	365	359	331	347	363	359	369	333	349	361	365	327	353	367	351	363	329	365	343	373	357	321	343	309	311	283	325	285	299	291	283	275	255	267	263	253	257	265	257	249	239	249	231	239	223	225	243	253	235	239	235	243	223	227	233	209	221	241	237	235	235	215	221	241	237	211	229	219	201	213	211	179	205	207	185	215	181	193	189	183	197	181	175	189	181	199	179	179	175	173	183	175	191	179	183	195	187	181	179	191	169	193	187	191	189
-3.48014	14.7288	15	5	25	27	15	19	29	27	27	23	21	23	29	23	37	25	27	27	31	41	27	31	35	27	29	33	29	37	41	37	47	45	47	31	39	43	53	55	55	63	63	53	59	79	79	87	61	87	83	89	87	93	97	103	109	115	121	123	131	139	135	151	131	139	159	163	165	169	181	173	175	181	181	187	179	191	215	179	215	203	201	189	211	217	199	213	213	209	231	241	227	217	233	217	225	219	219	231	233	233	225	253	241	247	265	273	305	297	327	337	353	347	387	395	407	405	397	355	363	355	361	331	329	345	311	331	309	317	287	321	299	283	311	289	299	297	305	333	319	325	319	327	379	385	405	427	429	445	469	443	465	471	487	489	507	497	487	527	505	557	509	467	411	411	351	341	347	351	359	349	351	339	369	371	375	365	377	375	355	339	359	363	373	343	351	373	359	375	423	431	473	561	595	605	623	637	551	551	499	465	445	407	381	375	339	357	333	331	335	299	325	337	299	311	313	319	311	303	307	307	275	271	291	287	281	279	279	253	241	235	249	263	231	227	225	233	229	221	233	231	239	221	215	233	229	205	203	215	239	217	239	207	217	207	207	201	217	207	193	203	221	201	197	191	225	195	211	197	195	197	191	209	207	201	203	203	179	205	207	201	203	181	211	199	185	213	223	197	187	187	219	217	219	207	205	225	207	197	211	231	207	209	213	213	225	219	219	213	225	229	223	225	231	237	229	247	269	243	231	255	243	249	247	259	297	347	393	423	445	457	455	491	519	473	485	467	455	445	455	465	477	463	475	475	477	501	501	555	549	575	669	657	627	617	643	639	585	591	571	553	535	507	537	541	517	541	557	551	569	561	571	539	583	575	595	625	617	605	599	631	687	729	717	789	865	937	949	999	1021	1091	1143	1117	1209	1177	1305	1263	1321	1395	1399	1465	1535	1627	1641	1803	1947	2169	2543	3193	4351	6165	9135	14981	27853	34415	21007	9759	5463	3753	2777	2271	2217	2389	2623	2891	3011	3055	3113	3057	3201	3207	2969	2619	2223	1957	1973	1905	1751	1495	1131	889	731	703	669	651	635	597	587	569	593	521	515	473	455	441	469	431	451	467	431	435	411	417	413	387	411	397	399	415	415	399	363	413	405	385	403	397	381	405	383	391	371	379	359	405	375	357	335	339	331	295	283	259	251	227	247	227	259	247	237	227	235	239	237	239	257	229	231	235	229	227	237	227	237	245	263	241	217	233	239	265	251	271	289	307	395	469	767	1273	1461	983	573	375	353	313	275	289	279	293	259	253	257	251	245	257	251	253	235	237	239	237	239	247	251	249	249	261	249	263	255	281	273	265	259	251	281	283	253	265	281	281	303	291	293	319	307	321	311	295	301	297	329	315	327	329	357	367	373	379	377	363	361	357	355	365	375	373	369	375	357	401	395	393	377	407	381	407	383	415	379	375	409	395	401	385	401	389	381	391	371	381	397	361	393	385	401	441	443	473	475	477	443	415	411	375	385	375	371	359	341	323	319	339	349	345	347	375	367	373	393	417	423	493	529	605	719	817	837	875	733	641	555	477	463	431	397	375	369	367	367	351	333	335	319	319	343	327	345	325	347	341	351	373	381	385	387	375	389	405	455	461	495	479	541	565	587	619	583	629	645	653	679	645	677	627	607	565	529	477	449	433	349	309	299	279	281	245	255	227	241	223	239	217	213	217	219	237	229	215	201	215	193	215	209	201	209	189	197	213	229	203	211	217	199	211	185	203	187	197	191	189	181	183	191	207	173	199	197	209	219	201	183	203	191	217	209	199	203	183	185	191	193	201	221	191	201	205	193	191	219	201	189	215	195	197	219	205	207	217	201	225	209	215	205	217	221	237	215	207	217	235	235	237	225	215	215	213	219	211	225	233	211	205	211	227	231	237	215	227	241	227	231	221	239	231	237	215	221	225	235	247	245	217	235	225	225	237	241	221	259	231	253	239	243	235	239	243	257	247	277	261	259	273	259	255	283	265	271	271	263	249	275	251	293	253	271	261	275	271	295	269	291	277	307	277	311	279	295	297	329	311	333	335	353	369	381	381	407	391	407	421	409	399	425	415	413	421	419	425	391	461	453	443	419	479	451	447	451	421	429	387	397	417	379	367	389	373	361	359	369	373	393	373	385	363	373	377	379	383	367	351	367	353	369	349	383	363	359	373	391	337	343	345	353	321	319	283	303	299	269	317	281	283	289	277	267	271	251	249	235	251	253	253	257	257	245	223	243	231	245	235	231	229	221	223	251	239	241	239	217	229	229	241	233	221	233	237	233	209	223	211	203	203	205	189	185	171	187	183	189	183	191	183	205	193	191	179	193	191	183	169	189	161	189	183	193	171	175	191	191	177	181	187	177	197
-4.6776	0.08981	7	11	19	21	17	21	23	27	17	9	23	15	19	35	23	23	31	21	31	27	33	23	29	41	29	35	37	33	35	39	41	39	41	47	45	47	51	47	51	51	51	57	69	63	57	75	75	75	75	81	77	87	97	85	95	101	105	105	99	105	119	109	129	111	127	125	119	141	127	133	139	145	141	141	153	159	121	163	145	161	171	149	155	167	179	177	171	179	165	197	179	161	175	181	175	165	173	187	203	189	183	161	179	183	193	199	189	195	215	213	221	199	209	243	211	211	189	191	189	189	187	193	197	209	191	203	197	207	183	181	187	177	197	199	207	199	193	203	193	197	201	201	201	227	225	223	217	215	235	231	219	233	241	237	251	247	239	231	233	271	221	221	231	219	207	209	211	209	221	195	211	213	217	235	211	195	211	193	227	211	201	211	189	209	219	201	197	207	219	233	239	249	269	281	259	253	247	243	233	219	219	213	227	223	225	201	211	185	193	205	193	197	183	201	197	183	187	195	187	179	179	181	185	185	199	209	181	187	187	181	189	197	167	161	183	175	169	179	167	171	183	171	183	169	163	161	165	181	177	167	163	181	171	173	167	183	177	173	175	175	173	171	181	183	181	179	169	169	171	185	141	177	183	179	167	173	169	179	169	169	163	171	157	161	171	169	181	175	179	157	151	179	175	163	143	177	177	171	177	163	193	169	175	183	167	171	169	181	191	163	173	195	175	179	173	171	171	197	189	191	177	181	189	193	185	193	213	243	235	221	241	219	221	223	225	237	235	247	259	229	247	233	265	221	267	239	255	247	285	295	267	287	279	291	257	241	263	261	261	253	239	237	263	245	251	235	233	225	237	227	211	229	265	219	229	237	257	249	269	269	273	279	271	281	283	279	317	355	365	349	373	379	429	419	435	445	459	461	489	529	527	567	583	611	607	669	823	1031	1483	2473	3979	6747	10277	6133	1989	981	685	581	501	479	481	497	523	547	605	619	581	573	563	585	597	657	671	757	805	797	743	591	413	353	329	285	295	301	275	261	291	269	271	273	239	267	253	247	207	239	245	213	235	239	221	233	225	231	203	235	223	227	221	225	211	213	231	237	207	225	217	209	199	217	209	217	209	217	199	195	207	209	187	183	165	187	189	167	185	177	175	179	175	183	177	201	195	183	175	163	173	161	169	171	169	169	181	173	183	175	165	159	179	169	165	193	167	171	183	155	199	175	181	163	161	175	171	171	169	171	163	181	183	169	169	175	173	181	169	179	175	165	183	173	183	161	173	179	155	179	183	171	183	187	171	169	169	193	179	201	189	209	179	205	181	209	181	177	193	205	197	199	193	177	195	183	211	181	197	219	211	193	185	193	219	187	213	217	205	209	205	209	201	221	199	221	227	207	207	215	221	237	233	217	207	235	209	213	205	217	211	225	205	217	209	209	219	205	217	217	215	215	213	233	229	221	215	211	209	217	201	193	189	201	187	207	203	211	207	199	211	211	231	217	229	217	237	223	231	255	269	297	291	297	241	235	213	217	221	215	219	211	213	225	205	217	209	223	211	201	209	181	207	211	211	203	203	227	211	217	215	231	207	213	221	229	219	235	233	221	259	219	265	259	243	267	255	289	259	275	239	255	241	225	207	229	187	195	195	189	205	179	179	187	179	175	177	175	183	179	193	173	175	187	183	179	187	173	183	191	193	191	169	169	173	173	181	167	167	189	193	173	163	177	181	177	203	175	175	177	183	161	175	191	179	171	183	163	173	185	177	165	185	181	161	179	179	169	173	161	187	181	179	177	193	193	187	185	173	175	187	197	187	185	175	167	203	189	177	195	203	177	179	185	183	179	171	175	165	177	189	175	181	199	175	187	197	177	183	195	167	177	183	193	171	181	181	173	183	187	167	179	179	189	173	193	181	189	183	167	189	177	179	181	209	171	183	189	189	175	179	193	185	181	201	189	175	193	195	187	169	177	205	181	201	175	183	197	187	193	195	201	197	207	185	191	205	209	193	199	197	223	193	211	223	215	201	195	213	205	211	203	207	213	203	203	205	219	203	213	215	235	217	211	229	209	221	233	217	239	221	239	241	223	227	217	227	207	217	229	223	187	233	215	209	223	229	203	213	211	219	205	227	219	221	201	199	213	189	199	223	209	215	219	195	223	199	207	209	209	197	189	195	189	193	193	191	189	203	183	201	189	203	195	205	185	191	191	215	183	177	187	201	191	203	163	181	209	187	191	179	189	197	187	193	187	189	189	183	169	179	185	179	183	159	189	169	203	177	175	175	187	167	159	177	169	167	187	183	175	171	163	181	183	173	175	169	155	161	181	175	179	167	173	197	181	169	193
-4.6776	2.1811	17	11	21	19	21	17	21	17	27	15	27	27	23	11	27	23	29	27	31	25	35	35	25	39	33	25	45	33	33	39	45	41	37	53	39	43	47	43	45	49	53	57	55	57	57	61	59	73	73	75	75	69	97	91	89	99	99	105	105	105	115	105	113	113	113	125	131	141	143	137	135	149	141	155	147	149	145	143	163	153	161	167	175	173	179	183	167	163	165	157	193	169	175	169	185	181	179	197	169	189	203	179	185	181	209	191	201	189	187	207	215	225	203	215	205	205	193	197	211	191	185	171	177	191	191	195	201	181	171	201	183	179	183	199	199	195	193	205	225	203	181	197	213	187	205	201	209	225	231	235	215	239	235	237	225	225	223	241	225	249	237	227	211	205	207	215	223	215	213	193	225	197	213	213	215	195	203	213	201	215	207	197	199	221	199	197	207	209	219	215	255	255	257	261	267	259	245	237	219	213	217	215	203	211	195	189	205	191	187	211	193	181	187	195	189	189	195	195	203	195	187	179	175	193	197	183	201	179	177	177	167	183	175	181	195	195	171	187	165	165	177	177	181	165	163	167	173	173	149	169	175	167	177	159	177	187	165	181	161	157	175	163	167	171	177	147	173	157	179	165	177	169	181	143	153	165	177	169	161	165	169	167	155	163	177	161	167	179	177	171	165	173	163	165	153	181	193	185	157	165	163	179	185	177	163	177	165	171	169	175	183	205	177	157	187	193	169	183	169	171	177	181	191	199	189	227	207	213	225	223	227	231	207	221	253	233	217	241	243	243	239	253	239	255	261	253	281	263	267	271	279	279	279	291	255	255	255	253	269	265	265	235	269	231	239	239	229	231	243	237	209	245	235	245	283	251	265	251	273	267	291	285	241	277	311	315	301	329	353	353	359	401	433	415	431	457	469	471	465	501	491	551	583	577	657	689	823	1047	1585	2589	4419	6475	9989	5565	1789	949	653	529	483	473	461	509	471	533	595	613	573	595	531	567	587	641	689	715	811	825	759	563	429	367	325	305	289	265	279	275	271	267	297	249	261	259	233	229	245	247	265	227	241	245	213	223	219	237	233	239	213	231	227	213	227	231	205	233	203	193	209	197	229	213	197	217	215	225	205	211	191	199	173	173	189	187	179	181	191	193	193	185	177	177	175	151	183	179	195	189	185	183	179	173	189	175	185	181	175	175	189	177	175	155	161	163	181	177	175	181	165	177	185	177	167	183	173	163	165	181	171	165	147	181	175	187	175	173	155	191	177	181	175	171	159	161	191	173	207	185	185	191	183	193	179	197	181	191	185	189	183	189	183	193	197	207	181	189	197	171	181	195	191	189	195	199	213	183	199	175	223	209	233	201	215	221	205	207	213	203	211	209	199	209	241	205	213	211	191	221	211	215	233	213	219	209	227	245	203	229	205	227	231	221	193	219	203	217	197	233	231	215	235	233	239	237	225	213	207	213	205	205	193	201	211	205	197	217	221	211	207	213	211	215	213	219	225	235	231	241	273	313	299	255	249	251	223	213	229	227	223	209	203	203	211	189	203	203	197	207	195	201	193	225	211	201	217	221	217	209	201	213	211	239	241	241	229	217	233	251	225	247	257	257	243	253	257	269	255	263	261	247	253	241	221	213	217	199	203	191	191	189	181	175	185	185	183	171	183	171	175	177	173	195	171	183	169	187	177	181	173	185	173	181	195	189	181	167	175	185	171	177	175	183	161	203	179	183	167	167	195	193	175	169	179	161	179	185	189	177	177	189	185	191	191	179	185	187	173	179	187	175	169	181	171	187	173	183	183	183	195	179	177	197	191	187	177	181	167	169	163	181	189	185	177	175	159	179	197	191	185	183	181	183	181	179	169	181	181	195	173	179	173	197	185	171	175	179	201	189	165	171	187	187	191	181	167	177	183	189	185	185	183	203	191	179	179	187	195	187	171	193	197	201	173	193	207	193	177	167	175	179	215	189	191	213	199	197	197	191	201	189	201	213	197	183	199	195	185	191	185	203	203	189	197	185	207	201	207	237	215	209	217	215	221	209	201	217	215	219	205	213	229	221	253	229	219	239	213	219	225	225	231	241	211	227	239	205	217	203	225	205	209	203	207	213	219	225	199	217	201	221	205	201	227	215	213	209	207	233	217	229	211	213	203	215	207	215	221	201	225	199	201	193	219	195	215	191	201	179	193	179	193	199	193	185	179	201	187	197	185	197	213	179	195	189	191	181	195	169	185	181	181	185	183	165	179	171	189	177	173	191	189	169	185	161	189	175	177	169	187	185	193	171	169	173	165	181	185	153	165	171	171	191	191	169	155	165	153	185	171	183	169	165	181	191	179	185
-4.6776	4.27239	13	17	21	25	21	17	23	21	19	21	15	19	23	23	23	31	23	31	27	27	43	21	31	29	31	33	35	29	29	31	33	45	37	39	43	43	45	35	49	55	51	55	57	67	65	65	63	67	67	75	75	77	79	93	83	91	97	93	103	105	113	113	129	109	129	129	127	125	135	125	135	145	139	137	149	149	171	165	141	153	173	161	147	163	157	161	155	171	169	161	167	147	169	167	185	175	175	185	153	171	169	181	177	185	177	189	181	171	195	207	219	231	207	205	217	205	211	195	195	197	177	173	187	195	197	173	175	203	187	183	195	189	199	195	193	179	203	197	191	205	203	191	217	191	231	213	207	213	211	223	245	217	207	245	227	237	229	229	227	235	269	239	219	205	219	217	203	205	191	203	215	213	229	199	213	213	201	229	209	211	197	221	207	197	197	209	215	191	217	249	225	241	235	279	271	259	235	243	227	231	233	203	215	195	205	191	191	209	183	191	205	195	195	185	183	181	185	193	173	191	169	191	189	199	179	179	179	177	181	175	175	173	169	163	173	171	185	167	161	161	165	171	165	157	177	179	157	183	169	187	167	169	173	175	181	169	155	159	145	173	155	167	159	151	171	167	159	163	171	149	163	157	165	167	177	155	171	167	171	177	149	169	171	173	171	169	163	151	171	151	167	175	181	155	159	169	177	175	169	177	163	183	179	165	183	187	171	173	165	155	175	177	179	169	169	185	195	181	177	177	181	175	177	179	207	201	217	199	225	207	249	231	227	215	231	239	227	259	235	217	241	223	239	241	231	249	249	257	265	273	295	279	265	271	279	261	251	251	249	229	249	255	243	233	237	227	223	233	245	213	235	219	239	249	235	247	227	243	259	267	267	267	283	287	275	309	317	327	355	355	369	385	395	383	439	441	429	465	443	487	507	515	547	609	589	641	829	1067	1527	2511	4065	6627	10263	4847	1673	921	673	541	507	465	479	481	491	547	583	589	571	537	565	557	605	633	659	735	781	747	675	531	403	335	313	283	277	279	259	267	259	271	259	259	251	241	247	235	237	223	251	233	227	213	207	223	225	223	215	201	225	221	213	215	211	211	209	211	233	199	219	211	195	211	209	219	223	223	217	209	195	183	191	183	177	187	177	183	177	171	179	179	171	175	193	171	177	181	193	171	163	189	173	167	179	155	163	175	159	163	171	171	185	151	181	183	157	171	169	169	177	175	183	177	167	177	179	161	181	165	179	177	181	173	165	171	161	179	183	169	165	171	183	165	175	187	185	161	179	177	171	167	189	175	181	169	181	187	185	173	181	185	175	181	189	201	195	183	191	181	195	177	187	173	213	189	193	191	207	197	185	239	199	189	197	207	205	215	209	217	207	201	225	207	205	195	217	215	201	209	217	213	227	207	205	221	219	211	227	219	235	221	195	225	203	205	201	195	199	221	239	217	205	207	227	225	241	209	207	217	215	185	183	207	197	215	203	201	219	191	203	197	203	223	217	219	205	235	229	239	275	297	303	263	239	219	209	203	223	217	223	215	191	205	183	197	207	205	221	197	195	197	207	197	199	207	195	213	181	213	227	217	215	227	223	209	223	227	233	247	257	251	233	237	261	261	257	255	255	267	255	277	235	223	203	205	201	201	163	185	193	173	189	169	187	175	189	177	175	177	181	177	183	165	169	161	165	173	159	177	171	167	169	169	163	165	157	177	203	181	163	175	169	173	189	179	165	167	159	177	151	169	183	163	177	171	191	171	181	157	167	173	195	169	161	171	167	177	149	171	171	181	167	179	181	175	171	157	191	175	163	165	179	173	197	171	159	189	175	175	181	151	163	187	169	173	163	195	175	175	201	167	163	195	153	171	185	199	175	169	177	189	187	169	177	185	167	185	171	183	167	167	159	185	169	183	183	177	177	167	173	173	183	191	177	177	167	197	185	193	181	183	187	175	181	195	177	169	173	185	183	177	181	183	171	191	189	173	197	173	199	199	177	185	189	193	195	177	175	181	179	197	201	193	209	207	199	193	211	199	207	215	229	205	191	209	229	211	199	207	211	229	221	215	237	231	227	237	227	229	205	205	215	199	193	235	217	207	205	215	215	215	207	211	211	201	209	205	207	205	209	207	189	191	203	209	189	193	187	197	203	211	211	209	209	207	193	193	183	213	191	199	183	185	209	195	177	185	187	177	193	201	187	221	201	193	169	183	177	183	189	177	181	179	197	175	187	193	179	197	179	177	167	189	181	155	177	173	197	181	173	165	179	175	169	175	167	177	181	163	189	167	183	171	155	173	157	173	171	161	175	173	165	177	169	161	171	173	175	153	165	177	173	161	171	175	163	189
-4.6776	6.36368	11	5	21	15	19	15	21	21	19	29	25	19	23	27	29	31	21	29	27	29	27	27	29	29	33	37	39	39	33	39	47	41	37	31	43	43	49	55	59	65	71	53	77	67	77	67	85	83	75	83	89	95	97	91	111	113	115	113	115	117	125	135	133	123	117	145	149	149	151	149	157	161	157	161	171	171	155	159	157	167	167	171	175	199	183	203	203	189	193	179	195	187	177	189	187	199	189	189	189	213	201	211	203	219	203	231	213	241	267	255	281	265	281	277	267	283	267	251	269	259	243	255	235	243	239	239	231	237	247	235	235	231	237	225	207	233	229	221	255	255	237	251	277	253	305	297	289	319	289	321	313	321	357	315	349	339	319	311	337	321	317	313	317	263	281	273	269	267	263	251	279	287	277	285	269	283	267	271	267	293	263	263	249	263	245	281	295	263	319	311	373	371	393	411	367	399	367	373	305	335	305	295	293	295	289	253	245	245	257	261	257	255	237	241	233	247	217	225	237	223	231	219	239	211	243	221	221	205	187	213	205	209	207	205	187	183	207	181	207	201	207	189	197	183	195	205	191	193	193	191	187	173	199	203	177	189	207	191	201	189	189	179	191	181	201	183	191	179	167	171	199	169	189	181	167	195	205	183	185	201	185	181	165	191	189	189	179	197	167	173	191	205	211	195	185	189	179	193	179	177	195	199	197	193	193	185	187	197	185	185	197	195	215	211	191	205	201	205	197	207	203	219	231	227	261	287	285	297	321	331	313	307	329	321	335	317	317	345	333	295	353	331	323	311	319	343	349	377	383	401	407	427	395	403	409	375	353	391	383	371	359	369	345	369	347	331	351	325	347	367	377	369	357	369	365	361	391	403	415	429	417	431	467	431	477	541	569	601	611	623	667	691	713	719	755	767	759	795	817	863	905	951	1039	1051	1159	1369	1487	1999	2787	4101	6081	9245	14475	15861	9713	4601	2705	1871	1439	1217	1163	1185	1307	1425	1527	1517	1613	1559	1581	1559	1543	1381	1265	1187	1187	1115	1063	929	721	529	457	457	419	449	409	389	389	385	355	365	341	339	311	323	309	285	319	311	295	311	303	299	303	311	299	279	295	283	287	295	287	279	285	285	291	295	267	297	293	281	287	289	291	269	269	267	285	233	231	227	221	227	221	195	217	189	201	193	209	205	209	233	211	213	203	199	191	197	193	207	225	199	213	187	189	207	187	205	193	217	227	223	225	225	259	305	425	591	701	519	335	261	255	241	229	211	203	203	205	223	203	219	201	207	199	209	229	203	207	227	213	221	183	203	193	207	221	215	209	219	213	215	217	233	205	229	233	225	243	233	243	235	239	227	229	237	253	239	237	237	251	245	243	241	261	247	259	263	251	273	253	299	269	273	269	281	275	257	289	293	285	271	277	279	273	273	297	291	269	293	287	291	305	289	283	299	281	263	279	297	279	273	273	305	285	293	305	341	347	323	323	315	297	283	279	289	243	259	253	273	263	261	255	285	263	283	255	259	277	297	283	333	345	377	405	455	485	483	465	403	355	347	303	307	275	293	275	255	259	273	255	281	255	259	267	257	257	255	263	255	283	273	269	255	299	283	297	263	309	317	343	323	357	363	355	365	415	413	405	407	417	411	421	391	395	395	347	353	321	295	271	275	233	221	227	205	211	187	211	203	201	195	203	191	211	191	199	205	187	193	191	177	175	175	209	185	183	189	173	209	191	181	185	207	169	187	187	191	177	203	187	215	173	199	195	177	171	193	193	191	173	183	193	181	205	171	197	185	179	171	183	195	177	191	179	169	171	199	191	181	191	195	191	189	197	197	189	211	187	207	197	199	207	201	185	191	209	197	203	203	199	203	193	195	183	193	189	175	195	207	207	185	211	207	213	195	201	213	189	201	191	193	223	201	215	199	201	211	215	209	187	215	181	199	227	203	215	205	219	189	187	191	207	213	205	203	211	223	189	247	225	211	211	207	175	219	215	219	221	215	219	223	221	203	235	225	207	209	225	233	213	217	237	229	241	223	239	239	253	243	233	243	257	289	277	271	277	269	305	289	309	329	317	291	299	279	301	303	333	291	301	287	327	325	299	317	301	321	283	279	297	283	283	277	283	285	285	283	271	281	297	265	273	285	261	275	261	301	271	259	285	291	255	261	237	281	267	273	261	265	265	247	267	235	245	239	253	225	231	215	223	259	239	211	201	223	225	209	209	203	233	229	235	201	213	219	197	207	213	229	195	213	213	221	217	215	215	221	203	215	211	193	211	217	197	207	203	205	193	181	191	215	193	183	187	183	167	179	177	199	167	199	203	169	167	187	177	169	191	177	183	195	177	205	187	183	199	163	181	183	185	165	189	187
-4.6776	8.45497	15	17	13	27	11	23	21	19	27	19	19	25	31	23	27	19	21	27	37	19	31	29	29	33	37	39	37	37	37	43	39	41	41	43	51	43	53	49	53	57	65	65	75	73	81	61	65	81	77	79	95	97	97	107	107	111	119	113	115	133	127	113	139	149	141	163	141	167	163	163	165	175	179	191	177	173	187	189	185	187	209	191	209	193	211	215	195	203	209	203	219	203	237	215	203	215	211	213	217	223	219	253	233	247	237	231	253	295	289	309	317	311	337	363	361	387	349	319	297	301	307	277	285	281	269	295	269	271	269	289	281	295	279	279	283	265	289	295	303	263	299	315	335	337	349	391	389	387	391	413	383	381	419	405	397	429	427	431	417	439	403	389	353	329	315	329	347	319	343	319	311	319	347	333	351	335	327	325	337	313	335	297	307	323	347	321	335	333	359	393	405	435	527	509	541	501	473	429	419	365	365	377	343	327	327	325	329	309	321	291	311	285	275	297	271	277	287	281	281	267	255	255	241	239	239	241	253	237	243	241	207	223	217	223	215	221	201	205	223	199	209	225	205	227	199	213	223	215	197	199	211	229	199	203	185	231	215	213	189	193	185	189	195	191	213	213	189	201	211	199	195	197	199	197	189	201	201	221	177	213	193	181	187	189	201	199	195	175	193	201	193	209	195	185	191	205	207	191	199	205	203	189	201	203	229	213	217	195	205	223	203	189	225	205	219	207	231	249	239	237	223	227	237	229	247	313	353	401	383	379	393	401	387	403	399	381	415	387	365	395	379	401	379	413	415	427	433	441	471	473	545	509	503	549	511	521	481	467	467	471	451	439	439	463	451	457	477	451	435	465	455	421	461	465	481	513	505	527	519	549	551	599	577	619	663	737	763	767	861	879	881	963	939	967	977	1019	1045	1077	1119	1171	1215	1267	1301	1399	1527	1699	1973	2529	3531	5055	7457	11955	21833	25049	14741	7029	4067	2787	2089	1733	1743	1885	2009	2303	2301	2397	2335	2407	2441	2461	2329	2011	1723	1555	1511	1479	1401	1147	917	659	629	575	539	527	477	507	491	471	471	433	419	405	411	385	385	367	357	367	345	381	341	365	355	363	351	359	323	339	347	335	337	339	363	339	321	337	353	339	325	329	345	347	349	353	331	313	311	285	289	255	243	249	237	219	221	231	223	217	239	227	215	215	225	235	215	233	215	223	221	229	221	213	219	219	223	199	241	229	211	231	211	251	271	295	333	417	649	1049	1089	711	473	339	299	295	261	265	225	235	265	245	241	245	239	239	225	241	237	231	213	239	229	231	213	215	267	237	235	247	239	233	245	245	237	241	247	251	257	261	253	275	279	279	285	285	271	259	271	265	273	273	283	281	301	303	305	299	311	315	327	317	323	339	331	319	333	331	369	297	339	329	361	333	337	313	339	327	335	331	355	333	351	357	345	329	349	349	327	341	331	317	295	311	319	343	343	353	375	415	407	399	371	345	333	343	341	323	305	329	305	297	311	291	339	317	301	323	307	355	335	341	381	411	443	543	611	653	691	653	605	503	441	435	395	359	345	325	329	315	291	297	301	297	313	305	305	281	277	307	317	315	337	313	307	319	349	345	341	359	361	389	413	415	443	469	499	535	507	497	553	535	535	543	549	543	475	481	437	399	387	353	317	295	257	261	253	235	233	211	211	223	217	213	207	195	219	205	215	215	209	227	213	187	193	191	179	197	203	201	199	205	199	209	211	201	205	211	193	189	199	189	185	193	211	179	207	183	181	201	191	189	179	195	199	213	191	185	189	207	191	197	179	197	191	199	193	201	187	193	205	195	201	197	183	189	199	195	193	219	223	219	191	197	213	205	201	203	193	215	209	213	203	213	203	213	231	199	209	211	211	215	207	195	219	195	207	219	207	209	223	229	203	209	235	235	215	209	249	211	219	221	235	221	209	237	213	215	211	219	221	227	237	229	233	247	223	225	243	245	255	257	245	255	261	237	255	255	239	255	235	255	223	235	249	247	251	243	269	265	261	243	257	255	265	263	269	273	251	269	261	267	269	291	315	323	317	359	321	343	375	363	363	355	335	343	331	363	353	359	369	389	405	385	381	359	421	367	407	367	357	359	367	341	357	329	329	329	319	313	341	333	305	335	335	315	311	323	315	329	329	305	329	309	309	325	323	313	329	317	309	341	291	319	297	285	265	281	259	277	247	279	279	261	249	269	263	219	257	233	245	241	235	259	237	257	235	221	223	225	229	211	235	221	221	235	217	235	219	239	225	223	237	219	227	223	209	199	211	213	219	207	187	189	197	195	183	197	191	219	191	185	189	177	177	199	179	173	187	197	185	179	191	187	181	185	181	179	183	183	183	179	181	185	161	177
-4.6776	10.5463	17	11	17	23	25	15	19	23	25	17	21	21	23	17	23	27	25	29	31	31	23	33	33	21	29	31	37	35	39	45	45	37	43	39	43	47	45	49	45	65	63	41	53	73	71	69	71	75	83	89	79	89	99	103	91	113	107	121	113	105	119	145	129	123	145	141	149	169	147	169	153	165	155	175	169	169	193	163	177	185	191	187	181	191	193	179	203	191	205	197	205	207	201	205	193	197	213	203	199	217	221	219	237	235	243	237	235	253	277	273	315	313	321	343	331	331	355	319	293	269	297	261	267	257	261	249	275	267	231	257	259	253	253	235	277	253	271	275	265	269	287	287	297	311	327	343	337	337	345	385	381	401	373	377	401	395	417	397	383	415	413	377	337	325	321	287	311	311	307	295	305	289	297	317	339	317	313	287	311	297	313	299	303	281	317	295	305	319	343	363	393	435	479	537	495	469	451	445	383	377	351	351	315	321	305	303	293	301	279	309	269	271	283	281	263	271	267	271	245	267	251	237	243	223	265	239	253	233	237	239	223	219	217	217	213	203	229	213	197	231	203	223	211	215	207	199	187	195	201	183	223	223	197	207	207	207	219	215	207	173	189	209	201	217	179	213	189	181	205	185	175	179	205	191	191	189	199	179	199	199	191	187	195	185	183	201	179	207	195	189	193	183	181	195	191	195	191	177	173	183	195	211	195	195	207	187	179	217	207	223	201	221	215	235	207	211	217	201	203	237	225	217	221	245	263	305	353	363	379	361	363	403	365	397	383	397	375	367	375	419	363	375	417	397	367	409	417	443	455	459	487	521	547	499	479	503	463	467	461	463	435	445	425	435	425	421	393	429	439	449	431	429	425	449	451	463	477	463	497	507	557	581	603	597	661	683	725	763	841	801	851	893	895	899	923	973	1035	1041	1075	1079	1167	1193	1305	1407	1433	1599	1869	2357	3201	4615	6751	10951	20029	25385	15849	7209	4053	2771	2075	1627	1631	1747	1873	2073	2277	2273	2295	2331	2327	2403	2273	2049	1655	1529	1477	1461	1365	1209	933	709	603	575	527	517	491	481	489	457	447	439	407	431	379	377	379	371	369	355	349	323	351	347	345	343	325	317	317	337	335	335	347	315	331	335	321	343	331	353	335	347	331	333	327	331	329	315	283	287	297	263	235	215	229	219	229	209	217	211	199	233	217	209	223	225	211	219	211	225	223	197	221	227	215	193	205	213	227	221	215	213	227	243	239	283	327	359	565	911	1107	759	465	357	297	269	257	247	231	229	257	235	221	231	235	225	247	227	217	211	219	225	211	219	209	193	233	231	211	237	229	235	245	235	225	235	235	247	251	243	251	257	275	279	259	269	269	253	251	283	283	261	275	283	253	275	299	295	311	333	325	303	303	303	323	319	317	323	325	299	327	309	337	331	349	347	321	331	339	331	337	353	329	323	343	335	307	311	327	341	307	317	303	319	325	301	317	333	369	407	411	401	361	357	349	333	335	297	323	299	267	281	275	315	307	305	317	303	319	313	363	327	339	357	473	473	545	603	621	687	615	533	439	397	385	335	323	323	311	317	323	289	289	299	281	285	295	315	305	301	307	303	297	301	329	303	327	325	323	361	349	389	371	415	389	449	475	459	495	501	525	537	551	519	541	487	489	449	415	419	369	359	305	289	259	237	233	253	241	223	231	191	215	203	227	207	219	197	197	207	217	199	189	205	207	181	211	191	207	193	197	199	203	195	205	201	183	193	175	191	179	193	193	189	193	211	183	195	173	203	173	183	195	195	193	201	179	191	191	193	185	169	195	197	189	173	179	185	189	193	193	193	217	197	191	187	185	189	217	197	203	183	203	211	207	207	211	201	197	219	195	199	209	187	201	201	223	205	201	197	195	219	203	223	193	205	211	201	219	219	211	221	215	199	213	205	235	223	201	223	213	211	227	209	197	209	209	235	217	213	215	211	211	215	233	233	265	223	223	229	237	235	221	241	239	223	223	235	231	223	241	241	221	251	217	205	259	211	243	253	261	239	255	249	243	265	263	261	251	283	269	285	283	297	309	305	311	355	335	353	315	337	341	339	343	351	373	337	335	361	355	359	361	399	407	381	375	371	373	383	339	361	351	323	329	335	325	315	351	327	319	319	301	347	305	311	315	311	301	313	327	295	305	317	315	315	323	323	309	315	331	329	301	309	283	247	293	263	269	279	271	259	239	235	257	257	247	233	247	221	227	217	235	241	243	233	223	199	233	223	217	225	201	225	231	229	261	207	211	243	233	219	225	213	225	209	221	209	227	203	225	193	189	187	201	209	187	203	173	181	173	197	173	185	179	165	197	171	189	189	189	199	189	173	183	173	187	181	213	187	201	173	187	171	187	209
-4.6776	12.6375	13	15	15	27	21	21	15	13	23	27	21	21	19	23	19	21	33	33	25	17	19	33	29	33	31	37	33	33	35	39	41	37	45	45	39	59	51	53	49	57	61	53	67	73	79	83	65	85	87	85	87	105	99	107	101	111	121	111	119	121	117	135	139	139	135	135	149	155	177	155	159	161	153	175	195	175	171	171	165	175	193	181	191	181	211	193	185	195	205	183	223	195	199	203	211	239	183	221	205	201	227	237	233	227	243	249	267	271	283	287	315	291	337	339	335	361	323	341	315	303	295	295	297	255	271	273	245	271	239	243	277	267	247	285	269	239	255	283	277	277	295	303	311	335	329	355	387	365	377	399	397	387	403	415	407	413	411	429	413	429	429	369	341	361	327	339	315	309	291	297	305	327	311	313	347	331	301	309	315	305	317	303	309	313	285	303	319	337	357	393	411	457	475	509	511	481	491	443	413	373	373	363	355	343	327	303	311	279	261	283	283	285	275	279	279	267	249	231	235	275	241	237	233	261	241	233	255	237	251	229	197	209	223	227	203	213	217	209	209	203	219	211	219	197	207	211	187	205	187	197	205	221	219	205	195	201	203	199	183	199	191	217	213	195	211	189	189	197	201	187	191	189	185	189	203	203	179	181	181	187	209	203	189	193	179	205	173	191	183	209	195	215	211	197	197	175	193	193	217	211	191	215	205	179	199	207	217	205	201	205	199	201	219	207	219	211	249	215	219	215	215	227	219	247	257	303	367	377	381	363	375	395	385	415	389	419	379	391	355	401	359	403	395	403	403	403	419	443	457	471	535	519	541	531	503	471	465	463	465	471	461	435	507	465	421	445	459	419	443	433	459	425	465	443	503	475	483	507	543	539	563	577	613	603	649	703	751	811	845	853	923	879	921	961	953	1001	981	1105	1097	1163	1215	1217	1319	1421	1475	1657	1999	2513	3473	4947	7315	11855	21421	25205	14921	6827	3953	2829	2051	1687	1679	1885	2031	2153	2303	2335	2307	2401	2483	2435	2295	1909	1735	1601	1547	1443	1335	1181	875	717	569	569	547	531	495	475	487	455	479	479	439	407	393	383	357	363	375	325	353	341	361	355	365	315	331	349	351	345	335	337	351	341	337	347	341	339	345	341	341	337	305	337	325	337	335	299	317	301	275	273	235	223	227	227	217	215	229	215	223	217	217	217	223	211	231	211	215	201	199	213	231	211	209	211	217	209	213	209	223	223	227	273	243	265	321	383	627	1037	1071	715	483	337	311	273	269	251	235	221	255	231	223	237	203	229	243	227	233	229	209	225	229	237	223	221	213	235	223	241	229	237	239	243	227	217	235	265	259	247	277	259	265	283	275	285	275	253	269	271	241	265	283	273	293	307	305	307	313	323	301	311	315	323	305	313	319	341	333	303	327	305	339	321	313	345	329	353	341	341	323	325	333	345	343	351	319	333	341	343	347	343	315	315	331	347	349	371	385	391	407	415	349	377	339	321	333	315	283	309	295	305	311	297	319	309	317	333	333	329	323	339	361	401	425	507	607	613	673	655	633	517	443	375	381	351	325	333	315	323	291	337	327	293	265	301	287	287	287	305	281	289	313	331	335	301	311	341	371	353	363	393	415	407	433	471	519	495	485	507	537	537	529	547	539	521	509	437	457	419	379	333	305	277	273	261	249	221	219	217	237	215	203	203	221	197	205	205	193	215	215	217	199	199	187	191	203	207	201	191	205	185	183	211	199	195	187	193	187	185	181	189	191	183	191	189	191	185	207	187	201	207	195	193	195	159	201	197	203	215	177	191	189	197	199	205	183	191	195	213	205	189	171	195	213	207	215	213	197	201	201	203	223	205	179	205	205	195	205	207	213	207	207	221	205	201	193	211	215	221	217	207	205	225	201	209	205	219	197	211	213	243	227	233	205	209	223	205	227	211	235	205	229	225	219	213	209	215	241	207	199	221	237	231	237	221	227	237	233	245	231	249	245	241	235	237	231	239	251	237	237	239	223	257	235	261	227	243	241	241	251	249	267	243	249	235	253	257	233	269	275	279	291	309	303	291	345	323	299	343	345	329	347	361	337	349	333	355	355	361	369	359	371	367	373	387	379	349	383	371	363	355	339	341	341	367	297	335	321	313	333	319	331	319	313	311	289	313	313	315	295	325	317	327	319	285	309	307	305	309	335	315	303	303	275	269	267	259	257	247	249	273	265	243	241	257	217	247	243	233	245	237	239	219	235	207	237	217	235	231	229	193	221	227	251	223	221	219	235	223	229	235	205	225	187	197	215	203	235	207	215	199	193	199	199	173	189	185	191	173	173	179	169	177	181	187	169	183	185	185	195	183	193	199	187	189	177	179	183	183	177	185	185	183	177	195
-4.6776	14.7288	5	13	19	21	19	15	21	21	21	31	15	25	29	15	29	27	35	31	29	23	31	27	21	37	37	29	39	39	29	51	39	45	33	45	49	37	53	45	49	57	51	51	63	65	69	77	65	85	83	87	83	101	103	109	113	129	107	97	135	117	129	147	133	133	145	147	155	151	159	163	151	169	189	169	171	187	169	171	187	193	175	177	195	183	207	199	185	185	201	195	211	209	209	219	193	219	211	219	213	215	211	217	223	211	253	259	269	265	275	311	321	313	343	363	367	319	339	331	337	301	291	283	289	283	259	279	253	257	263	293	279	291	303	267	249	283	249	303	279	267	295	293	323	297	333	353	349	389	379	405	397	395	411	419	417	433	397	441	431	433	427	381	361	339	337	337	339	315	323	301	293	329	315	305	339	341	325	307	297	319	331	319	317	317	303	299	309	337	351	369	423	455	475	537	541	485	459	429	415	443	377	369	355	345	321	319	323	275	291	279	289	299	281	279	259	257	273	249	263	245	253	273	271	245	235	253	243	243	239	239	223	223	229	223	211	209	217	209	203	205	209	197	211	215	215	193	215	225	211	203	211	211	205	203	201	197	201	205	209	211	209	185	201	201	193	219	179	199	199	195	191	193	187	209	191	197	203	169	189	203	191	201	203	201	185	177	191	199	205	195	189	187	187	191	191	209	189	197	209	203	215	211	209	203	203	219	197	201	227	203	219	219	199	227	195	215	231	227	233	225	221	241	241	241	253	303	359	363	377	389	443	399	383	427	389	369	413	359	385	373	407	361	397	425	423	435	451	445	459	489	541	521	515	513	519	501	445	489	457	465	461	431	461	455	431	429	437	443	433	451	461	449	467	463	497	521	505	515	531	543	571	593	601	637	693	691	765	823	859	881	897	925	905	987	973	995	1013	1079	1097	1195	1203	1267	1359	1363	1489	1709	2019	2501	3473	4917	7327	12023	21739	25523	15217	6969	4095	2773	2055	1769	1697	1851	2051	2259	2319	2391	2423	2399	2441	2455	2315	2025	1727	1563	1565	1465	1361	1133	857	691	609	591	577	511	505	475	465	459	455	447	423	403	409	425	379	381	371	383	363	369	381	339	345	361	381	355	355	355	367	371	353	361	337	333	351	349	337	335	351	337	355	339	315	323	329	297	311	295	301	269	245	243	229	239	219	231	225	211	211	215	221	235	217	211	219	225	233	195	207	211	219	225	217	211	223	205	223	199	217	235	227	243	247	299	331	429	603	1013	1119	723	427	335	317	265	261	231	269	239	249	243	235	231	227	225	229	217	217	223	207	233	243	213	223	237	223	227	239	241	219	247	237	239	231	245	237	245	255	249	237	263	259	263	245	283	283	283	247	249	249	281	283	279	301	299	299	321	335	295	309	319	331	345	315	333	311	301	329	305	323	335	341	343	353	341	365	333	333	345	365	339	325	345	349	317	325	363	335	335	339	335	315	325	321	335	347	369	355	427	403	385	393	357	345	345	333	325	305	311	283	299	291	295	311	311	331	303	307	339	339	345	399	391	431	495	599	639	687	677	639	517	435	405	397	343	355	349	301	303	283	295	293	301	317	283	279	317	303	299	275	311	335	325	313	363	349	329	359	341	377	387	403	413	403	461	483	525	507	527	525	545	559	529	531	535	511	461	443	407	365	373	343	303	253	259	227	237	239	221	213	225	203	201	211	201	211	201	213	195	185	203	221	203	197	191	213	205	203	207	201	199	183	177	189	205	215	191	191	185	181	177	181	187	191	207	203	185	189	183	195	199	179	199	201	177	189	173	181	189	183	213	183	193	187	195	193	201	195	193	197	193	215	205	183	221	221	207	201	189	199	191	227	199	201	195	199	219	209	187	207	201	217	209	197	199	215	215	219	209	197	199	205	205	205	201	203	209	203	213	191	213	227	199	209	213	209	237	221	221	217	211	203	219	209	209	217	233	211	219	215	241	227	233	215	237	223	239	245	235	253	243	255	243	225	227	235	237	231	223	213	229	237	265	237	239	241	241	219	237	251	229	243	247	261	257	253	245	259	255	239	263	283	289	299	317	335	305	337	359	343	359	347	339	311	321	373	363	371	363	359	343	369	359	399	413	369	375	397	339	361	353	337	357	353	339	321	317	317	327	321	309	303	345	285	325	329	309	305	311	329	307	309	335	295	319	325	299	311	333	321	317	295	309	287	287	277	273	283	293	277	259	257	263	243	245	231	237	239	225	233	217	251	217	223	237	223	215	227	207	213	223	243	215	225	221	217	239	213	213	219	209	241	233	241	221	209	195	215	191	207	213	183	193	205	171	203	183	183	187	185	189	183	197	183	179	185	177	169	185	175	193	175	183	189	189	183	189	175	171	207	185	179	171	175	175
-5.87507	0.08981	13	7	19	21	15	15	17	19	13	15	21	25	25	21	33	17	21	25	27	37	33	17	29	31	23	39	25	37	31	33	33	41	33	45	39	39	39	47	45	53	57	59	75	53	57	69	71	83	71	93	83	77	83	91	89	101	115	97	111	123	111	125	121	113	115	115	129	143	155	157	155	149	157	153	145	151	157	155	151	171	179	163	157	163	179	189	169	173	177	171	183	173	175	167	177	171	183	183	187	189	187	185	189	187	187	187	203	203	217	205	223	223	215	207	207	227	209	213	197	199	197	193	197	207	209	183	207	193	221	207	193	199	199	205	217	213	189	203	213	209	219	193	203	197	213	249	231	245	225	233	247	221	245	225	231	255	245	199	249	235	251	249	235	225	227	219	223	215	219	211	201	217	211	203	207	211	207	229	233	211	223	235	207	211	219	223	209	223	203	257	243	227	253	265	267	251	235	243	239	229	223	235	231	217	227	215	201	199	207	215	191	199	187	215	201	199	199	195	203	195	203	195	169	201	189	201	187	199	163	189	191	193	181	203	201	181	189	181	203	193	177	177	191	183	191	185	189	193	171	177	197	189	193	181	187	189	189	173	183	195	187	169	179	187	189	179	165	171	183	173	167	175	181	189	183	205	169	189	173	185	183	185	189	175	163	177	195	199	179	189	191	193	191	179	185	187	199	179	193	195	191	201	185	177	177	185	173	195	195	173	185	179	211	183	195	193	207	199	183	193	209	205	203	199	225	237	219	215	237	239	237	231	231	257	229	233	251	245	229	263	267	277	263	253	253	271	267	253	275	289	265	287	271	285	251	267	275	245	253	239	267	265	253	259	267	241	257	265	255	255	237	255	249	249	247	263	251	259	253	281	293	297	297	285	315	309	315	325	323	353	333	387	407	435	425	445	435	463	499	531	507	573	575	635	681	747	909	1139	1639	2669	4313	5945	6925	4937	2183	1005	671	607	513	477	443	501	511	499	541	583	559	553	539	555	589	583	615	647	643	639	661	611	459	367	321	305	269	283	289	301	275	289	269	271	253	245	255	229	267	245	251	245	241	241	235	245	235	233	253	239	225	245	231	231	235	227	229	211	217	227	229	251	239	239	209	209	221	223	207	227	223	217	215	227	195	211	209	201	201	205	191	183	191	199	203	187	171	191	191	201	199	183	189	191	175	195	193	199	183	185	191	185	193	197	185	175	195	173	197	183	181	179	185	193	183	175	181	175	185	185	207	193	183	197	181	207	193	181	183	199	187	205	201	181	191	185	205	191	215	185	195	179	217	179	211	175	199	211	203	211	191	215	201	211	195	197	219	215	219	209	197	197	205	195	199	209	211	193	205	197	221	211	233	201	235	215	221	207	211	203	207	239	231	209	225	217	223	229	213	219	227	205	225	209	223	239	221	239	231	223	231	219	225	223	225	207	221	231	217	223	237	253	249	239	227	221	237	241	219	215	223	225	237	227	201	215	227	207	235	219	245	233	209	223	223	229	221	245	237	237	279	285	297	295	281	241	241	245	217	231	231	221	213	237	211	231	221	207	205	227	243	227	245	239	215	201	211	241	243	205	221	223	239	241	225	235	221	245	231	241	241	247	257	271	267	251	271	287	289	255	277	253	253	247	237	233	219	213	191	221	213	189	203	197	217	205	205	215	189	211	195	199	179	213	181	181	185	187	187	181	193	211	189	189	179	201	181	197	207	191	185	201	167	199	201	193	175	185	179	187	179	167	189	199	197	187	187	189	169	189	189	203	197	193	197	187	201	197	189	189	199	177	193	191	191	193	181	173	193	203	197	181	191	187	191	197	187	201	203	201	193	197	221	187	167	191	189	211	179	209	199	199	203	187	185	185	201	207	209	189	211	193	199	201	185	199	173	215	193	189	207	195	197	197	185	187	191	189	209	191	195	205	187	203	201	193	203	221	191	191	189	205	187	213	193	201	195	195	203	215	209	197	211	187	193	201	209	211	205	201	205	199	225	195	235	203	209	217	215	203	205	209	195	211	233	219	211	199	217	207	205	235	223	241	209	227	229	231	229	211	233	221	247	229	225	219	247	215	259	223	213	251	233	215	223	217	227	215	225	215	225	209	219	217	209	221	227	211	211	229	225	213	217	225	223	223	219	199	221	221	231	223	215	221	241	231	223	201	229	205	213	191	215	199	209	215	215	195	203	207	215	195	211	197	207	213	193	203	213	201	203	201	209	189	203	185	213	223	203	183	203	195	195	195	203	207	205	191	207	193	203	207	195	185	199	199	197	181	179	197	191	175	165	191	193	173	199	183	177	187	177	201	183	183	191	183	181	187	191	189	195	199	181	179	197	191	205	199
-5.87507	2.1811	5	15	19	19	21	25	17	25	19	21	21	19	29	15	25	21	27	27	23	31	21	27	33	29	29	29	37	27	35	37	31	39	37	37	39	37	49	45	51	37	59	59	61	67	63	53	51	73	75	69	77	85	79	91	101	95	109	111	123	111	113	121	119	131	125	137	147	143	129	141	143	149	145	153	153	167	149	149	149	169	163	175	165	177	179	153	163	179	171	189	179	181	175	171	193	181	191	189	187	175	181	185	167	185	189	195	213	203	207	243	229	205	225	221	205	219	203	211	205	205	187	191	199	213	189	211	185	211	197	183	199	199	193	215	201	195	213	211	217	207	195	203	217	219	213	201	217	229	225	233	221	217	227	221	231	261	235	243	249	253	227	247	221	237	225	217	219	209	217	205	205	187	215	207	217	195	213	229	207	245	201	197	223	215	213	211	209	197	225	221	243	247	263	249	277	263	257	237	239	217	227	221	213	207	201	213	213	213	235	221	225	221	195	179	195	215	203	213	205	195	203	193	209	203	191	199	201	191	199	203	201	195	171	179	181	175	193	161	175	173	187	181	179	205	189	175	199	199	187	179	207	167	183	173	193	161	185	195	175	195	179	169	171	171	189	171	187	181	175	165	183	161	181	163	181	177	161	175	177	185	165	159	181	159	201	177	191	163	161	191	191	193	193	173	171	181	199	173	173	181	173	189	185	193	171	171	199	187	181	175	175	187	197	181	179	177	191	193	175	201	203	199	187	201	211	219	227	215	227	223	245	217	239	237	237	221	253	235	245	257	251	247	261	255	245	233	251	285	249	267	281	261	265	287	267	283	273	271	235	249	259	243	209	245	245	267	261	233	237	251	265	245	267	253	249	251	253	273	261	285	289	281	301	299	309	299	319	339	329	337	319	405	409	383	435	435	451	467	467	501	499	553	531	613	657	773	867	1147	1657	2759	4281	5571	7547	5403	2119	1061	713	547	505	479	477	469	485	537	531	571	559	557	579	573	575	587	623	695	725	707	727	649	517	429	335	319	301	299	299	287	273	269	277	271	259	263	241	257	249	261	237	235	225	227	245	235	243	241	237	223	233	231	235	223	217	237	239	229	245	213	227	225	207	223	217	223	235	223	209	219	219	209	207	187	203	197	195	183	167	191	183	201	177	195	193	199	187	173	185	187	185	165	175	185	181	175	209	185	179	169	185	185	177	189	153	169	181	191	173	183	191	183	161	175	171	171	185	195	167	189	187	187	199	181	189	195	179	181	191	179	183	193	189	193	187	209	195	183	179	203	179	181	183	209	205	215	187	199	185	187	193	211	195	195	191	195	197	201	199	199	195	177	199	219	211	197	197	197	199	217	217	193	215	227	215	223	213	217	209	219	235	213	203	209	233	209	211	231	231	221	221	219	201	211	221	217	211	225	219	219	227	211	197	219	223	219	223	211	221	217	225	239	219	235	233	217	243	221	213	221	227	203	205	205	211	217	221	233	225	207	221	213	205	229	209	219	207	233	251	235	253	271	309	297	265	253	249	225	241	219	207	209	201	229	221	215	217	213	213	219	211	205	209	217	225	201	225	215	213	211	227	231	227	207	217	225	237	243	225	249	247	237	273	247	245	251	275	263	265	281	245	265	273	249	263	217	205	193	219	215	187	181	197	187	187	197	191	183	187	185	197	195	189	191	205	173	191	189	195	173	193	193	177	203	189	187	183	187	163	185	181	197	179	183	181	187	185	173	195	179	195	177	199	183	183	171	187	197	187	193	179	181	181	187	185	181	177	181	179	155	199	183	193	179	189	197	187	185	181	203	191	187	197	189	181	201	209	183	189	187	177	165	197	175	181	187	175	201	173	197	179	189	193	205	217	193	185	177	191	179	203	173	187	203	177	199	169	187	163	205	189	195	177	191	181	193	177	165	189	207	171	195	185	203	175	181	185	199	205	193	189	201	203	187	193	191	181	197	185	171	207	199	195	183	189	195	201	205	183	181	211	209	183	199	179	213	207	195	227	199	205	191	203	201	211	193	205	195	235	229	229	233	217	211	203	229	229	233	221	213	203	219	231	215	231	231	233	221	227	231	239	249	239	237	207	217	217	211	211	229	211	225	233	221	205	221	195	229	211	207	219	213	219	227	225	217	215	213	203	221	203	215	199	213	221	215	197	225	205	211	213	209	203	189	207	189	201	203	203	213	213	203	209	181	215	211	209	205	163	223	213	185	201	187	209	197	185	195	187	197	209	185	221	187	199	173	187	187	179	195	203	199	187	181	185	191	193	173	171	179	205	163	181	161	203	195	193	167	171	177	193	177	173	187	181	195	183	171	193	171	187	203	187	197	185	187	183	181
-5.87507	4.27239	11	7	13	17	21	25	21	9	25	13	27	21	11	19	23	25	21	23	31	25	29	27	31	29	31	25	37	35	39	29	37	35	45	43	35	45	43	39	47	49	49	55	55	65	67	67	67	73	75	73	73	89	87	95	93	93	93	111	97	105	119	123	117	107	125	135	133	131	151	137	127	135	147	163	139	165	161	143	149	149	133	157	171	167	161	157	163	163	161	165	161	159	167	171	187	195	177	183	191	169	181	175	167	175	189	195	183	191	211	203	217	229	219	229	211	211	209	189	205	201	223	179	195	183	199	205	183	185	191	181	207	207	191	203	193	197	207	205	197	177	185	215	207	203	217	231	221	239	235	225	247	221	229	213	223	237	249	247	225	233	247	231	225	229	197	217	235	213	213	199	205	211	225	193	205	209	223	223	217	195	201	215	203	181	205	201	195	209	233	235	273	247	237	273	265	249	251	225	251	221	207	179	203	219	209	189	199	215	199	195	215	189	189	199	205	207	201	207	183	167	177	173	199	185	167	199	173	191	183	183	193	171	167	175	179	173	167	193	181	179	185	175	155	195	191	181	169	165	165	175	171	173	173	195	169	171	181	173	171	177	181	167	191	187	161	165	171	167	165	179	179	171	175	175	181	171	169	181	171	173	179	173	183	191	183	175	179	171	155	167	169	165	177	149	179	191	175	171	181	167	181	163	159	173	193	159	175	185	173	183	199	167	187	173	193	177	181	195	187	193	183	189	219	193	203	219	235	213	243	225	235	243	237	253	239	233	245	243	245	239	259	259	257	259	261	245	261	263	285	267	301	287	257	271	273	267	251	243	245	267	243	267	257	235	253	231	239	245	237	231	221	243	245	265	261	259	265	261	269	287	281	287	273	287	321	311	341	341	371	377	411	415	413	453	443	463	469	487	499	497	519	557	549	575	653	767	901	1155	1717	2655	4011	7411	11053	4211	1583	881	675	589	533	511	507	531	519	569	585	611	597	577	605	611	653	673	723	721	793	741	651	459	383	371	295	321	295	279	271	277	271	253	269	263	265	239	233	233	235	231	225	239	235	231	237	229	255	227	243	225	235	213	221	215	215	235	217	203	229	225	207	227	207	213	221	209	211	219	193	201	209	201	191	181	189	185	179	171	199	177	175	171	179	197	197	185	183	185	195	185	165	177	171	191	185	195	175	169	183	161	189	173	165	195	177	185	175	167	177	177	175	159	173	187	155	183	157	165	177	167	177	165	169	185	169	175	169	191	171	177	167	183	187	167	185	183	165	195	195	193	173	187	183	199	197	177	183	197	191	195	177	211	193	197	201	209	191	197	195	207	201	199	189	207	199	203	195	211	203	205	209	233	201	201	197	195	221	187	203	207	213	213	201	201	223	207	193	229	203	207	209	207	217	223	217	217	217	225	215	197	219	221	193	205	225	201	211	215	227	243	219	225	231	247	211	217	205	215	199	205	199	195	183	213	197	193	249	209	229	213	205	233	219	233	217	215	235	235	247	267	287	299	269	267	225	233	227	223	207	215	219	227	207	219	197	191	215	209	207	207	201	219	219	193	201	221	209	223	221	199	207	225	227	223	209	247	233	249	219	249	239	249	249	259	243	269	277	263	273	273	249	255	245	239	205	197	203	185	179	169	183	167	169	191	193	167	181	187	171	193	187	181	191	185	165	181	175	165	181	183	183	173	181	185	167	169	169	171	183	201	175	179	171	183	187	173	189	193	171	183	189	175	169	185	181	181	161	187	187	191	187	181	175	157	191	185	193	189	185	179	183	191	193	183	189	161	193	185	177	199	179	181	193	187	161	185	185	183	173	175	191	159	197	193	173	187	195	205	183	183	179	181	175	187	199	177	199	201	191	173	187	215	179	191	183	195	207	171	179	169	185	171	177	211	169	189	181	189	185	191	179	207	185	181	205	179	209	193	197	173	191	197	203	189	185	191	187	191	197	183	199	175	185	169	187	207	195	213	207	193	199	187	197	191	209	203	195	185	207	185	193	197	209	207	189	207	205	199	213	209	221	217	217	213	217	225	201	219	211	233	229	217	231	227	257	241	229	229	243	211	201	231	213	215	209	215	207	215	221	215	205	205	219	211	237	215	221	205	209	209	225	213	227	213	203	199	209	201	225	207	203	195	227	205	193	205	211	213	201	199	195	193	203	187	213	207	183	173	201	185	211	205	193	215	193	207	219	183	187	179	191	193	177	169	179	169	187	211	205	189	181	189	187	193	181	193	175	169	171	173	183	175	169	171	183	181	183	183	179	167	179	169	171	183	183	175	175	179	159	169	191	179	187	159	161	179	195	177	187	167	173	199	165	195	177	185	177	179
-5.87507	6.36368	17	19	17	21	21	23	19	21	19	17	13	21	25	21	17	21	23	19	31	21	23	21	29	27	31	37	37	29	31	27	39	33	43	45	45	43	37	45	45	45	55	53	49	63	69	69	65	65	67	73	79	75	87	93	85	95	109	101	103	113	107	115	105	121	117	137	129	143	125	117	145	145	145	147	163	141	175	153	173	171	169	137	151	179	155	159	173	161	187	155	173	161	165	175	159	173	179	169	171	171	177	159	171	179	181	183	201	193	187	213	227	201	209	209	199	191	213	181	201	189	205	195	201	179	207	197	193	189	189	185	195	189	179	201	189	191	191	195	211	213	215	203	191	209	191	219	207	213	217	221	227	241	237	239	225	235	229	239	245	245	235	237	241	231	207	233	203	221	207	209	191	189	201	215	225	201	199	219	219	215	225	213	195	195	215	205	197	227	219	245	233	245	259	271	257	265	255	241	211	225	219	207	215	217	205	223	199	185	195	189	193	187	177	205	205	195	187	199	197	163	187	181	195	173	195	185	191	183	191	199	161	193	201	183	183	161	181	169	171	191	167	177	175	181	165	179	179	171	179	191	183	169	179	179	183	177	169	165	173	179	163	175	173	169	177	191	177	171	165	155	169	167	171	147	177	183	169	183	181	169	159	163	173	157	177	193	167	163	169	165	173	167	183	169	171	185	173	177	175	189	185	185	177	183	181	185	175	171	175	173	193	177	185	177	165	197	181	195	181	199	195	195	185	187	215	243	221	211	239	241	251	233	233	229	215	243	241	261	223	259	233	269	255	247	241	249	247	273	255	285	301	285	287	283	261	273	263	265	251	251	253	263	261	233	255	257	245	251	243	239	227	225	251	259	263	245	243	259	241	251	281	283	281	295	301	297	327	339	355	377	381	385	413	397	413	425	463	451	483	505	523	553	589	617	693	737	877	1151	1555	2629	3989	5907	8737	5571	2009	1031	755	557	529	495	483	503	501	501	567	569	551	559	583	615	597	641	661	659	721	697	699	573	413	353	317	287	267	317	289	291	289	255	273	265	251	239	253	235	249	239	233	241	225	247	223	233	231	235	251	231	227	239	219	227	229	227	239	215	225	213	209	217	229	203	213	203	195	227	223	225	251	199	191	189	193	177	191	189	193	171	179	171	171	203	185	191	201	179	189	187	181	171	181	191	187	177	171	185	201	169	185	181	181	173	165	187	185	181	181	191	179	177	185	185	175	169	181	179	189	187	173	169	175	167	197	183	169	179	193	187	183	179	187	189	189	183	185	165	183	195	187	185	193	187	197	181	185	173	185	187	207	213	195	185	187	207	193	197	215	189	197	193	195	199	197	197	189	191	177	193	199	205	207	221	191	225	221	209	215	209	217	207	207	211	199	235	209	215	203	217	221	219	231	239	223	217	227	223	225	203	231	217	217	211	213	217	215	219	213	231	213	229	239	243	245	237	241	221	237	199	201	213	205	195	225	203	213	199	221	211	195	235	237	215	221	231	211	229	239	269	245	277	311	281	245	253	223	241	231	225	193	231	201	213	203	209	217	191	207	225	185	221	205	217	229	203	221	217	233	219	219	217	215	237	239	229	233	223	233	247	243	259	261	245	263	261	275	253	267	253	261	251	249	237	237	191	203	223	201	191	199	187	191	191	187	191	181	173	181	171	171	199	201	179	193	175	189	189	187	167	199	177	185	177	189	177	187	187	189	187	185	189	197	187	195	183	163	169	199	175	179	193	161	187	171	173	195	185	167	175	185	173	169	201	167	181	179	185	171	183	181	173	179	183	177	197	193	201	187	181	173	195	191	187	199	191	177	201	181	185	181	171	191	199	189	185	179	199	193	175	199	177	181	193	191	173	175	175	171	195	193	175	179	197	179	193	185	197	193	195	211	191	179	177	177	187	169	175	179	189	183	169	193	177	183	197	175	191	187	187	207	199	181	181	217	169	189	197	183	199	197	207	195	189	203	193	187	193	187	201	209	201	201	207	191	199	201	203	189	181	197	207	223	197	193	197	203	207	223	203	213	217	223	209	223	257	213	203	235	227	233	243	217	237	207	235	217	241	203	241	237	235	225	225	215	225	195	221	213	197	207	199	225	239	231	195	217	205	225	197	209	207	201	223	203	199	215	199	211	213	213	211	231	209	205	231	211	225	205	223	203	225	189	211	197	165	183	209	189	197	205	203	187	195	197	193	203	205	185	187	209	185	193	191	175	189	181	225	179	201	187	203	189	189	195	185	197	183	181	193	197	187	191	179	179	187	179	175	177	183	181	165	195	171	179	181	191	173	171	197	171	165	181	189	179	157	173	165	177	177	183	171	177	173	167	185	173	169
-5.87507	8.45497	9	11	19	21	21	17	19	21	19	15	25	21	21	17	27	15	21	23	27	29	33	21	21	39	23	27	27	37	31	31	39	33	31	27	35	35	39	41	57	63	49	49	49	59	65	63	65	67	73	69	77	81	99	79	95	105	95	87	107	107	107	133	125	133	119	133	133	137	145	141	147	159	147	159	143	155	155	171	141	159	147	171	167	171	159	171	161	169	169	187	185	177	169	175	199	175	171	179	183	181	191	189	207	193	201	217	231	229	249	251	265	271	293	275	285	273	279	263	253	265	233	249	253	231	219	231	209	225	223	227	227	227	231	249	221	251	227	225	243	259	229	257	269	289	303	277	299	315	313	337	337	329	349	333	343	353	337	351	351	371	351	333	295	279	283	275	269	259	261	277	251	261	279	275	257	279	277	287	281	285	277	269	273	271	265	289	281	287	303	325	357	383	411	437	407	383	405	389	339	317	297	283	297	279	277	271	261	271	249	257	263	243	239	243	235	243	217	229	215	233	217	233	223	205	207	225	219	213	189	205	205	199	185	179	191	197	199	187	177	195	215	191	185	189	185	185	181	171	185	183	197	189	179	179	181	167	173	165	183	165	189	179	177	179	195	189	179	183	169	181	159	171	173	173	177	173	173	173	163	163	171	173	177	169	175	179	173	159	185	151	173	173	165	189	175	179	177	183	177	167	169	181	183	197	185	171	191	183	181	193	207	183	189	173	191	213	189	213	209	209	207	221	217	211	237	263	281	293	337	333	339	333	331	333	329	347	321	301	303	335	313	341	317	355	341	345	349	371	385	409	423	421	451	431	411	409	395	403	399	371	399	373	371	405	351	355	335	373	367	389	393	353	391	403	417	427	433	413	425	459	465	479	509	531	521	627	677	633	695	673	721	739	751	771	807	799	845	899	835	931	959	1027	1049	1135	1253	1395	1651	2067	2923	4157	5689	9377	16345	19481	11703	5719	3261	2247	1661	1351	1339	1477	1569	1769	1837	1877	1841	1915	1925	1889	1853	1599	1383	1277	1261	1183	1113	967	753	567	503	465	461	435	425	409	391	379	401	383	353	331	313	335	331	315	307	293	291	301	285	291	315	303	319	295	315	283	311	301	273	295	299	285	293	313	303	269	279	297	299	299	279	285	275	275	249	265	231	211	207	231	205	201	203	195	201	191	195	223	193	215	209	197	219	197	191	203	177	179	197	215	185	201	199	189	195	197	223	201	213	219	221	231	261	369	511	815	893	581	361	285	247	251	241	215	205	215	217	213	215	219	187	199	205	205	187	205	197	207	189	207	205	191	215	191	195	213	223	209	215	209	211	211	227	233	205	235	219	237	231	217	237	239	239	213	237	217	239	251	253	233	267	255	257	255	293	283	275	303	295	267	269	259	275	285	277	283	269	289	277	277	291	281	293	293	293	283	295	295	273	291	323	307	297	273	271	285	285	297	311	281	297	257	279	317	317	341	339	341	313	307	299	265	271	273	241	279	253	267	253	275	265	273	273	279	295	275	299	299	317	333	361	425	465	507	535	551	513	437	377	347	317	301	283	283	269	287	263	259	253	265	247	267	259	279	243	249	267	273	271	259	271	301	291	309	307	289	307	347	325	355	393	413	431	401	429	443	489	457	471	451	455	425	437	419	377	371	329	311	267	267	233	229	209	197	207	205	185	197	185	191	187	171	179	175	185	169	187	189	173	183	175	189	169	155	171	177	203	197	191	167	189	181	173	175	183	169	165	167	187	179	171	175	177	173	165	161	175	159	177	171	165	165	157	173	163	175	167	183	167	163	185	169	173	177	171	183	181	183	203	181	177	163	185	187	183	187	187	181	173	195	179	193	163	193	189	205	187	187	203	191	177	187	193	191	183	191	193	195	185	173	179	187	193	191	191	183	201	181	203	195	187	209	185	195	199	195	189	191	211	203	195	201	207	189	195	205	209	209	209	205	189	189	199	197	213	207	223	209	219	207	215	215	225	207	217	219	213	209	197	195	215	195	249	217	229	233	219	223	237	199	245	239	219	223	233	235	249	255	239	271	283	289	285	269	273	311	271	295	291	303	289	313	283	331	313	287	341	313	325	313	341	325	333	341	311	309	305	305	317	287	275	263	263	275	281	267	263	283	265	277	267	275	259	235	275	265	285	281	281	283	279	265	267	263	283	275	283	273	265	263	249	265	239	227	239	215	229	235	233	215	221	233	225	219	223	209	193	217	211	211	217	189	207	213	203	191	195	205	189	181	209	195	195	185	209	201	175	211	189	195	191	185	191	203	177	185	183	185	163	193	181	171	171	179	165	169	165	161	165	161	179	151	169	135	173	169	185	151	173	153	171	175	173	151	181	167	159	171	155	185	155	169
-5.87507	10.5463	15	15	15	19	19	19	17	19	21	19	19	25	29	19	27	27	13	17	17	29	19	33	35	31	35	27	37	27	29	39	33	51	33	41	47	47	55	43	49	55	57	53	57	59	67	75	73	79	75	97	81	79	95	91	95	87	97	101	115	115	115	121	123	113	147	127	133	151	129	133	159	159	167	171	151	155	169	155	161	167	179	181	175	159	179	191	195	181	189	197	211	179	197	185	191	187	181	207	201	213	209	199	203	189	229	223	211	223	247	265	281	261	271	289	295	307	291	285	277	255	261	261	237	247	225	225	245	225	235	249	235	243	241	239	227	253	217	235	265	253	263	259	277	301	277	299	319	305	349	339	347	319	345	339	339	345	355	363	359	373	355	343	333	295	285	289	293	275	285	265	273	285	305	281	269	287	281	301	257	273	277	279	271	253	267	247	275	271	307	345	357	385	439	453	435	387	387	369	347	327	327	283	283	277	269	277	265	255	245	259	271	243	255	247	241	231	259	253	243	237	225	247	237	225	213	213	215	187	215	215	213	191	187	195	181	213	185	203	195	197	187	175	199	183	201	183	185	195	173	177	183	179	167	181	179	185	191	193	169	193	193	173	191	193	181	177	193	201	177	179	177	179	185	189	185	175	185	179	189	187	163	195	179	183	169	175	195	169	175	199	175	189	181	183	191	183	175	187	183	187	179	185	197	205	167	195	193	187	203	195	185	195	203	181	195	207	215	191	209	203	217	207	209	219	243	295	309	337	349	323	333	327	347	329	335	329	335	347	329	343	349	341	343	335	359	377	365	379	411	423	449	439	457	435	429	425	439	391	395	399	373	387	389	391	383	377	391	373	375	389	411	391	397	395	417	415	429	433	455	461	493	491	515	527	585	599	671	687	703	761	725	733	781	793	795	849	815	867	937	973	1001	1061	1109	1163	1317	1461	1745	2141	2969	4095	5945	9627	16935	19349	11423	5459	3203	2307	1689	1451	1475	1557	1671	1861	1917	1941	1885	1933	1955	1883	1757	1551	1371	1237	1241	1127	1105	923	727	571	537	485	453	451	451	419	435	419	411	381	367	351	337	355	337	315	327	307	305	317	299	303	305	305	295	285	299	295	309	319	283	295	299	289	281	293	283	277	319	291	295	285	285	275	269	269	249	253	267	221	215	211	223	207	199	215	207	215	203	201	193	209	211	183	185	211	193	203	187	209	191	191	187	191	203	183	189	207	211	195	215	219	221	265	281	405	539	805	861	587	369	285	269	249	259	231	207	213	217	211	217	227	221	207	209	197	201	213	211	207	199	221	229	225	219	217	215	211	215	211	237	213	213	195	241	241	221	237	235	219	249	233	241	251	251	261	227	235	235	237	263	257	261	281	259	265	275	285	271	273	277	289	265	273	265	291	301	297	279	271	259	291	297	277	313	293	307	305	329	305	283	301	303	305	303	287	287	303	289	299	309	283	307	301	305	305	331	355	379	335	311	339	315	285	287	263	279	267	263	255	269	275	263	281	287	271	289	289	287	307	313	361	393	427	511	529	561	543	509	425	383	351	337	309	303	265	265	277	271	249	253	261	259	277	253	247	281	285	269	265	273	291	293	293	315	293	301	337	295	349	355	369	407	387	407	433	429	465	461	501	473	467	465	435	443	407	381	337	323	297	261	277	237	233	227	211	187	213	201	221	187	201	181	207	193	187	191	189	195	185	195	183	189	175	205	193	161	189	181	173	191	175	181	175	179	181	195	193	181	171	179	183	191	181	171	171	177	155	179	169	187	185	187	167	191	163	171	175	185	165	187	195	187	159	195	187	183	169	193	185	185	173	175	183	199	191	165	185	191	211	203	199	179	187	179	203	201	195	205	191	199	181	171	187	169	189	185	165	205	175	175	199	215	183	205	185	191	189	205	201	201	193	209	215	193	189	185	197	209	205	199	185	207	211	181	211	211	183	195	223	195	191	217	191	219	209	223	233	217	219	203	221	241	227	199	205	195	213	207	247	211	205	217	237	217	241	229	203	231	219	235	247	221	245	239	239	243	249	239	251	267	271	281	279	317	295	287	285	331	293	281	327	299	299	297	297	327	317	319	299	337	325	327	343	335	321	313	329	311	297	287	325	305	307	275	293	309	305	273	277	277	281	281	275	269	285	291	275	275	257	273	289	277	297	275	285	279	267	275	257	265	235	261	237	249	235	245	233	227	211	229	233	213	229	221	201	203	241	217	221	221	209	197	203	205	205	215	215	203	199	201	211	197	195	199	201	209	217	197	213	207	199	189	215	209	193	183	191	181	205	191	181	189	157	169	175	173	179	193	169	161	173	163	167	167	153	185	169	177	177	173	169	171	177	173	159	165	165	157	165	173	171	165	173
-5.87507	12.6375	13	7	13	19	17	25	19	19	19	27	19	15	19	23	21	19	29	39	21	29	17	21	23	21	23	35	31	27	23	31	35	29	35	33	39	37	37	45	43	39	53	49	55	49	69	63	71	65	71	83	73	89	89	99	83	93	89	107	101	99	125	117	123	115	131	131	133	153	131	141	145	147	169	161	147	171	157	153	187	157	185	175	167	181	171	199	177	173	187	173	193	179	179	179	199	213	189	197	181	173	189	207	197	181	193	233	241	235	239	261	279	277	283	309	293	297	305	291	271	259	245	253	239	237	229	229	239	247	245	241	223	229	257	237	233	237	241	239	245	275	257	265	243	279	291	305	321	341	327	351	349	387	349	357	327	357	373	357	371	341	337	311	309	311	283	281	287	295	269	279	279	271	277	273	283	281	279	269	291	277	277	267	249	271	279	279	311	301	315	349	365	399	463	451	437	431	427	385	339	357	303	313	279	285	277	267	267	279	265	249	277	237	239	229	245	235	227	225	223	233	235	247	223	205	221	213	231	241	215	215	203	211	213	187	203	201	211	201	195	203	191	215	193	185	191	183	187	179	187	191	189	187	171	195	199	177	185	183	183	169	171	175	193	167	195	199	189	191	189	183	169	183	163	183	201	173	179	179	165	191	179	187	169	183	177	165	193	197	185	171	169	177	187	183	181	195	169	175	165	199	163	185	203	191	163	187	185	207	195	197	195	199	183	187	185	191	193	207	223	211	205	207	219	211	251	265	301	319	317	321	331	317	345	351	355	353	325	313	333	369	359	347	327	331	349	371	361	377	411	429	443	467	467	423	447	429	417	399	415	433	411	383	397	397	393	367	395	403	389	399	387	395	403	423	405	431	427	441	461	481	467	503	533	535	551	637	651	663	717	711	775	731	813	775	825	859	807	895	917	963	1009	1063	1077	1165	1289	1403	1633	2075	2847	4099	5849	9623	17177	21201	12815	5941	3439	2307	1733	1383	1413	1521	1627	1779	1853	1937	1949	2005	1969	1957	1907	1713	1435	1307	1213	1237	1147	1037	763	591	531	465	465	429	415	429	405	435	375	371	363	355	349	323	301	329	319	323	313	339	297	317	297	289	315	289	305	313	289	295	307	305	297	305	317	317	305	279	305	271	305	297	303	295	291	277	287	257	245	229	213	209	223	201	229	203	207	213	195	197	219	185	213	211	199	171	193	191	217	181	193	193	215	189	201	185	207	187	211	197	201	219	231	263	299	371	501	813	921	621	379	285	253	243	239	225	223	227	203	213	215	207	203	233	199	201	193	211	203	209	197	201	209	217	211	221	213	217	219	225	213	205	219	207	229	233	225	215	213	209	237	231	243	249	239	257	231	251	233	243	245	243	259	277	267	295	267	281	281	285	287	273	291	265	303	285	297	277	285	289	305	281	301	279	307	295	299	275	291	297	297	309	307	289	309	261	299	289	293	279	293	325	311	291	295	333	347	349	351	333	331	299	307	303	291	293	269	257	279	249	251	265	287	277	269	291	291	285	289	301	325	355	367	419	493	537	563	553	499	459	387	355	333	289	295	287	285	255	263	273	255	269	257	253	263	269	247	265	279	255	245	283	277	285	315	313	309	315	319	331	353	369	407	381	393	415	471	477	473	483	465	475	455	447	489	401	421	371	333	307	291	247	229	229	221	213	217	203	181	227	181	185	185	193	175	199	191	199	181	191	199	163	173	175	181	183	163	167	175	189	181	203	193	165	163	199	179	169	163	171	175	171	169	175	163	185	181	159	183	195	181	167	173	167	173	175	183	183	179	175	169	165	191	173	185	185	193	169	179	173	183	171	199	187	189	189	177	179	197	189	171	175	175	189	175	201	213	181	191	183	175	173	185	191	183	187	183	213	181	199	181	199	199	179	207	197	193	197	207	177	201	187	175	191	199	215	201	203	211	201	203	185	187	205	219	191	205	203	211	203	197	205	207	209	215	205	215	217	229	217	207	229	205	217	219	199	207	223	223	213	191	229	233	187	227	211	229	251	219	235	235	233	219	231	231	255	229	247	227	249	257	281	255	277	279	305	275	313	297	319	281	295	301	289	297	315	309	285	329	295	313	323	327	325	353	337	335	337	303	321	291	311	313	287	273	273	289	287	305	287	263	307	267	299	271	285	255	263	305	297	289	269	277	279	285	271	291	281	293	279	277	271	255	251	239	233	239	233	219	239	233	227	213	217	211	227	223	221	217	183	221	193	225	191	213	207	209	201	205	209	213	203	213	189	193	207	201	217	193	221	211	195	209	185	199	187	175	183	179	187	177	187	173	167	181	177	161	157	175	183	175	169	181	151	151	171	183	173	175	169	179	157	163	171	167	153	161	177	165	173	159	173	167	177
-5.87507	14.7288	13	7	15	23	13	27	17	21	15	21	19	19	23	21	21	23	17	27	29	23	23	21	27	25	27	37	33	25	37	33	35	31	41	31	45	43	33	51	41	51	55	57	53	67	53	65	67	75	79	77	79	83	77	91	81	103	107	109	99	121	101	119	131	107	135	119	139	131	157	137	147	151	141	171	141	163	149	155	159	169	169	181	185	169	171	181	173	181	169	165	181	199	187	175	183	201	207	183	201	189	217	201	213	193	221	215	221	223	221	243	261	289	285	297	285	291	299	285	287	245	257	241	257	255	229	239	219	221	247	223	253	237	243	231	231	243	241	253	237	249	265	247	265	295	275	311	323	307	317	325	357	325	327	365	335	349	359	381	373	381	341	331	321	279	287	279	277	247	271	249	245	277	269	283	285	273	305	301	275	287	281	265	261	247	275	273	301	277	301	327	385	379	401	437	431	413	429	379	345	343	323	295	297	301	285	273	275	275	263	259	237	249	243	245	229	249	237	243	243	229	217	225	225	207	213	221	203	221	197	201	201	189	221	219	183	199	211	187	187	213	193	181	199	181	185	191	187	191	177	203	179	179	183	177	161	179	179	171	173	189	173	181	181	177	177	191	169	169	175	187	171	161	175	165	189	189	163	177	179	193	169	171	169	177	171	177	171	177	167	169	185	171	193	167	193	167	183	181	173	189	191	181	177	183	195	187	183	191	181	183	195	207	189	185	211	171	209	183	209	211	219	219	223	215	225	271	337	319	335	311	313	351	359	305	331	335	341	359	325	329	361	333	335	337	345	379	363	369	389	415	431	441	429	443	443	419	375	383	415	385	377	387	365	407	375	345	361	379	389	405	419	405	407	395	437	405	431	455	439	447	473	499	515	501	567	613	645	657	721	697	769	727	767	777	773	817	847	897	901	963	981	1017	1077	1177	1279	1473	1725	2191	3041	4283	6421	10379	17009	17983	11049	5449	3309	2275	1797	1477	1507	1579	1763	1811	1811	1857	1917	1857	1861	1881	1769	1565	1343	1259	1235	1109	1057	881	737	599	515	471	491	425	471	407	389	401	387	375	353	347	337	313	315	309	303	327	311	325	299	295	297	323	291	293	297	311	305	303	295	287	305	301	283	293	293	289	281	293	287	313	279	297	265	261	277	247	237	223	233	205	193	209	215	199	205	211	211	199	193	191	187	221	199	207	209	203	205	205	207	197	189	195	199	197	195	205	199	205	225	223	229	255	287	391	531	811	883	583	377	305	271	229	257	227	217	209	209	215	217	227	219	207	203	205	209	201	217	201	199	217	215	207	207	205	213	221	201	207	235	237	203	207	201	225	219	231	223	235	219	241	241	239	239	239	239	233	233	239	257	259	249	249	229	263	263	275	277	285	295	287	285	279	285	267	281	289	285	293	291	285	293	315	281	313	309	305	291	293	303	295	293	283	291	305	287	285	295	279	283	281	287	307	299	341	331	347	351	341	311	333	299	297	285	285	269	263	265	239	273	257	259	267	277	267	285	267	329	325	331	361	381	437	493	539	537	563	497	441	385	341	299	297	305	273	293	279	273	245	259	269	263	239	273	251	253	293	259	277	277	267	293	285	287	291	293	321	341	333	329	357	363	401	391	393	407	435	483	469	469	467	457	447	403	379	343	369	313	307	269	253	227	221	217	203	217	209	181	217	195	193	187	191	183	173	175	179	183	189	179	197	199	183	179	191	171	179	167	175	171	187	169	167	183	173	177	189	161	167	179	167	165	185	181	177	191	193	175	169	181	169	161	189	179	167	181	177	185	167	173	177	169	181	173	177	183	175	193	177	187	191	181	171	181	191	185	191	191	167	179	175	179	203	193	201	205	175	197	195	195	173	195	189	183	173	171	185	187	195	183	201	201	197	181	211	177	191	207	175	201	185	197	199	201	177	215	211	197	197	189	197	217	193	197	181	211	199	183	225	203	213	203	193	213	219	219	201	213	225	211	237	221	217	217	205	185	197	213	231	215	223	233	207	221	231	211	225	231	227	213	231	233	245	243	229	219	215	239	233	247	269	265	269	265	271	273	297	297	267	289	293	295	311	317	283	307	321	335	315	315	339	339	329	329	307	323	317	327	319	289	303	261	295	291	281	269	285	283	273	267	291	267	293	303	283	273	255	277	273	273	273	271	269	265	287	275	287	277	275	281	267	269	249	233	235	243	247	245	209	221	209	217	199	223	221	209	213	229	193	203	201	207	215	207	209	193	203	207	203	185	203	201	197	197	205	205	205	187	193	201	185	207	187	207	195	175	175	193	183	171	197	173	189	171	159	163	173	175	163	171	159	167	165	173	163	167	165	167	159	181	163	165	159	177	169	155	167	161	167	169	169	163	167
-7.07254	0.08981	11	17	13	23	15	21	7	17	17	23	17	27	25	23	15	19	25	25	17	23	29	23	27	23	41	33	35	33	31	41	41	37	29	39	33	43	35	41	47	47	43	45	53	45	57	69	65	75	69	77	65	83	81	97	85	83	89	91	105	101	111	103	107	113	109	123	141	129	139	129	139	135	143	135	149	159	163	145	147	163	157	155	163	149	155	151	155	159	183	171	171	163	169	175	173	177	171	187	163	175	175	195	175	183	195	221	215	225	235	221	275	255	237	239	235	245	203	225	215	221	217	207	217	187	187	191	195	213	203	201	187	209	197	225	209	199	219	225	213	217	227	215	229	257	255	245	255	245	273	281	271	293	273	281	285	317	293	285	311	285	301	305	257	291	281	259	269	237	259	257	249	269	233	247	249	277	239	233	235	251	249	241	245	219	219	249	249	241	263	263	289	311	335	317	339	319	315	323	285	273	261	253	271	229	253	239	243	253	223	223	231	223	227	205	225	229	193	197	197	203	185	201	205	205	203	185	199	209	183	205	185	167	177	179	179	177	169	177	175	171	165	155	185	179	183	187	159	179	157	163	173	181	193	173	151	175	171	167	171	175	161	157	167	159	181	159	181	183	149	165	151	181	159	159	145	167	159	139	165	137	155	171	155	171	165	171	181	171	169	171	177	165	171	179	145	169	169	183	175	175	181	183	177	177	191	179	171	149	207	181	189	187	175	191	185	209	199	199	201	191	225	247	221	259	259	277	277	251	291	287	291	317	305	295	315	305	317	319	307	317	323	343	359	349	373	355	355	387	381	393	373	401	387	367	329	335	329	325	317	333	341	307	359	313	319	293	301	309	295	307	313	329	335	325	343	363	369	367	381	407	391	451	435	473	481	483	523	565	607	573	665	657	727	733	759	811	819	905	917	957	1027	1089	1209	1311	1539	1887	2429	3509	5347	8387	11977	13177	11363	6389	3031	1835	1381	1211	1031	1001	1007	1025	1011	1085	1083	1111	1081	1113	1107	1089	1195	1219	1151	1091	1091	943	823	665	557	497	449	439	423	401	391	395	407	361	345	355	331	341	333	325	311	305	317	281	305	313	299	283	311	297	297	263	251	295	285	261	259	283	241	259	277	269	255	257	255	267	235	241	237	219	225	215	193	207	181	209	187	185	201	193	193	203	187	185	187	187	161	177	173	175	181	191	191	175	181	189	159	167	163	163	165	177	169	171	167	185	171	171	187	185	175	173	159	151	171	179	167	177	165	165	163	173	173	187	165	171	181	155	183	167	181	185	165	193	175	171	193	171	183	189	195	195	185	203	205	183	201	187	217	191	179	205	205	201	209	229	197	199	215	191	215	201	213	215	219	207	213	213	209	207	219	213	235	241	249	223	241	221	221	229	227	233	237	229	243	229	257	251	259	239	259	265	249	251	241	255	233	273	253	243	259	269	241	247	239	251	229	243	247	255	245	253	295	275	283	261	269	255	259	241	241	231	209	233	219	241	229	247	223	225	241	243	231	227	243	265	275	259	289	291	297	351	365	325	343	291	291	283	277	245	245	253	255	241	257	225	227	229	233	227	241	233	217	235	231	247	235	231	265	249	243	255	261	261	273	293	275	291	293	297	311	323	325	329	325	337	333	347	343	327	317	327	293	285	255	259	217	221	207	173	187	185	181	163	177	175	173	181	187	175	183	171	159	171	163	179	183	173	175	157	169	179	155	177	169	149	167	147	167	169	163	173	155	163	175	157	149	149	155	159	157	159	157	169	179	155	159	167	167	177	155	181	163	155	153	155	163	151	175	179	171	177	167	173	161	173	167	171	183	167	183	171	163	163	185	197	161	185	177	169	191	177	169	187	177	171	155	179	163	181	167	189	165	167	165	161	171	181	183	177	177	185	181	171	195	175	175	177	171	159	177	163	193	191	173	175	165	163	185	167	171	187	187	179	185	171	167	185	189	183	159	173	185	175	189	187	191	195	189	211	189	171	183	177	199	185	185	189	181	201	201	205	203	181	201	211	187	215	225	211	181	217	211	189	199	201	213	209	215	213	231	253	227	229	245	245	241	249	249	233	261	245	261	249	277	251	283	277	257	259	263	255	267	279	229	247	247	229	239	225	241	231	213	219	237	235	233	229	225	227	231	219	209	211	221	225	243	231	217	211	241	219	225	245	231	213	231	215	215	237	187	205	207	197	205	191	191	193	191	189	181	167	187	183	177	185	183	187	189	181	175	177	167	169	183	179	195	183	169	189	189	199	165	187	163	173	167	173	191	179	175	175	179	165	169	159	157	167	171	157	163	151	163	151	157	151	155	151	165	137	127	157	153	145	153	153	157	151	163	147	141	155	145	151	167	161	151	153	157	147
-7.07254	2.1811	5	11	11	17	19	15	11	13	25	15	19	19	17	23	15	13	11	29	15	23	17	21	17	19	25	21	21	23	25	27	17	25	25	27	25	31	25	27	31	27	29	31	33	37	33	33	47	39	49	45	49	53	49	57	57	63	57	65	61	65	65	63	79	77	61	75	79	75	81	81	67	75	93	75	83	87	67	97	101	99	99	115	111	107	91	91	97	105	103	117	93	95	103	107	99	93	79	103	99	101	93	101	99	109	109	97	117	119	111	119	113	115	113	109	105	117	117	105	99	111	105	101	101	117	105	105	97	109	107	107	97	99	113	107	109	109	87	101	97	101	103	99	103	113	109	119	117	119	113	115	115	109	111	121	111	107	121	117	125	117	123	123	121	121	127	105	125	129	109	109	101	109	117	115	99	115	105	111	111	105	99	109	109	105	105	117	105	111	101	123	107	127	97	115	109	135	127	117	107	113	109	113	113	113	105	115	119	117	119	95	109	103	109	101	107	117	101	91	103	107	103	99	109	101	97	97	111	93	93	107	101	111	99	107	109	105	91	103	83	89	115	97	97	99	101	103	95	87	89	89	103	93	93	105	95	105	95	95	95	93	101	87	103	87	83	97	111	93	101	105	101	99	93	101	115	113	101	107	111	103	103	99	101	93	85	101	99	93	99	95	89	101	103	91	101	95	99	103	97	103	103	101	103	83	89	105	107	97	109	103	103	99	99	109	89	95	97	111	123	119	111	97	121	119	101	113	131	125	117	115	117	113	119	115	129	119	121	117	139	115	131	135	127	131	121	117	119	115	135	143	137	131	133	137	119	137	143	117	109	125	129	115	133	117	133	119	113	117	123	113	133	119	127	127	121	135	141	129	157	147	135	149	135	151	153	161	149	139	167	157	173	173	173	185	207	201	225	205	209	241	261	251	255	277	321	365	451	643	983	1507	2065	2041	1609	933	561	379	289	247	221	249	213	215	219	225	231	265	227	247	239	237	263	245	257	257	257	227	225	191	169	161	149	141	143	151	133	137	127	129	133	137	123	139	139	141	129	139	135	127	121	129	137	125	133	141	115	115	125	127	119	127	103	119	109	111	105	119	111	107	117	111	115	123	105	115	123	117	115	113	113	99	97	109	115	97	101	105	107	101	103	97	107	111	117	101	109	107	101	119	109	109	109	107	89	93	101	95	101	101	105	99	105	119	109	107	101	111	95	115	109	99	101	107	93	113	97	121	109	101	101	117	109	111	117	105	105	109	111	107	85	97	109	95	103	105	97	119	103	123	113	93	115	105	115	113	103	123	103	111	111	119	119	105	99	99	121	109	95	101	117	105	115	101	115	115	109	119	103	117	111	125	119	115	119	121	133	103	113	121	115	111	121	119	103	113	125	107	123	129	109	127	121	125	115	117	113	101	109	135	117	99	107	123	137	129	111	119	105	125	111	113	125	123	113	121	101	99	121	103	111	117	117	109	127	107	117	125	105	105	121	127	125	131	131	127	137	115	131	117	137	115	135	125	133	135	113	119	135	111	107	117	115	107	101	111	119	117	109	101	109	119	129	113	121	125	109	119	123	129	115	113	109	121	125	123	135	125	119	129	129	123	123	131	153	127	133	117	129	123	131	117	123	105	107	107	121	105	115	119	101	103	117	97	93	103	107	103	105	105	103	107	105	101	97	99	111	115	107	107	123	101	97	105	101	91	107	115	115	99	111	97	115	105	105	113	93	103	111	101	93	107	99	115	97	85	101	111	97	97	113	111	103	95	107	103	101	101	101	111	129	113	107	101	113	105	101	99	103	97	107	109	109	107	103	117	97	113	107	109	105	109	109	109	119	105	105	105	101	105	113	117	105	111	113	107	113	93	113	107	111	117	115	111	103	119	117	111	115	117	115	101	109	105	111	123	109	127	115	85	101	111	121	105	109	123	99	109	103	97	105	109	97	99	109	111	109	123	115	97	123	111	109	109	113	99	109	115	117	105	113	111	113	107	127	125	111	121	121	111	107	115	109	93	111	123	119	117	115	115	129	125	121	111	129	137	125	119	137	121	123	123	119	125	111	125	115	119	131	127	109	109	109	137	123	117	123	115	123	113	123	127	109	119	125	117	105	121	121	107	121	123	123	99	115	115	119	109	103	115	107	117	119	125	109	105	115	119	111	123	109	105	123	121	119	105	105	117	113	113	107	111	121	117	109	107	113	123	113	101	111	91	103	109	103	119	117	99	103	111	109	103	115	109	117	119	113	113	99	103	99	105	93	111	107	99	111	113	107	117	107	103	103	115	137	103	99	111	113	103	99	113	103	115	119	99	93	113	101	103	113	107	99	101	115	103
-7.07254	4.27239	15	13	19	15	15	23	17	21	15	21	17	15	33	21	27	25	23	15	23	19	29	27	29	29	25	29	25	29	29	33	35	37	37	33	29	33	31	27	49	47	39	47	39	43	55	63	57	49	63	53	73	73	67	81	77	83	79	99	91	91	87	101	97	89	99	105	105	115	117	111	119	115	105	121	131	119	117	129	121	133	141	151	145	143	139	143	147	127	137	151	145	157	157	147	157	157	169	155	133	169	161	169	169	177	157	175	183	199	207	231	239	235	233	219	223	209	205	193	215	213	189	171	187	205	187	179	173	197	181	193	209	181	189	205	201	193	201	203	189	187	201	181	215	213	231	233	227	245	253	271	253	277	267	267	279	283	297	283	273	301	263	261	247	243	265	221	223	211	215	221	233	221	217	221	215	229	231	231	235	251	209	205	241	213	231	217	239	209	253	289	259	311	317	325	315	301	297	263	267	255	261	233	233	211	197	225	223	209	211	191	201	187	207	187	195	173	183	193	191	179	181	173	181	185	177	177	185	169	173	161	145	161	165	159	171	157	167	141	149	145	149	157	159	163	147	149	149	145	145	153	165	153	153	141	143	151	151	137	135	149	151	141	133	167	143	145	141	161	155	145	153	157	137	147	139	139	139	145	151	143	147	143	133	139	157	145	155	155	153	161	143	145	147	147	155	157	151	147	133	165	151	161	155	147	149	143	161	161	135	155	175	149	163	157	161	175	169	171	167	169	163	177	181	213	223	243	255	245	247	253	265	271	251	267	267	291	283	277	291	297	315	305	299	293	329	339	331	335	361	357	395	405	371	345	335	311	351	303	341	341	305	297	277	301	303	281	289	287	261	269	289	303	305	315	303	307	311	333	347	341	361	355	371	391	417	455	451	487	493	525	595	599	673	665	687	757	727	779	787	817	889	923	921	1033	1067	1243	1521	2055	3061	5157	8087	14449	22651	8867	3011	1673	1167	955	843	805	793	845	885	977	997	1003	963	1025	1019	1071	1123	1159	1251	1333	1377	1353	1113	763	579	519	411	409	389	381	377	359	355	361	309	305	343	307	301	281	303	257	263	293	267	265	269	279	275	281	249	251	265	251	255	233	273	245	279	239	245	235	233	233	241	233	227	231	235	241	215	197	197	175	191	159	161	167	159	161	159	153	163	155	149	171	173	161	143	175	165	161	135	167	151	139	171	151	151	143	145	151	149	151	161	149	149	151	131	155	143	149	133	163	141	135	139	159	145	133	153	143	155	153	163	163	159	157	153	153	159	175	163	157	155	171	153	161	163	163	159	173	163	173	193	163	169	153	173	153	191	195	161	181	187	183	167	189	183	175	189	181	203	183	203	171	203	213	191	195	197	223	205	199	215	209	209	217	199	219	219	217	217	207	217	233	237	221	225	197	251	221	229	255	241	233	235	223	245	217	231	213	241	235	225	229	221	223	203	225	213	235	265	259	267	269	243	225	229	205	229	219	203	185	209	199	189	203	223	211	215	213	227	231	233	235	243	251	263	267	291	325	365	401	343	291	293	277	259	253	247	221	237	225	221	211	209	215	223	213	193	205	233	203	235	223	207	239	237	211	211	229	223	241	223	233	237	263	275	273	281	301	295	301	315	303	317	319	315	319	333	343	343	311	271	227	215	201	171	177	183	173	179	157	159	145	169	157	157	149	175	157	143	137	139	149	165	139	157	159	145	137	145	149	161	143	139	139	149	151	153	145	145	155	129	141	125	139	143	133	147	161	143	147	147	125	129	139	159	133	135	141	147	145	153	139	139	163	139	151	149	159	153	159	141	157	139	151	151	161	157	157	163	155	155	147	167	163	169	165	151	163	159	145	161	153	143	149	149	155	157	173	143	161	157	173	157	167	167	163	171	143	167	147	157	171	167	159	149	151	161	149	167	163	159	153	165	155	149	165	161	163	185	167	153	169	175	163	175	171	177	171	171	163	175	159	177	163	153	183	179	181	175	161	169	175	179	171	175	185	211	177	185	165	171	197	187	167	185	193	179	173	191	211	197	193	199	207	203	215	217	205	223	209	225	241	243	255	229	231	239	225	227	243	269	227	263	249	261	257	261	247	237	251	253	245	215	253	207	209	221	213	211	223	217	217	231	235	215	215	225	215	225	225	209	209	211	207	209	213	213	217	205	221	215	217	219	225	209	201	189	189	201	185	197	193	183	185	183	183	191	185	175	195	197	175	177	171	161	175	165	165	171	157	171	177	159	173	181	175	151	161	147	173	161	167	175	177	159	141	165	147	161	155	147	151	135	151	151	121	143	145	149	141	143	137	127	133	137	129	135	131	131	131	127	139	137	143	147	125	143	123	151	141	139	139	149	139	139	135
-7.07254	6.36368	17	7	19	17	19	15	13	17	25	19	21	21	21	21	27	15	31	33	23	25	35	23	27	27	25	29	29	39	37	39	43	33	33	45	43	43	41	51	51	51	51	45	55	59	57	67	71	69	65	73	73	71	91	87	89	105	97	97	91	91	113	101	113	113	113	141	125	139	127	145	139	153	153	163	143	145	155	169	155	171	165	173	171	157	185	179	173	183	181	183	169	175	175	173	171	191	173	199	197	175	183	207	211	209	219	221	203	225	247	283	283	253	273	273	259	257	245	237	245	219	221	217	213	229	213	217	213	223	205	213	211	201	219	211	233	225	235	249	231	239	233	231	263	243	273	291	303	303	279	293	313	319	303	311	313	323	311	347	353	343	329	299	287	275	285	261	273	265	249	263	275	277	247	263	277	277	269	277	251	269	255	273	257	279	241	255	275	257	307	305	333	375	373	387	353	357	339	329	301	313	261	271	271	255	247	273	225	241	243	249	265	257	225	207	229	223	229	229	209	213	229	227	217	223	197	213	203	195	189	213	183	179	191	179	177	181	187	219	165	191	187	167	181	159	175	183	185	175	191	171	181	173	175	187	187	179	171	199	181	157	165	171	189	173	179	171	169	161	177	167	179	173	165	165	165	173	181	171	151	161	165	151	171	161	165	173	177	171	157	203	167	181	161	171	171	191	183	163	185	175	179	147	187	169	185	173	181	173	177	189	175	165	201	191	197	189	183	195	215	195	221	207	211	225	247	289	285	325	301	303	301	305	295	317	321	303	329	317	321	345	355	357	357	359	375	347	393	417	387	417	441	423	413	403	385	375	375	373	345	377	369	349	343	363	329	327	321	319	313	317	317	317	347	367	355	369	377	381	369	393	399	437	427	425	467	495	507	527	575	587	635	683	715	761	767	783	837	831	843	939	975	1045	1103	1157	1189	1319	1623	2129	3139	5349	9043	15121	24025	12351	3853	1969	1305	1071	939	893	905	915	943	1029	1117	1167	1119	1099	1117	1095	1201	1317	1395	1423	1653	1595	1435	1013	743	591	535	475	489	449	463	443	389	411	375	387	385	329	333	329	309	323	303	309	317	313	299	331	259	299	311	285	303	289	281	279	291	289	281	279	245	271	287	289	257	257	293	269	267	259	253	245	243	209	209	197	211	191	213	185	195	177	189	189	191	167	179	195	201	189	171	189	163	197	171	177	193	183	169	153	187	175	177	167	187	181	173	183	179	157	183	183	181	203	191	189	163	179	177	175	177	181	173	187	181	179	171	169	181	181	183	195	163	175	189	193	189	189	217	183	183	195	201	189	205	209	217	191	201	207	195	227	199	213	221	211	225	223	213	209	205	201	221	215	199	223	211	223	227	223	243	243	269	233	225	249	241	243	257	259	269	243	263	253	241	279	267	259	245	253	255	253	249	259	265	265	279	255	283	279	269	287	287	279	271	265	255	269	261	251	273	251	269	297	319	301	299	287	287	267	261	257	233	235	231	229	235	241	245	239	247	245	253	273	261	281	249	281	289	303	305	353	377	477	443	405	347	305	309	283	275	255	265	245	263	231	261	247	251	267	249	253	241	261	249	275	275	249	267	257	263	255	275	271	285	271	263	293	281	291	311	331	333	357	355	343	359	361	389	369	383	393	373	341	347	313	297	281	235	217	209	205	207	195	207	185	199	191	181	171	189	183	165	187	171	165	157	185	163	175	173	173	175	165	161	177	163	175	165	181	165	177	177	185	177	165	169	177	165	185	193	163	169	173	169	159	189	171	161	175	167	173	161	177	161	187	169	175	169	173	177	181	183	173	179	171	167	171	163	179	171	191	187	173	179	185	177	183	165	155	181	195	193	175	187	183	175	201	173	187	175	185	197	183	185	179	175	187	185	187	189	201	189	195	179	197	187	207	183	183	185	187	193	181	181	181	195	183	189	197	171	199	187	195	183	179	209	189	197	199	221	179	223	209	193	205	197	215	205	197	207	215	207	229	205	211	221	209	215	219	197	213	209	217	223	209	221	229	197	193	235	199	201	215	207	235	227	239	247	239	259	271	247	257	267	265	261	299	267	277	287	271	273	259	253	273	281	291	299	281	289	277	271	279	289	253	263	279	239	263	247	253	245	241	247	239	273	233	221	245	261	261	257	233	255	263	241	239	261	253	253	241	251	237	259	235	247	251	233	231	213	217	233	231	219	219	235	211	219	219	207	225	207	211	215	187	211	211	187	211	211	181	199	221	209	195	219	177	183	197	203	183	195	201	191	181	193	205	191	173	173	187	189	169	177	185	181	167	165	177	165	157	183	171	143	173	163	151	167	169	151	163	157	183	163	171	149	169	163	159	183	149	153	157	171	167	157	173	163	183
-7.07254	8.45497	11	15	17	31	21	17	17	25	27	25	17	21	27	23	25	25	25	29	29	35	21	31	29	29	33	35	29	31	43	35	35	37	37	33	55	53	43	41	53	49	55	57	71	57	63	75	81	77	91	73	89	85	103	97	115	109	115	105	125	135	125	137	143	131	149	149	151	191	171	161	145	163	185	183	197	207	195	185	181	189	181	195	189	191	201	207	205	189	203	217	219	197	209	211	203	229	233	229	195	221	199	239	229	249	269	267	259	273	307	351	359	351	389	383	391	383	365	349	311	305	325	323	299	277	269	293	291	287	297	283	245	271	255	289	291	283	303	287	289	323	321	297	351	353	387	405	407	421	407	429	421	433	437	469	463	459	485	463	483	467	447	425	411	371	353	375	359	339	351	335	347	353	351	357	361	361	371	375	343	355	341	351	327	333	329	325	361	359	373	415	493	533	593	579	573	567	517	469	467	451	395	405	361	371	345	353	351	297	317	297	313	313	323	297	295	291	275	277	289	277	277	293	257	271	243	265	267	253	259	235	211	221	237	213	229	235	213	217	217	207	223	207	209	217	215	215	227	199	201	221	215	191	195	217	201	191	191	209	199	193	189	201	191	205	193	191	203	191	193	173	191	189	201	191	195	177	201	179	183	197	195	213	187	197	197	195	191	193	181	187	193	193	193	201	201	209	193	193	199	199	185	201	217	191	213	209	207	209	225	209	221	235	221	243	233	259	229	221	217	243	239	235	249	279	305	359	405	423	427	439	413	427	443	423	447	439	417	431	459	459	441	479	453	489	501	515	515	519	509	565	605	605	597	601	569	535	579	515	551	561	539	521	505	517	489	473	475	493	513	519	515	509	505	565	575	571	621	599	587	643	641	675	695	743	757	801	891	965	967	1049	1073	1085	1157	1151	1209	1255	1255	1327	1331	1463	1539	1573	1641	1857	1953	2239	2747	3577	5093	7435	10763	17595	29771	26617	14235	7013	4251	3041	2365	2033	2089	2239	2415	2621	2693	2681	2739	2711	2801	2725	2609	2281	2141	2015	2051	1979	1677	1373	1023	829	743	697	681	599	595	595	579	533	537	513	505	465	441	431	451	419	419	425	383	401	399	383	423	413	409	383	371	403	383	369	407	391	339	385	359	371	373	393	363	397	349	365	383	363	377	317	327	289	265	249	247	229	225	219	237	221	235	233	221	225	235	225	215	211	217	223	225	195	231	229	211	223	245	193	233	215	195	235	215	213	255	243	261	295	345	485	691	1057	999	649	421	307	291	267	269	261	237	237	251	247	233	231	225	231	239	243	237	223	223	231	233	217	251	243	239	229	235	227	233	259	251	237	267	241	249	249	255	269	265	287	283	293	285	313	273	289	279	249	273	285	309	301	317	337	313	329	343	333	325	349	355	331	361	329	351	373	367	341	361	363	367	371	385	361	365	375	377	381	389	357	389	383	373	377	371	371	345	355	345	375	369	391	381	347	381	397	443	441	455	445	407	385	349	351	347	325	319	325	331	323	321	325	357	335	347	377	345	369	393	387	407	451	521	605	681	715	769	775	641	571	515	433	423	385	401	351	337	335	311	323	323	317	307	309	291	329	311	343	337	323	339	321	375	375	349	393	389	431	415	425	445	471	487	525	537	575	583	593	583	581	633	651	623	601	573	511	485	487	435	377	333	301	271	279	253	253	223	215	221	221	225	205	197	207	201	187	203	195	203	203	205	203	197	191	193	193	197	189	189	197	171	163	183	175	191	189	197	177	185	191	185	183	181	177	165	211	187	175	183	195	185	179	169	177	181	191	167	189	191	201	173	203	183	183	193	185	197	175	197	203	185	207	187	195	217	193	203	189	189	193	205	219	211	201	209	215	193	213	191	213	215	211	207	205	203	197	195	201	213	217	199	201	217	183	211	211	213	205	227	215	233	207	207	229	207	215	211	231	239	237	215	207	205	221	213	227	221	215	223	227	219	233	237	235	243	261	255	251	221	249	237	255	251	257	253	237	267	241	253	249	231	235	275	267	255	257	265	245	247	259	269	277	273	269	277	283	291	271	313	313	305	325	353	369	371	357	369	387	403	363	361	367	407	363	379	367	395	383	425	391	425	399	379	407	427	411	389	419	387	367	393	367	387	339	349	327	343	361	339	349	343	339	349	335	333	335	345	345	333	339	351	317	351	343	331	335	335	337	335	327	333	325	299	305	319	271	269	295	271	275	279	263	265	251	265	243	237	259	243	211	245	237	229	233	231	219	239	217	215	221	229	223	205	215	227	213	225	219	229	225	207	209	223	205	209	205	217	183	195	195	203	187	195	169	185	169	189	187	167	185	175	171	183	173	169	173	171	175	173	169	161	161	175	163	153	165	147	171	155	179	163	167	163	167
-7.07254	10.5463	13	19	29	23	25	25	27	25	21	17	23	21	15	21	23	23	35	27	21	31	31	23	35	35	27	45	31	47	37	37	43	39	45	45	37	51	53	57	61	49	67	61	59	73	71	73	77	87	91	91	113	107	113	115	123	119	119	133	161	143	145	157	175	159	155	157	181	173	199	173	175	205	185	191	197	221	191	209	201	215	221	209	223	221	245	227	247	243	229	237	223	231	251	253	251	217	247	241	249	251	265	265	291	269	297	295	327	335	359	383	447	435	461	469	457	477	453	441	409	369	393	365	385	393	313	345	361	333	363	361	337	345	331	355	349	353	359	353	371	357	363	383	409	455	455	505	511	499	565	573	565	565	557	569	557	587	587	565	635	631	603	527	499	455	439	435	427	395	379	427	387	413	407	415	425	465	463	443	427	437	409	409	417	391	413	397	453	473	489	533	631	675	745	763	787	761	677	643	559	535	507	477	479	457	441	441	411	395	363	383	375	363	367	379	365	321	355	319	329	341	335	309	309	315	291	291	297	281	301	283	279	275	257	251	227	265	243	247	231	259	253	247	243	233	249	259	245	241	259	209	227	219	227	213	229	225	213	221	231	223	227	217	217	227	235	243	229	227	201	199	225	227	231	201	215	213	207	219	213	215	213	207	177	211	235	215	219	207	219	217	205	227	221	203	219	217	225	207	229	225	225	241	227	233	235	251	243	231	253	239	243	265	255	261	261	253	263	241	273	275	275	281	297	305	373	419	505	543	539	533	553	571	545	561	573	515	515	539	551	547	533	545	553	601	553	601	665	651	665	731	761	781	779	733	751	681	653	689	705	661	657	663	671	667	635	643	635	637	647	695	677	669	667	695	709	697	763	771	783	795	793	899	937	1009	1073	1153	1193	1243	1331	1363	1385	1405	1443	1507	1591	1535	1677	1663	1765	1849	1903	2037	2167	2349	2501	2839	3317	4213	6145	8695	12845	21265	37873	40697	22123	10591	6283	4767	3375	2965	2965	3279	3615	3817	3859	4017	3979	4121	4039	3923	3613	3139	2689	2495	2499	2311	2063	1637	1325	1055	911	875	821	823	719	751	729	671	667	625	599	565	571	547	545	553	507	511	523	475	487	513	523	503	459	461	491	511	475	479	477	465	475	485	475	465	479	445	443	459	443	417	447	431	413	423	393	359	339	329	299	289	273	273	277	253	267	263	265	279	255	263	253	275	253	227	239	259	229	243	223	269	225	267	233	275	231	267	251	269	297	297	323	407	467	655	1125	1779	1657	963	615	433	387	357	349	319	299	319	317	291	273	285	269	269	261	285	271	269	259	255	247	283	287	265	303	291	263	279	275	263	271	277	287	297	305	301	317	325	313	309	317	339	319	357	329	323	353	351	349	341	385	351	365	373	425	397	429	413	431	437	427	413	401	427	445	447	431	457	413	435	477	469	469	451	461	471	467	473	467	479	481	483	467	447	463	431	457	433	457	441	423	455	455	431	473	529	539	589	593	551	535	463	437	443	427	405	433	405	389	417	379	389	419	421	409	417	477	455	491	519	537	593	661	793	899	937	1095	1023	869	733	657	575	515	481	477	443	391	427	377	369	385	397	387	387	379	395	395	395	399	413	415	427	437	467	467	463	485	547	515	603	619	637	673	709	703	753	773	801	835	841	839	795	829	761	695	673	597	571	519	457	413	397	353	325	293	285	269	279	277	237	243	243	233	233	241	211	207	223	217	207	205	199	237	205	219	207	213	203	211	219	211	205	217	209	207	191	183	191	195	193	185	195	193	195	199	193	209	197	189	189	209	195	199	191	207	185	203	185	195	199	211	187	195	207	187	213	195	177	195	231	201	207	199	195	227	227	213	231	203	205	229	223	233	231	227	245	217	231	197	217	217	223	227	223	225	227	215	241	217	227	213	239	213	229	213	231	267	237	241	247	223	251	249	243	259	267	245	263	265	237	231	241	259	243	237	245	285	253	255	273	261	251	275	259	303	283	267	257	263	289	303	303	279	305	281	283	291	287	277	277	291	275	259	277	303	299	305	303	307	289	305	295	321	331	319	335	343	331	353	345	359	425	401	413	419	451	457	483	471	459	501	485	491	505	489	499	489	511	523	497	539	535	537	557	527	531	541	515	501	507	453	455	425	429	445	427	451	413	423	439	411	421	393	439	439	409	423	429	423	433	405	435	421	417	429	451	417	441	447	435	439	373	361	361	331	347	339	317	333	303	323	297	293	291	289	307	279	291	273	279	265	279	255	263	275	259	255	261	273	257	255	247	253	259	257	261	251	261	259	253	237	261	263	245	235	235	233	223	209	213	211	197	205	193	209	189	189	179	187	187	183	175	189	167	171	173	203	193	171	179	173	193	169	163	197	177	179	177	185	163	169	169	179	173
-7.07254	12.6375	11	3	21	25	19	25	21	21	17	25	19	15	29	25	23	31	39	25	25	21	35	29	37	33	27	39	39	43	35	41	49	41	43	43	57	51	53	51	61	57	59	63	71	69	79	77	75	91	101	111	83	111	101	97	113	125	117	139	131	145	153	151	155	165	169	141	175	171	177	203	171	203	197	215	199	211	193	217	205	225	235	233	219	233	235	229	237	223	239	245	241	223	249	249	251	237	233	253	245	251	251	253	267	275	285	291	327	343	361	377	413	393	443	479	463	461	475	429	391	379	387	377	339	357	331	333	357	349	341	333	323	341	363	343	361	339	345	339	365	393	397	391	425	433	449	471	501	523	573	555	541	589	547	563	583	571	597	573	609	611	571	541	463	453	443	409	417	393	387	407	423	431	425	429	425	433	451	441	435	449	421	403	415	417	427	429	437	447	495	559	601	687	753	769	757	713	687	619	575	531	503	459	447	443	447	393	405	363	379	375	383	353	339	361	335	349	355	343	311	351	339	287	299	301	307	311	301	295	273	303	269	257	265	265	251	251	249	255	261	241	251	233	233	235	257	239	243	237	223	245	223	241	239	229	223	209	239	213	223	219	213	217	217	213	233	217	225	219	213	203	219	229	207	209	209	225	213	205	203	195	217	221	213	195	215	209	219	221	221	213	227	205	213	221	217	225	225	223	213	211	239	215	225	225	253	233	223	225	235	217	253	251	253	237	249	281	241	277	255	245	273	275	283	307	337	427	483	507	523	557	539	525	549	525	519	545	565	525	547	523	537	555	563	577	575	587	643	623	673	689	761	759	773	755	737	705	711	663	653	663	667	617	623	631	627	623	625	649	663	675	669	649	655	695	731	721	753	755	775	789	845	913	885	957	993	1085	1207	1283	1273	1331	1389	1425	1463	1439	1559	1573	1599	1637	1725	1851	1877	1933	2103	2269	2399	2743	3243	4261	6033	8689	12421	20497	36083	38785	21393	10251	6307	4497	3377	2851	2887	3135	3431	3765	3771	3935	3847	3933	4003	3787	3507	3099	2701	2481	2425	2249	2017	1645	1297	1043	905	849	795	753	731	721	697	673	643	639	579	559	567	535	515	499	511	501	477	489	483	453	453	457	479	477	449	473	487	457	487	455	447	449	455	449	473	447	457	457	449	455	429	461	419	415	367	353	331	287	279	279	261	241	267	259	243	265	247	231	281	255	257	243	239	247	255	249	265	249	259	257	251	231	277	227	245	243	273	275	291	303	327	359	461	687	1077	1697	1637	941	591	433	355	339	321	313	313	287	291	281	271	285	287	245	285	263	279	269	255	275	271	273	263	277	265	261	265	285	263	287	295	283	283	299	295	309	295	325	323	341	357	347	345	325	289	339	319	315	337	343	345	357	367	359	403	421	413	423	435	439	415	425	437	413	427	421	441	427	429	467	473	431	439	451	425	455	461	471	473	455	455	487	453	451	445	437	449	449	451	443	431	439	413	457	521	517	531	583	581	561	513	481	451	445	403	413	381	409	393	407	407	417	417	433	443	455	447	453	455	495	541	583	717	821	871	967	1021	1049	869	727	641	569	507	489	443	461	439	407	397	387	387	403	389	413	385	395	383	381	389	437	429	417	451	443	445	457	479	497	521	557	575	657	645	711	697	725	787	781	815	831	827	785	803	765	731	681	569	553	483	477	397	357	319	309	295	267	275	267	235	235	249	201	237	225	227	213	219	215	233	223	201	211	207	201	209	233	199	213	201	213	205	203	191	217	191	203	193	211	215	199	207	203	173	209	195	207	209	207	193	191	197	195	195	203	179	187	197	191	199	191	223	207	209	189	211	189	201	185	231	193	185	211	203	211	227	197	207	229	227	241	239	233	227	227	231	223	233	223	209	231	229	223	221	219	211	223	223	239	229	243	215	227	221	229	233	227	229	215	249	243	223	257	221	225	251	265	231	245	233	239	259	243	259	255	277	241	281	253	261	241	267	275	277	257	275	265	287	289	293	293	279	309	267	281	293	277	271	289	291	289	291	287	291	261	293	279	295	275	295	315	317	317	297	311	311	329	327	341	337	379	377	423	425	443	441	439	455	453	459	473	463	469	459	479	483	467	485	495	509	517	539	527	517	543	533	517	533	487	491	483	483	459	457	459	453	425	427	419	425	423	421	457	437	423	413	399	439	435	447	421	403	407	427	413	437	429	437	423	397	429	371	373	369	353	379	339	315	339	333	297	305	297	285	289	287	289	289	289	271	281	273	275	251	273	273	253	259	237	253	257	237	247	237	259	247	261	245	233	257	253	245	235	269	255	253	209	213	207	217	217	227	217	199	197	195	199	203	199	183	189	181	185	183	181	183	159	185	183	185	169	191	167	177	183	187	181	165	169	175	183	179	173	175	167
-7.07254	14.7288	11	15	19	15	13	15	17	15	21	17	19	21	27	15	23	25	25	23	29	19	19	21	31	25	29	31	29	33	37	31	27	31	39	29	35	39	39	41	43	41	41	49	49	57	59	47	61	63	61	69	61	81	79	101	83	79	77	97	91	101	103	107	115	109	115	113	135	115	119	137	139	145	117	143	147	147	139	153	157	147	153	157	151	147	159	173	171	171	159	165	169	155	179	201	169	185	161	159	171	181	179	195	195	189	203	189	233	251	253	237	255	265	301	315	309	317	291	315	255	261	235	247	247	227	219	245	247	265	231	225	237	257	243	241	233	229	241	249	229	249	275	257	271	311	313	311	323	351	357	373	387	361	357	387	381	417	375	385	419	397	367	369	315	305	317	307	281	295	277	307	277	301	273	293	297	329	297	299	291	277	265	265	271	261	255	271	291	305	319	347	403	433	507	475	495	453	465	457	361	385	355	319	305	293	307	285	293	269	255	285	247	247	275	255	243	237	233	253	237	225	225	243	221	221	227	207	207	207	205	209	183	187	193	197	175	185	191	173	177	159	177	163	181	173	175	181	183	167	165	179	161	161	169	159	163	155	173	171	165	147	159	163	159	165	155	171	165	167	169	165	155	169	161	129	151	161	147	147	167	163	165	157	157	155	165	171	169	151	153	155	151	169	177	157	169	159	173	179	171	171	163	171	161	169	169	171	183	171	185	187	173	181	175	201	185	177	179	193	215	195	207	209	227	257	281	327	307	359	339	351	365	363	351	349	373	329	361	341	347	385	355	383	357	363	391	407	429	465	441	475	483	495	499	487	477	465	475	453	447	461	435	451	423	447	417	429	431	421	459	475	447	441	443	487	489	481	503	529	523	549	563	643	615	657	727	727	765	813	873	885	915	935	961	965	1015	1027	1115	1145	1169	1247	1293	1387	1429	1575	1655	2103	2509	3385	4635	6579	9805	16597	24703	19925	10715	5633	3707	2851	2279	2041	2079	2217	2353	2469	2437	2513	2413	2457	2257	2269	2015	1855	1597	1487	1413	1239	1117	925	745	635	587	577	553	511	495	463	447	457	433	411	405	367	363	377	339	371	351	309	327	351	327	321	353	317	329	289	317	315	315	321	333	321	323	317	307	317	289	307	317	329	307	313	303	317	277	271	259	245	233	205	195	205	219	185	201	191	201	189	193	197	181	175	181	191	199	171	177	169	177	171	187	197	201	165	173	187	205	191	193	189	215	225	247	289	349	517	757	1089	973	567	401	299	263	263	233	215	219	209	205	223	193	217	205	203	191	187	205	197	217	201	181	217	197	211	195	193	195	223	209	195	211	215	207	215	207	219	207	225	225	219	223	231	235	235	237	217	247	237	243	269	243	243	251	261	295	291	297	275	303	291	265	297	313	299	327	303	325	293	325	287	313	299	319	317	337	317	321	329	319	343	311	319	315	325	305	293	289	327	313	307	305	319	317	365	357	349	369	399	369	359	321	351	313	305	289	275	293	253	291	287	265	291	289	293	311	305	315	299	325	355	383	437	473	521	625	641	643	609	557	453	383	377	333	321	327	287	287	307	277	265	257	279	253	293	251	281	277	269	297	297	287	287	303	307	319	337	327	367	379	395	389	439	469	473	497	519	501	539	529	555	533	547	527	481	443	431	391	369	313	281	265	257	225	205	215	203	203	179	189	171	169	187	181	175	169	187	175	159	163	163	173	163	175	159	161	159	161	151	157	139	167	169	157	155	163	149	139	161	161	155	155	155	139	153	169	155	139	153	147	159	153	159	159	161	131	149	147	137	149	143	143	159	169	147	167	149	153	143	161	157	141	153	163	179	163	177	163	169	175	177	179	167	187	159	157	173	175	173	167	173	171	167	167	173	177	187	167	177	163	173	171	169	179	175	169	169	181	187	187	185	189	179	161	181	191	207	197	197	191	195	169	183	179	175	187	185	191	183	203	205	193	209	205	193	201	185	217	209	211	209	203	205	209	209	201	207	201	211	189	217	231	231	219	201	213	215	197	237	229	211	211	223	231	213	215	213	245	237	241	245	249	273	279	301	301	321	347	305	321	321	305	337	335	337	341	331	323	349	355	359	355	389	381	367	367	369	355	331	323	339	311	327	277	283	297	293	317	267	279	277	281	263	259	297	289	269	281	289	289	285	285	285	287	299	277	315	283	303	309	307	291	273	243	253	227	233	225	213	233	235	203	199	219	219	195	215	217	201	195	203	195	199	189	211	179	163	209	153	181	167	191	191	177	189	197	195	181	187	195	185	189	177	185	183	155	173	163	163	155	143	167	151	147	137	151	139	129	125	143	135	149	125	151	123	133	133	129	141	137	133	145	149	135	151	145	141	141	127	137	125	139	135	129	139
-8.27	0.08981	17	13	17	15	17	19	17	29	15	21	19	15	27	29	27	19	31	27	23	27	29	37	31	23	37	33	33	41	33	35	31	31	39	45	45	55	37	47	59	51	49	55	57	55	63	69	67	79	71	77	83	73	87	81	105	93	91	97	111	113	119	107	117	121	129	125	123	129	155	131	133	139	135	145	129	155	163	143	153	169	179	147	185	167	179	185	171	177	175	177	179	185	167	177	183	173	193	179	175	181	181	179	181	163	193	191	185	205	219	199	237	211	209	217	201	201	205	205	197	207	181	189	191	189	187	173	169	187	203	207	181	197	197	207	187	199	201	205	203	193	197	193	193	209	221	225	221	237	235	231	237	241	249	241	243	225	237	251	215	231	253	239	243	237	225	201	203	237	217	223	199	183	211	213	215	197	209	217	227	229	201	221	209	205	189	221	233	199	235	233	247	263	253	257	267	261	247	243	235	229	211	219	215	219	203	211	211	207	225	211	219	197	195	179	203	179	199	191	213	189	201	191	183	209	179	193	193	189	163	183	195	175	185	189	169	173	183	167	169	165	177	169	187	167	175	175	185	159	163	177	179	175	191	159	185	183	167	157	159	175	169	179	191	167	165	167	161	159	173	171	175	189	185	179	173	171	173	179	153	179	167	181	169	179	177	161	183	183	167	159	173	181	161	169	153	167	173	189	171	185	191	177	185	195	169	175	189	195	187	177	181	183	195	169	185	179	175	167	181	181	185	189	193	173	217	219	233	263	225	261	219	237	269	229	239	255	243	241	257	263	243	269	271	281	265	265	267	277	277	289	297	305	293	285	277	293	247	253	261	255	235	263	263	251	251	255	235	231	229	239	247	235	249	251	267	255	263	265	263	285	273	297	285	287	289	325	331	343	373	365	387	411	437	447	479	473	479	523	521	567	563	543	593	601	651	739	827	1091	1539	2479	4209	7287	11179	5847	1931	993	747	603	515	511	509	497	537	551	607	639	597	611	601	593	653	675	715	761	789	807	653	507	403	347	313	317	301	301	305	293	267	285	275	257	245	247	269	255	247	243	241	243	241	237	229	235	219	233	233	241	219	251	213	231	215	205	231	251	221	221	221	203	217	191	213	239	199	211	207	211	213	187	201	209	189	177	179	191	189	185	173	181	201	185	165	179	193	187	169	173	189	193	163	169	179	191	191	169	179	169	171	157	175	159	165	185	177	179	169	171	191	171	185	187	191	189	181	201	163	171	185	175	193	191	167	175	165	187	155	187	165	181	169	203	189	189	183	209	195	183	177	201	193	181	189	175	181	203	157	195	189	213	201	199	195	191	185	183	183	185	203	195	199	195	211	213	195	217	189	203	213	211	209	199	217	205	209	227	211	225	189	217	215	207	221	213	233	221	193	213	219	225	217	219	215	223	215	219	237	215	227	233	223	209	213	223	209	217	219	213	231	229	211	233	231	219	229	223	227	235	189	219	191	225	215	189	217	203	237	213	223	207	227	215	219	213	213	223	245	265	255	321	301	275	231	237	231	209	241	197	213	209	207	203	211	203	213	223	229	229	215	221	199	195	223	211	223	197	219	219	211	221	219	245	239	229	233	233	255	233	261	245	243	273	275	261	257	279	265	281	253	253	261	231	227	209	197	207	181	183	199	173	203	187	193	187	191	191	195	159	177	167	183	191	183	189	197	177	167	179	175	181	175	181	175	181	159	165	203	179	175	189	187	191	187	191	191	179	183	167	175	173	173	175	195	177	175	163	191	177	175	163	187	201	171	189	171	187	191	187	169	189	175	165	185	183	177	181	191	181	189	201	183	175	189	177	195	207	169	177	189	189	191	183	175	213	185	173	193	193	167	195	205	181	183	175	171	167	177	187	195	189	193	175	175	183	183	195	193	179	191	191	181	185	193	183	183	195	177	195	197	199	177	173	191	201	205	187	181	179	187	205	197	175	183	209	181	201	189	225	197	183	203	195	187	189	189	209	197	187	181	193	205	201	185	195	193	203	207	209	195	209	199	187	211	219	205	193	213	221	223	229	239	233	231	233	227	219	233	231	221	245	241	249	255	229	229	239	227	247	213	237	211	227	217	231	213	207	217	203	217	209	203	207	215	205	223	231	211	213	207	221	227	225	215	205	221	211	225	227	237	225	221	227	205	201	215	197	199	209	231	217	211	189	205	189	185	203	223	187	197	215	187	197	193	193	219	175	197	205	181	191	193	187	189	193	185	185	185	211	179	193	169	185	185	187	167	205	181	193	185	177	187	169	189	185	195	183	199	189	173	187	183	185	171	191	187	193	183	177	181	183	187	185	183	171	177	183	173	165	183	179	177	181	169	193	175	173
-8.27	2.1811	11	17	17	17	21	23	13	23	19	25	29	13	19	21	31	19	35	29	23	25	37	29	27	27	37	27	35	35	35	41	29	43	45	39	47	35	41	39	47	55	51	59	55	67	59	65	51	67	73	77	79	89	83	87	87	99	111	109	101	119	103	119	111	129	131	119	139	125	131	151	145	145	137	141	121	159	137	145	141	159	151	137	159	165	157	151	163	163	177	167	175	171	171	177	189	165	169	181	179	155	185	173	181	181	175	177	187	199	189	217	213	197	213	215	203	191	205	201	193	189	189	193	185	173	175	199	173	191	167	167	189	193	187	187	191	203	213	191	209	179	205	211	213	217	219	209	221	221	221	227	239	233	239	255	233	247	271	229	253	245	255	239	219	239	229	201	219	201	191	199	213	231	203	201	213	211	183	223	193	199	207	231	199	225	195	207	221	183	223	229	253	259	261	267	277	265	243	249	215	215	235	229	213	209	195	199	203	213	201	205	197	195	187	201	187	185	183	185	187	187	177	175	183	197	181	175	185	173	175	175	187	175	175	161	175	177	169	183	173	163	175	157	163	179	175	175	185	161	167	183	161	169	169	173	165	167	167	163	167	181	163	167	161	169	175	151	161	161	157	165	157	161	173	163	167	169	151	163	169	179	175	159	179	157	171	163	157	167	147	171	155	161	175	165	151	149	169	163	157	181	165	179	181	155	183	163	173	167	195	167	183	185	171	177	193	177	163	173	197	171	187	185	183	187	183	185	215	213	233	217	219	231	225	221	233	241	219	231	231	237	247	243	251	273	265	241	247	269	253	281	281	297	289	297	269	263	249	249	257	241	255	257	245	243	231	261	239	237	217	213	229	257	249	253	257	263	263	251	261	249	277	277	305	283	285	291	317	337	347	345	385	369	401	405	445	461	475	473	491	497	527	561	589	631	673	751	835	1059	1493	2471	4361	6805	9635	6407	2583	1155	763	565	489	501	457	473	487	527	575	597	567	589	563	585	625	617	685	751	801	797	803	691	479	369	329	331	305	303	291	277	289	277	287	277	271	261	237	239	239	239	237	221	253	231	241	253	227	231	207	225	237	195	217	213	217	213	201	211	221	225	211	209	227	207	201	217	217	219	225	209	191	213	181	173	199	171	185	185	181	169	163	173	191	167	169	163	173	187	183	185	191	189	161	169	193	175	173	171	183	157	167	173	171	179	195	151	183	181	175	179	165	161	171	171	157	153	169	159	169	171	159	165	173	155	169	175	163	163	175	179	187	163	157	181	185	171	183	187	179	185	175	179	177	181	187	187	183	193	185	167	207	181	183	191	189	199	191	199	205	193	187	179	195	201	175	197	197	197	209	201	191	199	199	193	217	227	197	191	215	199	209	217	199	201	213	207	221	219	195	211	219	219	191	211	211	201	203	211	229	219	207	219	219	217	205	205	223	209	197	189	205	223	223	221	253	233	225	215	217	207	207	201	193	187	189	203	213	219	219	207	201	219	207	195	217	209	233	209	217	241	237	271	287	301	269	253	247	239	195	207	215	227	225	207	227	195	211	211	201	209	185	205	199	201	205	209	215	207	205	219	211	205	201	233	215	235	231	221	225	255	247	253	247	225	257	257	263	281	273	263	265	265	259	249	237	201	207	201	201	189	177	181	171	189	191	187	163	183	191	177	171	189	167	197	181	177	167	179	167	183	169	167	175	173	191	173	177	169	175	167	193	161	161	157	155	171	157	183	177	175	165	173	189	179	165	185	181	165	167	191	171	177	173	181	171	175	161	181	177	183	165	173	177	211	177	181	191	167	161	175	167	183	175	181	167	177	185	177	203	169	185	173	159	179	179	189	175	203	179	185	181	173	171	179	161	187	183	169	175	193	175	175	171	171	179	197	169	179	185	199	183	181	173	161	167	177	171	179	177	169	177	183	177	169	183	189	183	169	191	197	179	157	183	187	181	181	187	191	203	183	193	191	187	177	173	201	179	183	185	203	203	195	177	181	199	195	197	193	203	185	203	185	179	203	205	203	195	181	207	209	193	221	203	217	221	225	221	225	219	231	239	213	229	207	237	237	219	227	231	225	221	243	215	215	217	201	199	205	223	213	211	205	219	199	249	205	213	209	207	217	199	205	213	225	211	219	187	225	177	205	225	215	217	203	235	223	205	209	219	195	199	191	197	195	205	207	205	199	203	205	185	199	203	181	197	203	197	205	197	189	197	155	181	179	181	187	183	199	207	189	205	183	175	193	189	195	181	177	181	203	181	163	181	199	157	171	173	173	181	179	177	191	173	193	173	183	163	163	165	159	183	181	167	167	161	197	189	179	193	163	187	181	177	165	187	165	159	173
-8.27	4.27239	17	11	13	21	23	19	15	13	15	23	19	23	25	19	19	27	17	23	25	23	25	19	21	33	27	37	27	33	35	31	41	43	47	43	37	35	37	45	53	45	51	49	57	61	55	77	65	75	69	79	77	77	83	91	87	91	99	111	103	99	105	117	123	115	121	125	127	137	149	141	133	133	155	149	141	149	131	141	167	165	153	133	163	159	153	151	177	173	169	159	167	179	161	171	181	185	167	199	179	181	163	183	171	177	195	189	199	179	211	209	209	193	205	201	199	211	205	205	189	211	187	187	197	187	189	179	189	175	173	187	191	181	183	199	189	173	203	195	199	185	197	183	189	191	229	231	211	233	221	241	241	221	231	245	247	237	235	225	259	231	227	243	213	223	223	211	231	207	209	193	197	213	215	195	217	219	203	207	219	197	205	193	203	193	197	205	211	199	207	219	273	249	257	273	241	261	237	235	231	217	197	185	207	195	205	193	189	187	195	199	191	185	193	193	187	191	195	171	195	187	177	171	183	175	189	189	179	197	165	179	173	153	185	181	171	179	189	181	191	169	171	173	169	177	169	189	177	179	173	181	167	177	161	173	171	165	167	173	177	185	187	169	161	169	157	149	171	173	153	189	171	149	193	181	175	163	185	169	175	167	155	161	167	151	169	165	147	155	159	171	161	175	169	183	173	183	163	161	151	195	181	161	149	173	159	175	181	163	189	187	169	177	185	167	195	191	187	179	181	179	169	185	177	205	199	227	213	217	227	235	225	203	213	229	227	229	249	251	235	239	245	245	251	245	265	273	247	267	257	283	291	297	281	277	271	257	259	259	239	251	251	251	233	265	247	245	219	219	225	235	223	241	227	239	239	241	271	253	251	277	259	275	283	301	311	299	313	329	341	357	395	411	399	439	431	453	491	471	505	507	519	521	563	589	627	641	773	993	1397	2345	4035	7215	11487	5403	1793	877	707	549	497	515	495	485	527	589	579	607	583	573	595	603	649	695	749	767	805	801	677	509	397	339	313	291	287	291	285	257	273	265	239	227	253	255	271	241	249	223	243	225	239	205	239	233	219	209	225	233	225	219	215	227	217	221	223	215	215	209	215	223	195	181	217	209	193	197	199	201	191	197	193	181	169	187	177	185	193	177	179	175	157	157	155	173	181	173	175	175	169	173	197	167	173	193	167	177	153	169	173	169	165	187	177	185	161	153	161	177	175	167	167	175	169	173	183	175	165	165	157	175	167	179	169	179	177	169	169	181	173	175	187	181	171	165	173	171	163	177	199	175	199	191	195	183	169	183	191	193	189	185	179	199	195	193	185	171	175	195	189	181	205	189	187	195	197	211	191	205	185	203	207	217	205	207	207	205	205	201	201	215	195	209	219	219	209	211	191	189	209	205	211	213	225	199	217	205	199	209	197	213	189	203	209	189	237	219	211	215	223	233	215	233	223	205	211	229	203	177	203	195	205	193	181	193	195	207	215	207	211	195	197	207	207	235	229	215	255	257	267	289	281	259	239	213	215	205	207	203	225	203	219	201	199	217	201	207	207	193	211	207	211	209	211	191	233	201	207	219	227	217	201	219	209	217	221	251	245	237	253	251	247	249	259	237	263	247	251	269	243	245	239	233	205	179	195	179	189	183	185	181	193	169	175	171	185	177	155	163	171	161	169	181	169	173	165	177	181	165	183	171	173	179	173	165	173	181	183	185	177	177	167	169	167	171	191	167	177	161	179	165	181	183	161	181	173	161	169	167	187	177	191	181	161	173	173	163	157	193	165	159	191	171	175	183	177	181	167	165	175	175	175	185	179	209	197	165	175	179	187	175	189	159	165	181	173	169	175	185	169	189	197	177	163	173	167	173	167	171	167	167	177	177	193	175	183	175	173	177	175	175	183	167	177	191	167	201	173	195	169	189	197	175	193	161	185	179	185	171	171	185	195	173	173	177	185	183	185	185	183	173	197	193	175	191	187	199	199	205	173	199	197	187	187	193	189	199	183	193	179	191	203	193	205	215	191	203	221	195	205	201	229	217	207	217	197	221	211	219	211	215	219	225	245	231	225	223	227	223	225	217	209	223	217	219	207	211	195	207	213	207	209	207	207	191	191	209	231	191	211	213	209	191	223	197	211	201	205	217	215	207	195	213	201	217	207	209	201	213	217	207	193	193	197	213	211	201	197	205	189	197	195	189	185	181	183	197	201	197	183	187	171	163	171	201	189	175	175	193	175	203	171	185	177	193	187	193	193	189	169	181	177	183	177	185	161	155	179	161	175	167	151	161	171	163	169	169	175	179	159	169	179	169	173	181	177	175	165	179	171	161	167	163	169	171	167	179
-8.27	6.36368	13	9	23	19	23	21	15	25	15	13	23	15	25	23	23	27	33	21	31	35	29	27	35	23	37	29	35	37	27	33	37	31	37	39	41	31	43	51	55	51	41	51	57	59	69	71	67	75	65	93	77	81	89	95	97	95	101	91	101	109	109	113	119	115	121	117	129	141	123	151	137	145	135	143	149	143	141	153	165	159	143	151	155	157	165	165	153	161	161	165	149	163	173	175	177	169	171	177	177	177	163	183	181	169	197	171	191	169	219	221	227	199	203	223	191	205	197	199	197	183	167	191	187	195	187	189	177	193	171	195	187	179	173	183	187	217	191	179	209	191	207	205	201	217	197	215	199	231	217	219	217	225	223	245	219	227	213	253	245	255	253	223	219	211	205	205	209	201	201	195	179	211	195	207	223	203	195	211	207	201	207	181	223	197	199	203	217	215	205	219	229	229	235	273	241	255	249	241	235	237	199	185	181	207	203	191	183	197	233	207	201	179	189	187	203	195	151	197	187	189	181	175	169	187	175	151	175	167	169	175	175	183	181	157	165	175	181	169	165	183	171	149	169	167	181	171	173	183	163	163	155	151	163	155	187	177	179	181	157	163	145	163	161	163	163	165	163	177	179	181	169	155	175	165	153	151	157	165	169	149	171	165	169	179	137	171	145	167	167	159	163	165	161	145	155	169	161	165	169	177	161	161	173	159	169	177	169	177	157	195	155	189	171	165	173	187	183	171	161	169	161	185	175	193	191	205	227	229	213	225	197	207	227	225	229	233	251	235	245	229	241	243	231	241	245	269	239	241	269	257	297	285	279	291	253	259	257	253	247	253	241	231	247	215	229	225	241	243	233	231	249	219	259	233	247	271	243	249	251	263	261	255	283	263	295	309	307	317	345	357	373	383	409	429	423	459	483	443	489	497	523	565	543	583	619	677	757	983	1459	2411	4079	6947	10793	5671	1743	923	645	541	507	485	487	493	497	561	575	587	587	547	575	601	613	681	731	725	845	849	691	505	411	345	333	293	267	265	275	281	279	259	253	277	245	243	221	207	253	247	227	233	215	233	219	211	217	217	251	205	233	225	227	225	225	217	207	207	207	209	191	219	207	203	201	225	199	205	201	239	201	203	181	173	171	181	181	161	191	175	193	175	177	173	177	171	155	183	171	177	171	185	153	205	163	155	143	177	177	167	167	175	157	167	171	165	183	153	169	165	173	163	151	177	175	159	163	163	183	177	183	167	167	171	163	167	157	167	173	173	153	171	169	163	165	157	179	181	167	171	171	189	171	159	183	185	187	173	167	195	167	195	181	173	193	203	181	197	171	179	201	179	185	201	195	193	189	201	199	195	179	209	213	205	199	205	197	191	199	219	201	197	195	209	203	203	217	203	201	207	211	215	213	211	203	211	213	211	209	213	213	197	203	211	207	209	201	195	207	223	223	227	229	209	225	211	193	213	203	189	225	191	193	201	191	195	181	203	205	209	189	181	207	209	209	219	207	227	223	253	269	313	313	253	237	211	205	209	197	195	205	213	221	225	199	201	195	189	193	211	209	209	203	197	205	215	205	201	209	215	201	197	225	211	207	201	229	231	223	209	229	233	259	237	251	231	271	251	273	257	257	263	239	231	199	209	173	171	201	175	179	173	191	199	157	169	163	169	173	173	159	165	149	171	161	175	161	157	165	187	167	165	155	159	177	165	173	189	167	157	185	159	179	159	171	171	175	175	173	159	181	185	159	157	175	171	181	171	165	141	167	155	181	163	175	187	165	173	161	161	165	179	175	167	161	165	169	167	167	195	169	179	175	175	181	179	181	177	189	161	185	179	199	177	169	155	175	171	167	171	197	181	167	167	165	175	161	173	185	155	177	165	157	195	159	173	177	157	167	181	163	177	167	169	157	167	177	181	177	183	167	165	161	165	169	171	177	177	181	187	191	187	171	181	197	193	179	169	171	175	169	183	181	175	189	171	191	195	187	209	205	179	203	181	195	185	187	183	167	175	175	201	191	183	187	193	191	203	201	189	197	207	209	223	197	203	183	223	213	219	209	211	229	223	203	217	225	219	229	205	215	223	215	241	205	195	213	215	217	209	201	193	195	201	195	187	219	207	197	209	197	197	205	191	191	207	207	207	209	199	207	217	205	205	201	195	203	181	193	195	185	197	201	193	205	187	193	181	179	177	193	185	175	203	183	185	187	187	185	175	175	179	169	181	179	181	175	189	197	179	181	169	173	179	173	173	191	183	175	189	165	157	171	179	159	163	181	165	173	173	169	145	185	171	179	167	157	155	157	187	165	153	157	153	157	179	171	155	155	183	165	165	169	173	175	175	167	155
-8.27	8.45497	15	7	21	19	19	27	13	11	21	23	23	21	23	23	29	23	15	21	33	29	29	33	31	39	29	31	35	29	33	35	39	39	35	45	35	43	47	43	49	51	65	41	57	59	77	69	73	73	75	91	65	91	93	95	99	91	105	105	113	99	111	111	113	113	133	137	123	143	125	131	133	141	149	147	141	159	155	163	137	163	155	157	155	145	153	161	185	159	161	187	175	159	197	175	179	175	171	197	189	155	163	179	197	169	183	179	211	201	225	219	209	219	227	221	209	187	185	205	193	207	201	203	163	187	219	177	193	181	181	217	185	205	191	199	203	199	201	205	203	207	203	211	195	203	213	227	221	249	215	237	225	249	231	231	243	239	239	249	235	249	241	231	243	237	231	211	221	207	207	209	209	239	227	209	199	215	197	219	231	213	207	223	205	215	223	221	217	203	227	223	251	267	259	297	265	245	247	233	237	225	217	213	205	229	233	231	223	203	193	183	189	201	203	189	189	191	199	189	215	189	203	189	189	197	195	187	197	175	177	173	181	179	171	179	189	181	169	167	163	185	163	175	177	171	181	183	157	187	165	165	161	183	165	175	179	171	167	181	171	157	173	159	161	169	171	165	177	169	163	165	169	183	175	167	153	163	169	175	167	183	173	161	175	175	169	177	169	161	167	181	161	183	179	161	169	175	169	175	167	165	153	177	183	169	161	161	153	173	195	171	189	195	197	175	193	155	173	191	203	195	179	183	207	199	219	227	213	225	241	225	239	219	227	229	229	241	255	259	249	243	263	255	251	261	259	265	293	261	303	311	293	303	283	281	267	273	257	253	263	259	271	237	259	253	241	251	251	233	231	211	245	245	257	247	251	271	271	277	291	265	279	269	313	293	333	319	345	325	351	351	373	397	421	447	457	447	505	505	529	485	543	591	625	623	693	737	881	1105	1661	2647	4413	7615	10905	5933	2067	1003	747	601	541	491	505	513	549	557	643	619	603	591	625	653	707	693	767	799	841	837	729	555	429	347	351	325	303	303	273	295	285	281	275	259	259	259	275	227	243	255	241	235	237	225	211	253	243	223	243	215	237	217	217	209	221	227	247	207	229	221	203	231	227	215	211	219	209	221	203	231	211	205	173	181	181	185	193	183	193	175	181	183	189	163	165	185	199	183	175	179	173	183	179	167	161	171	185	167	167	171	181	173	177	175	189	183	187	155	161	175	173	179	177	151	185	179	181	171	175	173	175	175	185	171	179	177	191	179	175	185	185	159	191	193	187	171	175	185	187	189	177	187	183	169	183	199	185	187	179	195	195	185	183	205	197	205	187	201	201	173	173	183	179	189	195	191	187	197	211	209	225	233	217	203	215	207	207	203	193	213	213	211	223	217	213	211	213	213	221	197	221	205	229	225	231	227	231	229	225	213	231	215	215	223	215	193	229	215	209	215	233	227	235	239	251	245	227	225	229	205	203	203	197	193	199	201	233	223	225	217	195	227	207	215	205	217	223	231	247	249	279	303	301	293	255	231	225	207	229	211	211	213	223	211	227	229	201	197	207	207	215	203	201	199	251	201	221	201	187	223	197	223	221	223	227	237	225	253	235	243	253	251	261	257	279	245	269	273	269	277	269	271	243	243	211	209	211	211	181	183	179	207	193	181	195	183	175	165	173	189	167	173	185	185	165	177	183	171	189	171	183	173	185	171	175	181	179	171	179	169	193	165	187	175	171	169	173	185	173	187	157	167	183	167	189	173	175	179	177	191	183	177	163	181	187	181	183	179	179	171	197	175	169	183	183	167	167	187	177	189	171	169	179	189	173	183	209	187	177	179	171	199	187	185	187	183	179	181	199	191	175	181	189	195	195	203	173	181	163	187	193	177	179	193	165	189	185	187	181	177	179	199	179	183	179	175	181	183	185	161	175	187	179	173	185	199	193	179	173	203	185	185	189	175	183	181	205	177	189	185	193	209	177	183	179	187	217	183	213	187	205	203	183	187	183	209	189	205	203	203	187	199	199	203	197	191	209	231	225	223	219	217	225	213	229	225	211	215	211	203	209	229	225	251	237	233	233	233	231	235	219	217	217	235	215	203	201	207	219	227	205	223	229	217	209	219	211	193	225	217	217	231	199	219	203	211	193	203	213	213	219	207	211	205	197	215	189	203	197	209	205	199	207	219	199	191	209	209	199	189	215	199	201	197	199	203	195	183	189	179	177	181	167	191	191	193	183	181	193	209	181	189	185	183	209	181	183	185	181	181	191	169	191	171	187	201	187	171	175	173	173	175	181	173	155	177	177	185	171	187	177	175	173	167	155	179	161	165	177	169	179	177	207	175	185	167	173	179
-8.27	10.5463	9	3	27	17	25	19	23	25	21	23	29	19	27	23	31	27	31	27	31	29	25	37	27	43	29	37	25	41	47	33	45	47	51	39	41	43	49	65	45	53	53	75	61	61	59	83	75	83	91	75	91	101	95	103	107	125	117	135	123	143	131	143	135	141	145	145	149	149	151	171	169	159	173	187	169	183	207	175	185	211	195	183	185	187	201	213	215	185	219	219	199	187	207	215	195	227	209	225	225	227	217	229	227	233	233	261	257	295	305	299	307	315	305	357	361	377	339	327	311	313	293	313	291	285	271	275	259	265	285	263	275	251	273	269	291	289	285	283	283	293	293	307	329	337	353	347	369	359	391	401	417	421	397	409	419	449	421	455	443	407	425	399	341	361	323	319	321	325	303	341	331	345	335	339	339	345	333	345	319	311	329	333	319	313	325	321	333	341	357	371	415	457	507	535	517	469	469	463	429	381	381	353	341	345	329	319	299	305	299	315	275	279	285	291	279	287	277	273	285	279	271	251	263	255	255	245	257	235	257	205	239	231	235	229	225	217	215	201	217	231	217	213	215	205	205	215	213	203	189	207	191	207	211	209	193	209	205	199	213	185	187	225	205	209	195	221	209	199	201	201	205	183	207	205	187	187	199	193	205	209	215	197	201	199	197	203	201	201	195	213	203	195	215	187	205	187	199	201	187	185	205	209	197	201	189	231	235	217	203	223	215	213	215	209	215	233	225	219	231	247	245	241	235	239	273	323	361	367	403	381	393	385	387	413	405	423	387	413	395	417	387	379	405	403	413	441	447	467	491	503	515	539	541	549	491	491	467	479	481	497	471	457	467	471	455	435	479	423	485	459	497	467	461	471	473	501	491	507	555	521	579	565	597	659	699	755	779	783	849	885	913	929	989	979	995	1027	1049	1111	1135	1173	1195	1305	1287	1399	1529	1701	1991	2489	3547	5161	7507	12209	21839	25333	14617	6761	3935	2841	1999	1747	1733	1857	2141	2371	2351	2415	2425	2479	2565	2479	2353	2025	1749	1613	1515	1489	1357	1157	907	699	611	575	561	511	479	515	477	477	487	431	427	409	423	387	387	381	367	407	379	347	369	365	351	337	337	353	365	359	347	345	357	377	349	337	361	311	339	347	317	341	353	337	353	329	337	333	319	273	269	253	229	231	245	229	251	225	223	233	221	223	241	239	223	217	215	227	237	219	205	215	219	237	217	225	221	209	231	213	229	221	241	263	273	297	329	447	629	1055	1091	677	463	333	291	281	281	261	243	253	251	245	229	209	241	217	225	237	255	233	233	237	247	211	223	233	237	237	233	229	243	265	257	241	265	233	233	231	263	247	277	267	259	259	275	277	277	285	243	255	289	279	293	293	289	293	323	317	313	317	345	335	325	323	325	323	349	317	323	317	337	351	333	367	331	347	357	351	323	353	347	345	343	375	347	349	335	333	339	341	327	339	329	345	325	333	369	351	403	407	413	401	371	389	345	319	321	321	313	329	311	319	299	289	295	303	323	319	337	347	357	343	379	401	453	529	609	647	659	691	635	523	437	427	389	365	361	333	325	319	307	299	305	301	309	289	281	303	295	311	309	325	311	317	317	323	363	321	369	379	417	373	413	455	475	485	481	505	509	523	547	563	573	589	539	527	513	469	451	443	397	371	313	299	273	245	267	235	233	225	217	231	205	223	191	227	205	223	235	201	197	195	207	219	201	215	185	189	195	173	209	197	177	213	171	183	205	209	189	195	201	199	197	197	197	189	185	197	199	191	191	193	191	195	175	185	195	193	209	181	193	181	199	193	177	201	199	183	213	193	201	195	191	209	203	203	213	193	223	227	183	219	213	217	199	211	211	195	207	213	203	199	223	219	219	197	213	221	197	217	207	191	213	209	179	217	209	231	215	209	225	227	199	235	207	227	207	221	231	217	215	225	209	221	217	215	225	215	221	219	243	241	235	267	215	237	227	227	235	229	227	253	253	241	249	235	247	237	251	231	245	243	235	247	249	255	259	235	251	227	251	263	247	259	263	255	249	255	249	279	263	289	287	303	333	331	321	341	341	331	343	365	381	339	367	367	337	369	361	377	359	355	361	379	373	371	377	377	393	365	369	359	337	369	331	335	319	327	347	351	315	301	331	323	339	303	303	335	345	299	331	283	317	309	331	327	327	325	317	317	327	335	295	299	279	293	283	249	285	283	281	239	253	221	271	273	255	255	239	273	223	227	239	233	229	235	223	245	227	227	229	233	225	223	231	217	233	239	211	229	223	225	235	225	205	227	201	225	201	205	207	187	211	197	193	189	181	189	203	181	179	181	191	197	201	205	167	195	171	203	149	187	193	171	167	183	175	181	191	181	201	189	171	195	167	179
-8.27	12.6375	13	19	19	23	23	17	23	23	25	25	21	25	27	27	31	31	35	31	25	31	39	23	27	33	31	31	45	39	31	47	39	49	43	41	57	41	49	39	55	55	63	63	65	55	75	75	71	69	85	93	101	107	91	107	115	115	113	113	127	123	127	143	139	135	155	151	147	165	163	167	159	169	169	189	179	185	193	179	179	207	187	191	199	201	203	209	187	209	211	227	219	193	219	203	199	211	227	223	225	227	227	223	233	223	251	239	273	287	281	309	301	309	361	355	341	375	339	317	307	307	305	309	275	285	275	281	301	255	277	265	259	271	269	295	281	305	285	261	315	285	317	299	337	327	381	381	377	383	401	387	403	427	391	437	431	421	419	409	475	461	427	383	389	355	355	329	327	317	293	325	311	305	323	325	321	333	331	323	339	315	337	299	305	309	305	337	347	337	343	391	449	491	529	541	535	507	471	469	425	387	377	349	339	341	335	349	301	289	297	293	307	275	293	283	283	255	273	255	261	269	251	241	277	255	249	263	245	241	271	243	255	241	209	217	215	239	217	223	211	219	211	221	207	215	223	229	201	201	197	191	201	197	203	215	211	201	191	199	223	195	197	201	205	203	197	203	221	207	197	187	217	203	199	203	193	181	199	201	199	189	227	205	195	181	209	209	203	189	197	201	199	197	205	221	191	221	205	207	193	201	189	215	209	209	201	205	215	233	223	217	231	227	227	225	229	217	221	231	223	245	233	241	243	241	261	323	373	391	363	383	389	399	399	389	405	381	439	389	391	391	403	395	421	423	401	421	423	465	467	531	491	543	557	537	531	503	495	487	495	461	457	447	463	447	477	449	445	449	495	471	477	475	489	479	477	493	567	523	541	585	583	603	623	653	671	743	801	799	871	885	893	943	949	977	985	1037	1065	1075	1127	1177	1221	1301	1303	1425	1557	1671	2029	2489	3585	5253	7531	12139	22017	25287	14825	6911	4077	2869	2193	1785	1705	1891	2019	2295	2313	2445	2487	2459	2521	2529	2407	2037	1761	1629	1575	1489	1409	1173	911	743	643	575	543	559	485	531	505	467	479	443	445	401	399	379	353	383	367	331	351	351	369	365	361	345	367	375	351	349	361	349	377	355	345	345	347	367	327	365	341	347	349	361	367	361	339	323	333	279	277	271	267	235	261	249	225	235	215	227	209	231	221	221	225	237	209	197	239	227	211	247	233	219	221	207	229	215	223	233	243	235	227	233	243	275	327	425	635	1031	1131	761	475	341	301	283	261	261	249	249	235	243	247	235	249	235	223	221	229	215	219	235	225	219	235	231	239	221	209	237	233	237	243	231	237	229	237	249	257	259	255	245	263	265	289	269	275	261	265	263	277	265	289	285	317	321	303	341	337	343	315	327	341	309	311	323	329	317	359	339	325	351	319	347	329	335	345	347	361	349	333	347	337	357	347	361	347	343	341	343	335	349	327	329	365	341	369	329	401	399	399	413	381	359	375	309	315	319	331	309	325	311	311	309	319	293	315	343	329	345	331	343	369	377	437	529	601	645	661	737	631	543	437	447	393	357	329	323	309	305	287	319	325	307	273	285	307	319	317	309	311	323	317	317	335	347	347	349	349	363	369	395	417	421	439	459	497	479	507	537	541	557	553	565	559	529	529	479	453	441	393	343	333	309	269	265	251	257	237	221	221	227	225	205	203	195	199	193	199	207	183	175	205	183	191	201	205	203	195	203	201	201	185	189	201	197	183	193	191	185	177	207	185	189	195	191	195	207	167	197	195	191	193	181	193	201	171	195	197	193	213	201	189	221	205	185	181	209	189	187	207	197	183	193	189	185	209	191	201	207	195	201	213	205	227	203	205	201	201	207	205	233	205	195	203	205	203	207	197	207	197	201	207	213	219	223	203	207	193	217	217	209	223	225	217	225	221	213	211	229	231	245	217	213	197	229	209	215	237	227	223	215	227	221	239	227	215	241	233	237	245	245	251	247	231	253	253	229	249	259	257	245	257	255	243	239	239	243	247	227	263	253	227	273	269	257	249	279	269	271	273	273	311	287	333	311	329	341	359	339	335	341	327	383	359	363	341	341	379	373	367	353	373	355	385	385	395	391	353	377	345	349	353	347	351	325	335	311	329	315	323	343	331	327	327	303	327	329	323	333	323	301	343	333	327	319	351	307	303	345	341	343	319	309	293	271	297	279	275	269	261	283	261	257	251	269	251	259	245	229	243	243	233	217	231	247	259	223	227	209	223	217	217	229	241	213	229	225	225	229	239	237	227	229	243	217	215	211	199	199	207	191	201	211	195	185	197	183	187	187	189	183	197	181	193	167	177	171	183	185	183	179	185	195	187	181	197	187	167	195	185	167	171	187	193	189
-8.27	14.7288	7	15	15	27	19	15	19	21	21	13	25	25	25	25	25	27	33	31	29	23	27	29	25	35	29	35	41	33	29	47	43	41	55	37	55	45	43	55	45	61	55	55	59	67	71	71	83	73	85	81	73	103	99	103	109	103	111	113	133	115	137	135	153	137	143	159	167	149	173	163	169	161	173	197	163	179	195	177	195	177	189	175	197	207	177	213	221	209	201	217	217	209	205	211	193	211	223	223	213	201	229	231	231	241	241	261	265	295	293	289	315	311	345	341	363	361	349	327	329	317	289	297	289	273	267	275	263	273	257	255	279	271	275	259	293	289	281	301	281	303	289	315	311	361	345	367	369	391	393	393	395	401	411	401	403	411	397	453	421	457	437	419	379	353	353	317	319	303	315	327	315	345	329	341	315	311	311	353	305	321	311	323	319	309	313	309	325	335	353	407	447	465	511	541	539	483	465	471	441	399	367	347	339	323	321	309	327	333	325	303	297	277	285	285	277	261	265	279	279	255	261	251	263	249	237	239	245	227	231	231	255	241	221	225	229	221	211	197	213	231	219	229	211	201	205	205	207	229	195	209	207	191	203	217	199	219	205	207	199	189	203	207	207	197	215	193	215	211	195	191	177	199	213	177	201	221	189	195	191	187	207	177	193	211	195	203	205	195	203	187	193	209	177	191	189	205	211	199	191	197	203	211	211	187	213	209	211	205	201	205	211	217	211	227	227	233	235	221	235	221	227	243	243	257	271	297	373	371	399	377	399	395	397	383	405	381	419	397	387	405	379	403	391	407	425	445	433	427	463	493	501	515	533	535	549	519	479	467	477	511	495	457	455	467	459	443	441	471	477	463	459	491	495	473	499	489	503	521	525	567	565	603	611	677	717	759	757	825	877	935	927	925	981	971	1051	1065	1065	1123	1137	1257	1241	1281	1343	1519	1535	1737	2071	2603	3677	5213	7763	12753	21969	25587	15411	7149	4145	2875	2179	1821	1731	1933	2005	2379	2359	2419	2493	2447	2489	2485	2301	2053	1791	1581	1533	1471	1403	1203	923	723	603	597	563	563	513	511	477	495	449	449	399	415	421	397	387	371	353	373	367	363	363	367	353	357	365	365	329	349	355	345	357	389	351	371	351	311	339	371	375	377	383	343	349	341	329	311	291	307	283	279	259	235	225	249	229	229	251	219	235	235	215	201	221	225	223	235	233	227	223	213	237	225	219	231	205	217	235	225	225	233	257	237	279	293	317	429	615	977	1155	773	473	333	309	289	265	275	273	253	225	223	259	257	251	217	231	227	235	229	233	219	221	215	237	221	241	231	243	239	235	237	253	249	237	217	251	257	245	263	247	279	257	287	259	281	275	253	243	265	289	279	283	289	297	311	305	303	313	341	345	351	341	327	319	327	313	341	321	355	331	339	339	355	333	341	339	345	361	363	339	351	339	331	355	347	357	357	349	353	349	323	335	319	337	357	373	359	393	431	425	399	365	355	333	321	321	309	317	309	315	299	289	285	315	343	307	337	343	351	349	361	395	409	433	501	587	645	679	707	631	543	445	451	389	373	357	299	303	301	327	309	327	305	305	303	309	311	307	301	289	299	337	351	347	357	359	347	349	385	367	401	391	425	433	495	485	527	517	575	559	557	585	573	565	539	517	497	453	415	367	349	339	293	277	267	255	247	237	227	233	219	211	211	221	225	213	213	237	219	199	219	199	201	207	195	211	193	211	187	221	203	189	209	191	191	213	211	199	179	187	207	191	181	211	193	189	199	183	189	209	191	203	187	177	207	205	175	193	195	181	199	197	191	193	191	217	199	177	215	183	199	187	213	209	195	205	215	185	205	229	201	199	225	221	217	207	225	219	215	201	191	221	205	225	209	203	199	215	209	217	213	205	207	219	219	201	231	221	207	221	211	211	229	203	205	213	243	239	221	227	231	231	231	225	233	217	221	229	253	209	215	219	223	231	245	215	241	237	243	257	235	243	243	239	251	249	267	243	247	241	255	237	259	239	229	259	239	255	247	239	251	245	259	251	275	279	277	261	275	289	289	279	305	331	329	331	339	345	355	359	365	347	367	347	379	341	369	367	369	377	379	385	387	383	427	415	383	391	405	361	387	349	365	363	343	323	329	327	333	335	341	327	337	299	323	333	309	337	309	325	329	307	331	313	345	321	325	327	341	337	325	337	297	297	277	279	279	253	275	267	251	255	271	265	257	261	241	245	239	267	263	243	239	237	229	233	247	237	221	217	233	213	235	229	239	241	221	231	223	219	229	211	225	227	223	207	217	223	211	225	201	205	197	199	183	193	209	197	189	189	199	175	195	181	179	171	187	177	193	191	189	159	181	175	183	187	199	195	177	181	189	193	205	167	189
-9.46747	0.08981	15	5	19	21	21	23	21	29	25	29	29	29	35	29	25	47	37	25	37	41	33	41	43	43	47	49	43	53	49	59	59	45	59	67	63	65	67	55	81	65	77	85	93	97	99	107	105	103	111	99	117	129	149	151	143	137	161	151	177	169	189	199	193	187	197	191	217	203	221	209	231	217	231	231	231	229	241	231	269	235	239	243	251	235	265	277	251	279	255	249	265	285	265	289	305	297	269	297	287	291	291	303	291	295	309	309	319	309	345	369	355	363	381	319	349	365	313	341	321	315	309	327	319	311	291	311	311	291	303	299	331	311	309	285	331	321	321	343	325	325	325	329	339	327	349	359	377	349	383	373	393	387	383	397	417	425	387	417	421	419	429	427	395	347	383	357	355	357	357	363	353	377	369	329	369	345	347	343	349	375	367	339	355	359	357	353	363	365	371	415	409	439	455	451	449	411	429	411	391	385	375	373	361	347	353	359	325	349	319	347	307	339	347	335	321	323	301	319	311	335	321	339	289	295	301	301	267	289	315	303	309	295	305	325	283	289	261	281	315	295	297	279	287	301	315	293	281	283	291	291	279	257	293	301	291	269	279	273	281	259	309	273	273	287	281	279	279	281	303	281	279	275	255	287	267	269	295	279	283	279	269	281	273	275	275	277	285	283	287	281	283	301	271	297	263	295	275	295	287	283	309	275	307	293	267	293	279	307	279	303	303	307	325	305	301	327	301	311	331	335	303	341	315	357	355	381	393	373	399	393	379	401	403	387	407	437	431	431	437	451	449	447	441	453	463	485	489	467	463	469	491	509	483	499	467	481	431	435	457	463	427	445	429	413	421	425	401	417	411	427	451	427	425	415	463	445	471	481	477	483	495	501	505	513	565	607	595	603	611	679	701	747	779	795	815	843	879	911	905	1007	1025	1157	1147	1267	1297	1605	1871	2731	4095	6375	9327	13643	16393	9381	3531	1893	1309	1109	1013	937	923	935	991	1033	1095	1151	1097	1143	1171	1115	1213	1245	1301	1431	1445	1453	1329	1005	727	633	595	533	501	519	499	505	515	509	479	463	431	465	423	439	417	413	401	413	433	433	413	409	395	395	417	395	397	393	397	405	401	369	405	399	371	391	365	385	397	373	387	357	365	401	361	345	365	349	335	323	323	293	357	313	305	317	295	297	293	283	277	291	309	301	289	311	283	299	301	301	287	315	285	297	291	277	305	317	279	267	289	303	305	317	299	299	299	305	301	295	297	281	301	293	283	283	309	309	305	297	257	267	303	293	313	301	267	301	297	319	285	303	305	311	311	327	309	303	331	307	317	297	313	321	335	339	325	311	339	315	327	317	341	321	325	313	315	321	327	353	351	331	347	351	325	353	349	351	345	377	389	335	373	371	361	363	365	359	367	371	345	371	367	367	355	385	373	381	381	391	373	377	399	393	371	389	381	351	389	359	357	367	365	385	355	411	389	389	425	413	413	377	373	387	337	383	381	353	371	361	323	379	349	327	389	391	361	375	383	413	395	405	401	431	423	441	459	543	557	497	435	405	401	389	373	371	367	377	355	377	385	351	371	355	357	357	371	365	367	369	369	399	381	383	385	391	391	403	389	381	423	399	415	421	431	421	445	443	465	483	441	473	473	441	505	479	481	435	449	403	425	379	351	323	331	307	321	323	313	303	313	317	329	323	283	309	305	297	313	293	315	301	281	309	307	293	303	301	315	305	291	279	317	287	317	279	303	295	291	311	309	315	307	309	307	319	309	311	309	289	309	293	281	291	307	313	303	281	289	317	291	303	279	287	309	297	293	315	275	311	327	307	309	325	311	285	297	315	297	317	287	313	317	315	315	305	339	329	305	299	309	297	305	301	309	311	335	321	295	317	319	307	305	319	299	307	329	331	323	331	329	307	331	331	317	307	301	331	317	329	307	319	333	311	307	311	321	299	327	341	319	313	293	313	315	307	357	327	333	343	347	321	335	317	319	317	315	361	337	343	329	321	317	313	345	311	347	323	341	333	343	323	333	351	353	343	341	359	331	353	347	367	339	365	367	371	389	361	379	391	397	371	387	411	393	399	363	411	411	401	395	399	417	407	395	437	373	415	381	361	371	381	373	385	389	381	405	373	367	365	357	379	385	383	391	401	381	391	361	375	349	365	371	383	399	371	363	353	353	381	379	367	379	379	371	349	357	357	359	333	389	347	361	381	349	345	355	317	335	331	359	335	329	331	321	299	333	329	317	329	343	319	325	309	309	331	305	335	321	339	321	311	309	311	315	295	321	319	323	321	323	299	325	295	305	299	323	305	297	297	309	313	313	291	291	303	307	289	323	309	301	301	285	301	313	301	309	289	289	289	301	301	293	293
-9.46747	2.1811	21	21	25	27	25	27	23	27	23	17	25	25	33	37	33	37	39	33	41	29	35	35	43	35	39	43	47	47	49	55	43	55	53	49	55	55	65	67	83	77	75	77	83	91	93	79	89	85	121	103	117	135	135	143	159	141	165	153	169	163	161	183	199	205	195	211	215	213	215	213	237	189	223	231	233	249	237	225	223	249	245	261	259	265	251	275	251	263	271	255	285	267	267	281	271	267	261	277	267	251	297	291	281	309	289	277	319	333	357	325	341	341	357	331	343	343	301	313	311	309	319	313	295	295	323	293	303	299	281	301	309	329	293	297	321	301	329	317	319	321	313	311	331	351	345	359	375	355	385	375	357	401	399	375	387	421	393	405	385	417	397	407	395	351	383	339	347	359	327	333	347	329	359	369	363	339	359	343	355	341	341	347	345	341	357	363	363	361	361	397	421	445	441	429	433	439	393	405	395	397	373	359	361	355	341	343	331	337	331	333	321	307	327	293	311	311	319	323	345	327	303	279	301	291	305	315	293	301	291	293	299	299	293	297	275	279	303	297	295	287	299	289	275	293	271	289	265	299	285	281	279	279	269	271	275	275	305	261	285	275	279	261	275	281	283	281	249	289	249	289	279	271	281	279	253	299	273	277	275	273	279	263	283	273	289	279	271	265	279	261	271	279	267	273	269	299	263	283	285	277	293	277	299	269	287	285	281	295	275	283	299	295	309	301	273	297	299	285	335	291	285	317	293	329	351	383	373	383	365	381	363	405	387	371	367	415	405	405	413	417	427	459	443	431	445	425	423	463	453	475	485	499	491	467	469	439	445	421	457	431	415	423	423	423	399	431	399	381	407	391	411	405	415	421	421	431	471	481	453	443	479	497	495	511	517	565	541	593	621	641	671	675	787	771	803	789	859	901	859	899	969	1049	1071	1163	1209	1443	1789	2535	3997	6547	9493	12935	15501	9243	3369	1639	1167	943	847	853	835	843	963	957	1041	1047	1079	1009	1057	1063	1073	1183	1241	1353	1445	1525	1443	1199	823	697	579	529	517	495	473	495	487	451	487	477	435	473	409	429	391	401	391	435	417	395	387	419	405	377	379	409	361	363	365	387	357	371	373	399	365	387	359	365	367	341	365	373	341	377	337	335	373	325	319	311	289	279	305	309	291	307	321	293	303	283	293	285	305	297	303	287	299	279	309	323	301	303	299	315	277	287	293	289	277	285	289	281	301	281	321	269	301	301	293	297	275	287	277	253	317	281	303	311	293	273	279	287	285	287	271	283	305	295	315	287	315	307	303	305	287	317	321	321	319	307	331	297	319	305	313	325	321	305	315	309	301	353	329	323	331	325	309	325	345	331	311	355	341	361	339	347	327	329	353	337	361	355	383	363	343	361	373	335	341	343	377	351	371	351	359	363	379	379	371	383	343	389	371	401	385	365	389	355	361	361	349	369	341	353	379	357	365	365	397	415	411	379	397	385	351	359	375	367	349	337	355	355	357	357	363	379	391	359	369	367	373	413	401	397	413	453	443	545	523	503	461	421	393	379	395	357	391	377	361	385	369	353	345	379	367	379	355	359	355	375	371	395	379	385	373	389	365	377	393	373	411	409	429	423	413	419	437	445	437	463	469	447	477	439	465	475	461	477	447	401	377	363	349	355	341	319	305	337	305	305	335	309	311	287	291	315	301	311	315	293	311	297	315	275	327	295	297	289	301	315	289	303	267	297	297	285	295	287	293	287	287	289	291	297	277	289	291	325	273	309	295	291	309	311	297	299	291	309	287	287	297	285	293	289	301	317	297	291	309	319	287	319	303	309	293	297	281	333	353	299	325	299	311	325	307	323	317	303	305	301	291	307	301	331	301	305	321	307	321	289	307	313	305	309	315	299	327	327	311	301	309	317	319	315	313	325	293	277	327	307	323	311	297	307	339	307	289	327	313	335	305	279	315	323	319	331	323	329	317	321	335	329	291	327	327	313	327	293	301	311	327	327	339	349	333	319	329	337	339	351	331	353	319	315	349	365	347	339	327	341	333	353	335	371	373	369	375	351	373	391	371	381	391	391	375	407	407	393	397	383	391	403	417	381	405	425	413	403	389	387	393	383	373	351	377	377	383	367	385	359	367	363	367	377	379	399	339	343	369	339	351	369	363	355	357	355	375	377	367	353	375	381	359	367	369	357	353	347	369	369	387	347	385	357	343	369	349	365	307	323	321	323	345	337	333	315	335	319	319	351	319	331	331	331	343	309	309	329	329	317	305	291	341	321	315	317	319	309	299	303	295	283	293	311	279	307	311	315	291	335	285	275	283	283	305	285	307	297	277	269	289	291	293	325	327	291	299	291	319	277	291	287	293	293
-9.46747	4.27239	17	13	19	21	31	23	27	15	27	25	31	23	31	27	37	29	31	29	31	33	37	43	43	31	41	29	47	37	51	53	53	49	51	47	69	61	67	63	69	63	71	61	73	81	87	97	95	97	107	115	105	127	131	125	141	145	139	147	147	153	151	173	177	167	193	187	185	169	189	183	205	207	217	203	205	215	219	225	233	235	233	225	229	247	243	243	241	243	255	263	261	253	237	241	247	263	251	251	257	287	251	267	277	265	259	287	275	285	317	325	339	331	317	297	301	291	295	283	285	287	301	289	265	281	283	263	295	293	289	297	271	289	275	293	295	287	283	275	291	303	297	301	325	339	325	315	333	361	361	335	343	357	333	339	347	379	337	363	371	371	381	345	367	343	337	343	321	321	333	301	305	321	305	329	321	325	325	331	317	317	319	305	327	333	325	323	327	351	357	359	363	405	391	371	407	381	381	367	333	335	319	313	285	343	311	321	303	297	311	315	311	295	309	307	301	279	281	293	295	297	273	261	277	277	291	285	271	269	293	257	265	281	273	279	255	279	277	281	283	259	267	279	267	283	269	257	281	245	273	291	275	261	279	273	259	241	239	261	257	253	267	245	265	243	277	261	239	251	245	247	267	263	257	255	267	279	245	249	237	249	249	253	245	251	259	241	245	261	243	251	253	253	257	253	247	271	255	289	253	245	277	279	265	241	277	279	289	285	273	255	245	279	299	279	283	281	271	291	289	271	279	305	285	317	325	323	337	349	361	353	345	365	379	371	357	367	355	387	379	393	369	411	403	407	391	431	401	425	427	461	451	479	447	407	417	407	391	395	391	399	385	395	415	385	391	387	387	343	357	359	373	371	365	417	385	387	403	419	413	439	451	423	465	491	479	513	525	521	551	567	603	657	679	709	693	749	759	779	783	805	831	887	915	959	1047	1151	1345	1837	2505	4445	7417	13603	16447	8423	2931	1471	1005	887	791	769	719	781	841	883	987	925	955	911	969	1003	1087	1073	1163	1235	1373	1399	1229	891	603	519	505	485	459	451	471	445	447	429	419	415	407	383	385	405	391	365	359	375	347	363	347	349	373	363	375	359	347	373	347	349	349	365	379	325	329	335	329	349	349	361	349	341	335	345	323	311	311	335	313	299	323	295	291	285	291	291	293	277	267	295	287	269	309	303	273	285	301	287	263	263	259	289	271	277	277	261	277	257	279	281	275	271	247	265	271	271	275	283	269	273	305	305	261	281	271	267	277	281	279	295	271	287	285	291	303	287	261	287	263	269	285	279	309	287	323	279	309	299	285	303	283	291	293	303	277	289	303	307	281	323	301	289	299	301	281	303	307	311	285	295	321	321	283	329	317	285	307	325	331	329	321	321	339	339	321	317	325	333	321	371	331	349	341	355	335	341	343	367	341	347	367	349	353	361	349	359	355	333	333	337	349	341	343	329	313	333	347	353	361	377	361	343	355	331	331	315	339	327	315	327	317	341	303	313	329	333	319	329	359	315	323	363	365	345	377	395	431	477	511	457	399	395	371	323	351	319	339	345	331	349	339	339	319	331	321	333	333	327	325	327	343	337	333	353	323	347	355	349	333	351	357	363	385	365	363	395	427	389	419	413	413	391	427	407	437	427	437	415	397	377	371	341	325	307	305	303	295	313	309	313	271	279	287	285	287	279	299	275	281	273	269	295	267	301	285	281	279	293	279	249	261	281	287	251	283	283	265	271	293	267	289	283	283	309	243	267	275	285	279	293	279	293	273	289	275	261	285	277	273	287	283	289	303	275	267	295	267	283	293	277	295	273	283	293	287	275	311	289	279	285	295	301	285	303	269	271	291	273	289	287	305	295	307	285	269	269	297	263	287	269	297	297	279	283	277	281	289	309	281	287	285	283	279	299	281	275	305	297	285	287	291	299	295	297	289	291	301	299	305	333	309	319	287	273	273	291	303	287	297	297	305	313	277	305	287	315	317	301	321	287	313	299	295	291	307	293	311	303	305	305	291	317	311	307	321	339	325	327	327	309	321	345	305	347	321	347	365	341	361	359	351	345	337	337	363	363	337	367	343	365	353	367	387	393	363	383	355	371	357	345	339	337	367	335	359	337	353	341	355	339	359	351	365	351	321	317	329	361	351	335	339	329	341	369	341	363	345	357	345	355	341	331	345	337	333	337	323	329	341	341	317	349	357	321	335	331	317	305	327	309	331	323	307	303	311	317	309	313	317	295	307	295	291	301	295	277	327	289	291	289	311	301	293	303	289	295	301	297	279	299	267	271	283	315	283	283	269	271	287	279	285	287	269	273	291	277	279	293	275	275	275	279	291	267	291	279	267	285	291	281	269	295	265	269
-9.46747	6.36368	19	19	19	27	31	29	29	25	25	31	33	27	27	27	29	31	35	31	35	45	37	37	49	39	47	51	47	49	55	51	57	55	57	63	61	73	65	71	75	63	79	89	69	93	93	103	105	119	121	129	113	125	125	145	159	149	149	167	179	189	171	173	189	195	205	217	211	223	229	233	229	215	227	239	229	257	259	247	247	253	259	277	269	279	273	261	273	269	269	289	279	283	303	307	295	295	295	321	313	265	289	289	315	297	329	323	313	353	361	369	377	359	359	369	347	333	353	345	319	339	311	335	309	317	305	339	315	331	347	335	331	321	325	355	317	333	333	361	357	311	343	337	335	347	373	389	391	393	393	413	389	405	387	417	417	425	427	399	413	433	413	421	395	349	379	387	371	365	355	339	371	357	351	367	367	361	379	343	349	377	371	375	351	371	367	371	373	387	403	433	431	431	477	479	439	439	437	427	381	385	377	381	359	337	345	371	353	345	367	347	337	353	341	329	359	327	345	317	345	301	341	343	337	289	311	305	329	333	307	299	309	319	299	289	291	295	297	295	291	291	289	307	315	269	305	303	301	295	307	293	301	309	283	305	301	295	297	299	303	289	295	297	317	287	295	313	273	277	273	279	285	289	299	281	281	289	311	265	283	305	301	311	285	279	297	293	303	277	295	275	293	301	291	305	289	299	285	299	315	311	301	299	301	311	311	313	311	327	293	311	313	303	315	303	331	329	315	331	321	305	315	325	321	353	367	359	369	391	383	403	385	403	401	411	399	421	423	437	443	429	453	463	445	469	481	475	473	463	479	471	515	541	527	511	489	459	469	469	451	443	423	461	465	421	461	427	425	437	417	403	443	435	469	477	423	443	459	461	519	489	531	529	517	547	543	553	571	603	661	669	717	727	793	801	797	867	875	913	917	947	1025	1015	1059	1131	1145	1263	1541	2047	2935	4903	8519	15983	20523	9989	3389	1719	1275	1033	969	873	893	923	1005	1057	1159	1103	1075	1107	1091	1119	1189	1255	1325	1447	1609	1567	1405	1005	759	609	579	551	539	525	509	489	505	491	467	491	473	435	429	445	437	427	431	413	407	415	409	391	413	417	415	411	409	397	391	393	393	393	385	383	397	385	391	399	369	399	393	377	381	359	411	391	357	361	341	335	331	305	301	319	291	323	313	333	317	321	333	293	313	327	303	307	311	321	319	303	311	291	303	287	299	317	299	309	279	289	311	317	297	307	313	305	287	297	275	287	299	289	299	335	299	303	299	287	323	277	315	325	319	323	307	289	297	315	319	337	313	329	305	327	323	329	307	313	327	327	331	337	315	331	329	339	349	327	357	349	353	365	329	315	335	359	327	345	353	351	335	335	343	349	347	367	345	371	361	359	369	379	355	361	373	385	391	383	367	369	361	367	401	395	379	387	355	397	405	391	359	393	417	383	385	379	381	405	383	395	379	389	381	393	361	361	393	385	401	423	427	421	389	377	401	365	369	359	369	375	347	363	367	361	395	381	367	379	403	395	361	399	369	409	427	479	499	565	587	509	453	439	387	415	403	405	377	345	385	363	393	351	381	379	381	389	363	373	383	371	385	389	369	401	389	365	407	365	407	385	403	403	433	405	427	431	433	463	481	489	477	483	491	489	531	499	501	477	457	419	389	377	355	365	347	335	365	349	315	317	319	305	337	331	299	331	327	321	317	315	315	323	317	289	319	301	319	319	323	303	321	297	311	301	313	301	309	335	317	309	313	285	323	321	317	315	307	333	303	311	291	317	271	313	301	319	305	349	313	319	331	323	317	297	315	335	299	313	321	345	315	335	313	317	317	309	317	299	331	333	303	313	317	307	319	299	317	317	331	319	317	321	321	331	305	319	325	307	321	327	321	329	305	325	333	311	317	331	305	325	307	311	313	331	335	299	315	305	313	329	307	303	341	325	307	319	335	305	297	331	311	313	323	325	365	311	349	315	331	337	349	315	373	339	357	321	317	331	327	337	347	313	327	341	339	351	323	337	341	359	365	335	331	355	341	363	355	349	345	351	353	381	353	377	401	361	401	395	379	391	413	391	415	417	417	375	415	425	421	421	421	421	427	403	425	397	413	399	387	383	405	397	369	375	383	387	401	359	407	355	377	399	381	369	371	367	385	373	369	397	391	381	365	397	393	393	367	381	407	383	407	367	405	395	367	365	363	365	407	369	427	385	393	379	381	357	369	353	351	331	367	355	349	373	327	325	353	363	345	345	329	307	351	343	333	325	317	339	311	337	337	337	313	317	337	341	317	335	311	315	301	311	297	309	303	299	291	309	295	309	319	303	317	297	297	297	275	297	305	305	323	303	291	301	297	285	271	317	285	303	303	297	301	293
-9.46747	8.45497	15	17	21	21	27	21	21	29	31	21	33	25	35	29	23	37	33	31	29	31	41	31	43	33	43	47	49	47	43	59	55	51	57	57	57	63	67	67	69	69	65	83	91	99	101	81	97	99	103	117	105	123	125	139	153	141	147	165	151	175	175	177	179	185	183	193	187	195	205	185	217	225	233	219	225	211	241	235	227	245	245	243	255	251	243	229	231	261	255	273	265	247	267	225	275	281	279	265	263	261	251	269	271	259	271	277	275	301	321	323	343	341	333	329	297	297	291	297	283	295	265	305	285	307	269	261	307	289	287	287	303	283	277	321	305	311	305	319	327	291	311	301	319	339	335	327	329	339	347	353	341	371	373	357	363	375	369	385	395	385	395	363	373	345	319	349	339	343	323	309	333	319	317	313	341	327	311	341	327	325	317	317	331	337	285	335	341	351	359	365	399	409	423	433	415	393	379	379	365	371	327	333	325	345	313	321	319	311	321	329	329	299	303	309	317	311	289	273	309	317	285	287	289	279	277	307	271	297	287	269	257	279	267	263	285	279	273	307	277	279	277	283	257	271	265	267	257	251	297	251	271	275	249	269	259	279	263	273	261	277	287	261	269	263	277	263	297	291	265	261	257	271	263	287	265	275	273	263	277	259	261	263	269	255	279	265	255	267	255	279	259	267	275	305	247	247	269	269	279	265	289	277	277	275	283	277	279	273	291	277	289	281	287	307	285	285	291	279	287	295	289	291	289	335	333	355	365	337	363	369	375	399	357	379	409	381	401	347	393	397	383	377	413	441	439	395	419	449	453	415	471	469	459	437	443	425	437	405	419	397	423	389	407	391	395	393	391	393	379	381	379	415	391	433	421	419	411	429	439	451	439	447	475	467	469	531	511	549	565	575	609	629	677	717	715	729	763	791	801	835	901	971	985	1087	1065	1211	1369	1819	2687	4439	7581	13259	16649	9189	3253	1597	1093	931	833	819	817	805	837	875	973	1009	963	955	985	1001	1047	1103	1143	1265	1333	1375	1339	997	689	551	539	489	507	469	449	453	471	435	439	417	427	417	395	371	383	385	385	389	387	367	379	349	367	379	353	373	355	359	363	339	367	357	365	351	369	361	341	339	333	353	353	373	323	327	319	355	349	327	329	335	307	319	287	283	295	291	285	311	273	281	293	271	297	261	277	267	273	281	277	275	277	277	267	283	285	273	283	297	281	293	281	279	257	267	295	281	275	283	287	279	293	267	277	277	289	287	243	267	291	289	277	323	277	285	271	297	289	283	301	275	281	285	275	305	285	283	309	295	283	333	291	301	305	287	287	313	325	309	297	337	287	309	301	279	299	299	301	301	305	321	323	319	307	315	341	335	335	315	329	313	305	359	377	341	341	335	343	357	343	363	361	341	355	343	359	367	353	365	359	355	373	361	357	353	367	381	377	357	333	351	337	353	345	337	329	353	353	367	381	379	393	377	365	347	357	355	351	333	341	331	325	333	335	347	345	337	351	361	351	357	345	359	389	363	381	403	437	511	503	491	429	415	365	377	379	347	375	365	357	349	347	375	341	359	337	323	341	331	331	335	351	349	367	357	335	361	343	379	357	355	367	355	371	403	393	393	391	415	429	441	427	431	423	425	457	447	443	441	401	413	375	365	329	307	325	317	311	311	301	295	301	291	289	319	283	287	287	281	313	293	277	307	301	295	279	293	305	285	271	287	293	295	285	295	279	293	293	269	283	273	273	273	287	269	281	255	285	305	289	293	297	273	295	289	291	267	291	277	285	297	273	291	297	287	325	305	295	285	313	261	295	305	305	275	311	273	275	305	283	309	279	291	287	295	283	295	291	307	299	295	295	295	297	311	297	305	299	309	281	317	293	315	291	307	307	315	285	289	283	293	303	307	291	331	295	311	285	307	271	313	297	279	287	301	285	303	311	281	291	321	287	301	287	313	307	315	315	307	297	313	337	299	321	313	323	311	311	329	293	293	313	293	305	325	303	329	319	319	313	323	317	323	297	321	331	335	313	337	305	343	309	323	361	311	377	337	373	365	357	345	363	363	367	377	353	375	383	387	383	371	359	405	375	401	375	377	421	385	363	361	371	363	373	345	341	347	353	381	347	353	343	343	379	397	351	367	347	343	345	365	373	335	347	333	349	345	359	369	351	337	363	319	373	375	337	343	355	343	359	363	405	391	361	363	361	339	335	303	337	337	333	307	333	281	323	321	335	299	307	305	305	315	323	303	285	307	283	311	327	335	277	309	301	303	323	307	287	303	285	307	293	293	275	295	295	293	287	313	311	277	277	299	295	269	255	273	269	277	285	281	285	285	267	305	289	299	295	273	285	281	269	285	297	273
-9.46747	10.5463	9	15	17	19	19	27	21	25	19	31	25	23	31	31	31	29	35	29	31	43	29	33	39	43	45	35	45	47	41	55	41	53	57	55	59	65	53	65	61	63	85	77	79	81	93	89	97	95	97	103	109	125	115	127	143	151	143	147	163	163	155	169	185	161	183	195	201	195	221	209	203	221	213	189	221	217	203	221	215	239	217	251	231	249	247	255	235	229	245	261	239	261	265	263	247	257	259	265	247	251	295	269	287	291	291	301	335	329	359	355	409	417	385	387	429	389	373	381	375	345	325	353	329	335	315	307	329	319	321	337	299	303	315	315	319	329	325	327	325	321	355	363	353	413	411	405	423	435	413	439	461	467	453	451	487	479	475	475	499	481	483	437	415	411	395	411	397	367	371	355	371	367	387	367	371	393	379	399	381	361	349	383	369	379	365	399	393	381	417	449	483	541	571	595	593	549	555	505	457	417	403	395	387	391	383	363	361	345	349	373	353	335	345	347	327	339	339	325	321	345	321	299	317	313	293	303	299	297	295	287	269	277	287	271	273	283	255	267	259	261	281	267	231	271	247	273	263	269	271	279	273	251	257	259	261	283	257	273	259	257	269	251	253	253	245	243	253	267	245	259	255	253	255	241	231	233	249	235	249	271	231	233	249	273	253	247	263	239	283	257	249	241	239	247	243	251	239	249	279	279	265	279	255	251	261	253	269	279	263	271	273	285	281	275	305	279	275	281	271	293	321	315	283	311	331	371	433	417	439	455	463	459	455	489	439	481	449	463	471	465	445	461	465	481	487	509	517	471	549	581	601	605	609	593	605	555	591	545	537	567	519	489	501	503	477	497	501	517	531	537	541	511	541	541	545	563	583	581	591	603	639	655	627	677	765	781	859	859	933	959	977	1031	1063	1073	1129	1117	1145	1217	1205	1337	1359	1401	1429	1581	1707	1907	2223	2957	4193	6313	9469	16077	24077	23005	14221	6777	3963	2741	2189	1829	1729	1857	2041	2213	2281	2399	2401	2443	2403	2481	2391	2071	1891	1829	1805	1733	1671	1365	1053	801	701	639	611	621	599	563	539	543	543	517	515	507	469	465	445	457	449	453	431	433	451	423	425	425	427	427	403	395	415	435	423	409	403	411	367	397	435	403	393	425	383	405	385	403	423	389	379	369	353	325	309	319	289	301	303	291	305	301	267	295	279	281	277	287	265	273	263	277	281	273	261	281	287	279	263	261	297	291	325	285	311	287	291	343	349	425	561	895	1053	737	519	391	355	309	305	319	311	285	279	297	297	291	303	293	265	281	295	275	285	293	293	283	271	279	295	281	303	317	299	291	317	311	291	295	309	319	301	341	321	349	327	337	351	323	333	337	327	321	349	341	321	331	339	369	361	397	381	399	371	387	403	359	399	375	397	383	381	387	389	395	395	385	367	409	397	421	399	411	431	421	407	407	391	419	381	421	403	405	427	419	405	417	407	385	401	421	439	451	465	467	497	435	403	405	427	389	361	373	393	363	375	349	387	355	399	363	381	403	401	415	425	459	479	565	603	687	691	761	711	655	519	489	483	437	413	419	403	385	377	371	371	355	409	353	353	357	347	351	387	383	381	377	371	395	405	377	407	431	437	449	469	455	487	553	539	579	565	591	603	617	637	625	641	577	585	539	513	539	457	423	407	343	337	335	315	297	289	299	321	297	275	285	261	267	275	281	267	257	273	255	259	273	251	265	285	261	273	273	267	271	275	267	259	253	261	261	257	263	241	289	263	279	261	263	265	249	255	259	263	223	259	255	251	255	265	277	253	275	283	263	267	251	247	253	267	287	251	273	257	267	265	283	257	287	263	279	281	275	273	271	261	293	273	289	257	263	263	267	291	277	263	245	265	255	263	273	279	273	245	277	273	267	281	271	259	263	281	277	289	295	283	291	289	275	267	321	289	293	275	279	283	293	285	307	307	307	289	289	281	285	307	285	275	295	299	293	321	309	289	329	313	329	303	305	319	301	295	309	303	321	317	295	319	313	321	327	303	295	319	317	351	335	313	327	329	327	343	319	353	333	339	367	381	387	409	391	405	397	433	423	411	443	411	435	407	439	433	441	439	413	469	441	455	493	461	485	467	435	405	419	427	437	395	403	399	395	381	377	383	391	403	383	393	379	403	349	373	375	385	413	413	375	389	417	371	377	391	397	399	391	383	369	385	347	373	339	357	349	331	365	365	361	371	343	345	329	317	305	335	337	309	327	309	289	299	301	291	307	299	309	293	317	283	293	297	305	283	285	323	311	289	297	281	275	287	265	287	279	267	259	279	255	263	253	257	257	265	235	251	253	249	245	249	261	241	235	259	239	233	271	261	243	225	261	233	247	255	243	259	253	257	265	245	233
-9.46747	12.6375	13	17	27	25	25	25	27	29	33	19	23	19	27	29	29	25	31	31	41	37	33	33	27	39	33	39	41	37	45	43	41	41	49	43	63	57	51	57	61	83	77	75	79	77	85	111	85	89	101	121	105	131	109	127	119	119	135	145	139	151	165	149	161	169	171	185	187	185	197	187	179	213	209	221	203	219	229	219	215	237	219	219	231	229	219	245	245	241	237	263	259	253	267	289	239	263	257	263	263	263	293	277	281	273	319	299	329	343	353	397	397	385	463	431	469	415	421	403	369	389	377	331	375	333	343	323	335	331	339	311	319	357	347	343	351	353	363	337	365	353	359	395	411	431	449	477	485	505	479	499	521	533	533	503	509	553	545	547	561	559	517	523	453	441	445	419	395	405	425	383	407	409	397	403	421	407	441	383	401	453	401	397	405	397	401	395	389	421	463	501	539	611	693	747	689	653	613	595	539	507	455	461	429	419	437	407	377	383	383	365	367	375	365	345	343	367	347	313	349	331	333	325	309	325	309	303	301	303	299	289	301	299	267	263	265	299	275	269	261	283	261	263	265	263	273	255	261	277	263	281	255	275	259	243	247	257	257	239	255	231	247	257	241	251	227	257	243	265	235	233	245	229	241	233	265	237	251	251	225	257	243	235	255	253	247	235	249	259	261	247	251	245	247	251	253	251	237	281	255	257	241	255	281	281	267	285	279	261	279	271	275	271	289	279	293	283	275	293	289	297	297	257	335	307	347	367	449	461	501	529	519	503	525	523	553	521	505	519	501	535	523	531	493	517	567	549	591	605	627	639	699	715	741	733	671	675	665	655	645	647	625	601	575	615	605	589	595	611	605	615	647	623	603	595	645	645	679	699	727	735	733	789	805	857	899	951	1023	1087	1139	1197	1211	1199	1321	1301	1369	1385	1415	1519	1521	1619	1675	1749	1821	2019	2169	2439	2885	3799	5235	7601	10977	18577	30589	33121	20929	9941	5537	3863	2921	2361	2253	2415	2637	3009	3179	3273	3283	3323	3345	3441	3399	2945	2465	2249	2065	2017	2007	1755	1365	1033	865	739	713	681	667	637	643	645	619	595	571	539	535	523	529	503	503	473	453	511	465	479	451	489	459	469	459	445	447	471	475	469	473	469	443	453	447	433	439	407	439	443	433	449	443	413	379	419	391	341	327	299	303	307	293	299	291	285	289	289	287	283	289	283	273	289	271	267	257	305	261	275	265	271	263	289	279	275	287	285	295	299	351	377	421	533	789	1227	1515	1167	683	467	389	345	349	307	317	307	301	305	277	299	319	299	289	295	291	285	285	281	281	281	295	285	267	319	311	287	311	293	295	319	315	301	337	271	331	311	341	313	329	349	357	345	355	367	325	325	365	373	371	353	359	387	385	425	419	473	425	425	429	395	425	429	447	435	465	443	469	459	421	419	441	461	445	427	427	427	443	445	463	457	463	431	459	451	443	425	419	435	439	441	439	423	463	479	503	533	535	535	521	499	453	455	427	413	413	405	395	395	425	399	373	385	439	427	451	423	449	477	471	513	549	619	693	849	915	983	913	771	693	603	531	495	441	451	425	407	393	391	391	389	405	387	393	387	387	399	387	427	403	417	435	417	469	423	471	487	491	519	553	579	595	613	613	659	725	701	749	723	773	711	749	737	695	669	627	609	575	495	437	399	373	359	353	349	289	315	289	277	263	289	273	261	257	263	257	265	241	237	259	257	247	245	251	241	277	249	261	245	247	245	253	231	251	257	243	227	255	245	257	227	255	253	231	255	227	249	261	243	251	243	221	241	261	243	241	237	237	253	247	237	241	241	251	239	231	235	267	245	239	247	263	277	255	273	255	247	269	235	257	263	253	271	273	269	273	273	273	271	257	261	267	255	243	297	261	267	253	271	277	257	263	283	277	269	275	287	265	269	273	297	273	271	285	273	265	287	291	271	279	271	259	259	279	263	285	313	281	277	285	271	315	317	283	267	311	301	315	323	313	331	321	311	331	325	317	315	315	315	299	321	315	315	319	295	285	319	315	337	321	325	305	343	359	335	333	345	339	347	393	391	409	429	435	445	455	443	455	495	467	467	491	473	453	435	475	481	515	487	493	499	499	511	525	505	519	519	491	481	463	497	455	435	447	393	431	427	431	427	447	429	417	385	423	411	415	409	405	421	381	421	425	433	435	397	435	433	435	463	427	441	419	377	375	345	343	367	367	351	333	363	373	359	353	335	363	327	323	309	317	273	299	317	291	301	275	285	295	275	279	293	295	293	281	303	309	311	289	279	285	293	293	283	305	287	263	267	273	265	277	267	253	263	247	241	235	217	241	225	255	237	209	229	243	243	223	217	243	249	231	241	245	243	233	247	223	239	219	237	233	215	233	207
-9.46747	14.7288	13	13	23	33	29	21	25	21	21	19	21	25	25	27	25	35	35	25	33	33	33	25	41	43	41	39	41	39	43	45	51	43	57	53	51	55	65	77	65	53	67	81	73	75	83	101	95	83	89	101	113	119	123	137	131	133	139	151	159	155	163	165	181	189	199	197	183	197	203	229	213	215	213	221	241	231	235	231	205	249	231	247	251	243	255	233	245	241	263	277	261	249	273	247	269	263	285	285	277	283	275	293	307	303	325	341	341	377	397	421	411	427	465	487	479	471	449	407	411	393	383	379	405	359	335	343	351	351	369	335	343	359	349	363	365	365	355	381	393	403	397	383	451	439	477	495	499	501	529	561	499	583	539	549	565	597	557	567	603	573	559	519	477	445	453	415	401	395	431	435	423	425	421	417	433	425	439	431	395	457	417	425	413	417	391	425	437	461	475	523	619	655	691	743	735	705	609	589	567	503	487	501	433	433	449	427	409	403	383	399	351	377	391	383	393	361	349	355	355	333	343	323	333	331	329	317	331	297	319	315	293	311	293	307	285	291	291	291	257	275	267	269	287	273	291	269	261	285	259	275	273	263	269	249	253	285	279	249	281	247	265	271	245	255	245	277	257	293	253	265	259	283	255	243	263	259	241	243	261	227	253	267	267	265	277	281	243	263	243	259	259	251	269	261	257	281	279	261	261	263	273	267	283	269	279	277	267	281	313	289	273	291	309	271	279	303	289	301	301	297	315	301	325	335	361	433	497	519	519	533	515	525	533	561	535	503	545	551	539	525	537	517	551	589	539	595	593	619	649	691	723	747	757	743	699	697	653	677	655	633	625	617	611	621	617	639	621	603	629	663	659	619	659	617	643	665	717	723	741	721	743	819	883	907	917	1021	1113	1221	1263	1255	1295	1305	1371	1401	1445	1483	1553	1563	1659	1587	1789	1809	1925	2069	2161	2567	2957	3851	5413	7981	11971	20239	33185	34963	21047	10103	5781	3869	2961	2407	2401	2559	2863	3127	3309	3421	3515	3529	3569	3689	3459	3019	2491	2321	2217	2127	2093	1777	1359	1005	841	805	789	711	739	701	687	659	643	605	605	541	533	513	521	495	505	501	489	499	521	483	477	487	487	501	479	475	493	507	501	469	473	477	457	461	501	451	473	469	487	475	465	479	445	465	431	439	369	351	345	325	333	313	295	311	301	303	287	313	307	265	287	291	305	279	299	297	283	285	285	287	279	281	319	281	297	305	339	321	323	335	375	401	453	591	857	1401	1555	1051	647	477	411	369	351	357	317	311	303	307	317	331	329	321	319	309	303	303	309	297	319	311	319	295	293	309	321	317	293	337	323	339	315	329	321	341	335	339	337	327	341	383	373	359	371	351	387	361	365	361	379	399	377	407	411	423	419	445	431	443	447	447	435	453	445	471	453	463	463	457	457	469	463	457	457	471	469	463	481	481	447	469	463	491	473	465	461	453	465	437	465	467	451	475	485	501	509	555	573	579	513	527	483	475	445	433	449	413	423	459	417	413	417	421	443	449	461	443	483	473	527	533	575	665	801	863	973	983	905	793	665	577	537	515	475	463	443	459	433	425	399	407	399	409	383	407	403	405	409	407	411	443	445	465	449	495	497	491	523	531	571	579	633	631	697	691	737	743	777	765	779	781	781	759	763	669	637	575	565	513	455	413	419	349	323	335	309	291	301	309	301	285	279	301	293	281	263	289	269	281	295	255	269	271	265	243	271	271	253	257	275	267	257	237	273	261	269	267	239	241	251	239	243	245	265	265	251	245	259	239	245	267	249	251	275	261	261	261	237	285	259	287	269	245	255	267	271	255	257	257	265	245	271	259	283	255	259	271	277	277	281	267	275	273	263	301	281	265	295	275	303	289	277	287	269	283	255	293	285	273	279	297	283	279	283	285	285	263	297	303	295	311	287	307	289	297	309	325	317	295	285	285	283	285	289	299	275	309	299	311	299	297	289	327	337	311	315	331	325	323	339	343	339	357	321	329	337	323	329	339	333	341	333	323	333	353	319	355	361	315	345	343	355	317	345	375	363	359	367	393	381	405	437	455	465	463	481	485	495	485	503	475	509	505	521	513	513	503	515	519	525	551	545	567	533	529	543	531	483	479	491	475	503	483	459	473	433	447	463	441	431	457	451	463	467	451	455	447	427	439	463	441	449	477	445	457	449	447	453	465	441	429	457	403	425	391	407	367	377	377	353	351	383	377	357	355	347	323	339	347	331	323	339	299	321	313	327	313	293	279	331	321	317	299	287	305	297	289	279	291	299	311	305	303	303	315	289	291	279	277	295	283	269	245	253	281	267	239	247	243	233	247	269	247	263	235	225	251	235	223	261	225	241	257	247	243	253	269	241	251	259	241	249	257
-10.6649	0.08981	11	17	29	23	21	31	27	33	21	31	37	29	31	41	33	41	31	39	35	29	43	41	43	45	51	43	45	53	63	57	51	63	63	55	55	57	63	71	71	83	93	75	103	107	103	113	127	123	131	131	133	149	151	163	157	181	181	187	207	203	191	215	203	235	249	235	255	245	245	287	249	241	269	299	281	275	293	277	279	325	283	325	321	321	329	309	319	331	333	337	329	343	349	353	347	331	343	335	317	345	329	351	337	381	357	355	353	367	395	419	439	425	443	435	395	429	395	389	393	371	397	403	341	389	379	361	379	383	375	365	373	387	367	401	401	379	403	385	373	409	405	407	389	407	437	417	451	447	451	457	455	457	457	471	465	501	487	477	497	491	519	495	479	473	455	435	425	425	443	439	447	435	435	417	427	411	435	441	429	441	415	427	437	431	451	441	455	435	463	463	489	495	531	549	565	545	531	497	451	491	459	443	421	431	427	433	433	417	447	419	395	409	379	401	407	403	389	385	373	363	393	391	369	387	375	399	385	371	365	377	369	373	331	369	361	341	375	353	369	369	371	371	369	371	351	387	337	347	377	363	349	355	365	359	309	363	341	359	335	347	339	341	321	343	347	363	369	345	321	337	347	345	329	347	349	333	321	369	361	341	343	325	343	357	359	333	339	353	337	337	343	349	359	347	365	341	349	355	337	357	333	367	357	341	361	361	359	375	381	375	367	369	379	361	383	375	395	371	369	379	367	389	397	393	391	469	475	453	449	465	475	505	471	519	483	513	525	503	503	497	523	537	531	567	557	549	563	569	565	573	639	621	645	619	563	569	557	563	533	569	537	517	541	539	537	527	545	509	489	489	499	543	537	527	539	575	573	573	599	593	571	593	637	645	693	659	687	715	729	777	789	835	905	909	969	961	1005	1047	1133	1107	1187	1223	1315	1369	1497	1701	1933	2527	3461	5223	8435	12589	18143	18363	9307	3449	1937	1369	1195	1139	1115	1111	1117	1115	1241	1297	1337	1311	1319	1325	1359	1381	1491	1521	1665	1739	1755	1587	1225	899	771	705	661	645	631	627	641	609	577	613	555	553	583	555	521	529	499	499	545	461	481	501	509	479	471	467	489	459	477	477	495	471	477	457	465	475	503	515	467	465	447	457	465	473	461	449	415	405	415	421	385	401	373	383	399	371	367	377	379	395	371	413	381	359	387	389	373	357	389	381	359	371	377	375	379	373	359	347	383	367	365	355	381	377	341	381	373	369	361	387	361	375	371	383	359	395	345	373	389	353	367	367	391	383	369	355	381	379	371	393	361	399	381	375	391	349	391	391	383	383	403	393	395	391	385	383	419	397	409	407	403	407	429	397	423	401	419	413	407	403	387	411	421	421	447	431	447	451	449	421	455	425	451	453	427	453	439	447	435	449	439	453	455	441	471	485	437	467	469	461	461	507	483	511	471	483	445	475	459	455	471	461	461	453	457	467	455	473	469	513	467	491	495	469	477	463	433	465	469	433	481	443	433	467	437	453	457	453	461	481	463	465	495	503	505	531	543	595	633	675	599	561	533	541	477	447	487	467	437	477	441	429	475	449	437	447	427	457	451	449	447	465	465	469	459	469	485	487	465	459	483	523	503	479	519	521	535	529	525	529	551	579	589	575	555	601	597	591	587	569	521	511	469	421	405	401	389	399	387	391	379	393	391	389	401	385	365	395	389	383	371	357	381	347	387	349	367	389	339	373	387	393	369	385	367	365	391	367	369	389	383	371	361	369	361	363	337	393	369	341	341	361	353	359	383	373	391	373	379	383	383	367	367	363	373	371	399	361	375	377	351	373	361	343	359	371	377	387	371	385	395	387	369	359	365	369	367	389	359	371	389	377	395	405	373	377	365	357	389	377	393	395	369	359	377	363	379	381	389	371	387	409	377	385	371	387	353	361	379	395	379	373	367	381	399	371	365	399	363	377	389	411	393	377	371	383	399	393	415	383	393	397	415	395	379	399	387	387	383	401	395	381	407	399	413	393	413	413	391	395	425	419	429	399	407	439	413	447	409	437	431	393	437	435	429	465	447	441	491	479	461	483	487	465	475	457	475	491	495	499	519	477	477	503	511	505	515	487	501	487	449	483	465	453	481	463	463	461	481	433	451	471	463	461	463	473	473	473	469	473	463	479	481	469	485	455	499	505	499	509	509	523	517	529	535	605	647	663	789	975	1177	1385	1401	1367	1155	923	807	693	609	591	539	493	473	455	439	413	455	409	429	439	417	419	403	409	391	427	405	403	387	389	387	389	387	387	401	399	375	345	373	375	363	379	365	375	347	371	375	375	343	347	351	357	371	359	363	341	353	355	359	345	343	345	363	347	349	343	361	313	393	355	355	363	367	341
-10.6649	2.1811	17	17	31	25	25	29	31	29	31	33	31	31	37	31	27	45	35	39	39	43	55	47	57	61	49	55	55	61	59	71	73	71	69	79	81	93	97	95	97	109	107	115	127	131	149	145	157	155	179	179	195	181	189	195	219	223	241	225	255	261	245	269	277	291	295	301	319	325	361	337	373	325	355	361	365	377	379	375	403	395	407	369	409	407	407	423	439	435	435	443	423	439	415	449	429	437	473	471	443	469	457	485	467	467	475	489	469	487	515	563	571	561	571	565	523	541	511	505	509	487	513	503	493	515	489	499	503	467	481	527	497	501	483	515	485	509	541	497	519	537	525	517	527	521	587	571	575	595	603	633	617	619	621	629	623	665	629	677	659	667	669	631	643	615	587	577	569	529	599	599	557	583	569	563	587	563	595	547	577	569	577	579	553	553	567	553	585	601	625	623	657	719	743	747	747	715	653	663	645	619	603	565	591	549	571	577	591	585	565	535	543	533	525	527	531	535	501	511	509	475	503	483	505	521	507	501	493	487	477	487	477	493	483	525	457	483	453	501	479	461	467	459	449	479	497	453	485	481	455	465	487	477	449	495	441	447	471	439	451	439	471	479	469	469	449	455	475	499	477	457	449	445	451	455	429	461	449	439	477	439	449	431	461	473	471	483	461	471	471	469	467	449	451	469	459	449	495	485	465	493	481	463	471	473	449	475	475	479	495	493	477	487	503	487	511	489	507	489	495	501	489	515	511	515	559	601	597	593	607	631	635	659	613	647	659	633	661	667	641	677	717	701	709	691	695	743	721	705	731	773	795	813	805	815	785	761	729	717	745	723	731	705	661	721	673	721	677	657	673	661	691	659	679	709	707	751	695	761	741	733	767	783	789	853	853	883	883	931	957	1017	1025	1127	1175	1203	1229	1327	1275	1379	1373	1505	1553	1625	1737	1809	1927	2121	2523	3285	4831	8035	12379	17155	24003	22153	9285	3519	2275	1689	1557	1405	1375	1377	1441	1545	1667	1691	1693	1723	1681	1731	1781	1829	1925	2141	2225	2359	2447	2109	1605	1215	995	909	891	831	835	815	807	777	759	765	729	699	697	715	741	699	691	693	649	655	677	659	687	649	669	649	665	653	617	629	635	623	623	629	593	607	623	603	629	613	603	591	617	599	591	589	613	551	551	525	509	523	479	525	519	513	535	531	493	509	521	535	507	497	535	543	509	489	501	487	487	483	481	507	503	477	525	503	509	455	481	483	489	497	499	509	485	505	461	481	513	491	507	531	455	475	475	479	491	503	513	489	497	503	481	515	497	503	507	483	489	501	499	517	529	513	533	519	515	545	533	517	507	529	527	517	563	551	543	543	567	577	525	551	547	533	535	551	519	541	543	533	549	547	571	561	565	561	575	589	585	615	561	603	589	589	577	573	585	631	611	583	615	611	625	617	605	639	583	611	625	641	641	635	631	617	619	655	605	647	627	609	603	615	595	593	639	643	675	641	639	665	631	615	639	611	591	553	605	555	571	585	599	585	583	605	619	605	597	601	613	649	661	649	653	699	743	785	889	893	801	719	681	659	637	637	587	631	587	621	575	595	601	597	623	581	595	581	603	647	595	631	629	587	613	631	607	669	607	611	647	647	695	671	687	661	681	727	727	747	751	747	783	785	807	785	809	791	765	749	665	617	601	627	583	521	557	523	513	511	491	511	493	501	509	529	489	503	469	489	495	507	481	469	527	495	497	493	497	495	501	473	465	489	511	521	491	479	459	491	461	505	497	521	485	495	491	493	491	491	497	459	491	475	445	499	495	487	465	473	509	489	503	491	509	493	489	483	481	513	489	485	495	491	511	527	511	515	513	509	517	491	521	501	509	533	533	521	479	481	483	489	481	517	525	509	507	493	507	513	493	499	493	491	515	493	525	507	487	509	535	487	541	513	479	519	531	533	477	519	503	489	501	529	513	489	483	485	485	515	511	507	549	529	519	545	535	497	541	555	523	557	543	519	535	497	515	555	521	521	511	547	545	537	535	525	549	515	547	559	575	551	557	545	569	559	553	535	565	557	555	587	539	579	559	623	609	623	633	607	603	609	637	651	655	615	653	657	619	627	635	697	657	665	673	655	659	645	619	649	645	597	639	599	623	617	631	595	641	601	615	617	587	603	595	655	611	621	617	593	583	639	589	631	641	595	639	597	657	653	675	701	663	695	707	717	785	833	909	1073	1281	1525	1611	1507	1273	1057	879	827	785	657	663	639	625	615	559	573	557	529	573	517	549	551	549	543	517	547	553	527	533	539	535	519	515	539	557	523	527	519	483	489	501	497	507	485	487	499	475	491	497	453	479	503	501	483	469	459	481	455	463	445	479	473	479	477	465	467	503	467	479	489	449	469	477	485
-10.6649	4.27239	15	17	35	39	27	33	35	29	35	33	47	37	47	37	43	45	45	51	49	59	57	61	63	57	61	75	59	75	71	83	83	87	81	77	87	103	95	97	107	117	123	125	133	135	145	151	167	175	177	179	199	209	215	233	219	261	263	283	275	291	297	297	323	327	341	345	361	341	365	417	399	419	403	395	391	407	419	431	455	427	439	483	457	471	451	461	435	469	467	475	477	493	481	479	489	499	521	493	501	537	507	511	509	521	533	509	535	547	597	627	609	615	627	603	599	583	597	585	561	553	577	547	537	545	559	515	531	551	547	521	553	533	541	553	557	561	563	569	597	561	565	569	609	601	603	647	655	685	675	683	661	691	685	723	689	691	745	717	729	719	699	733	651	651	649	653	623	659	615	613	605	605	633	667	681	635	649	651	619	621	639	605	619	643	629	613	617	657	645	677	735	755	771	797	815	767	741	719	673	721	635	651	635	639	629	607	621	613	601	597	605	593	561	587	563	587	587	591	579	551	577	573	549	577	529	591	587	549	561	519	521	557	521	505	523	501	531	495	517	489	515	511	537	541	535	519	499	513	511	529	521	503	493	509	493	507	487	471	493	509	529	485	461	519	483	517	501	505	523	481	501	499	517	515	491	499	511	499	511	523	491	513	521	501	493	495	509	517	515	505	511	529	517	539	481	481	517	499	475	547	517	501	519	535	533	525	513	543	513	539	569	547	549	561	553	541	557	575	521	525	571	565	559	589	639	645	699	683	719	701	717	703	751	709	687	729	755	769	743	755	775	785	763	817	809	839	791	861	847	879	871	921	913	869	863	847	813	833	773	769	767	779	763	781	763	757	737	743	709	725	753	733	767	775	783	801	783	821	873	855	847	889	887	929	939	925	1015	1033	1069	1111	1217	1245	1287	1323	1345	1447	1491	1525	1579	1635	1675	1735	1845	1927	1959	2091	2395	3001	4045	6567	11203	19211	33387	28769	10111	3757	2415	1937	1649	1513	1515	1561	1631	1747	1855	1999	1913	1921	1857	1945	2021	2099	2203	2423	2617	2765	2671	2169	1541	1219	1087	1015	959	937	891	899	903	851	847	865	831	817	807	759	813	727	745	753	691	709	737	731	727	691	717	715	723	685	707	709	693	689	731	703	703	705	679	689	675	727	689	671	679	665	669	651	647	625	623	591	571	589	557	579	539	573	567	571	525	553	525	551	563	583	587	575	533	547	527	555	559	569	547	555	559	533	537	577	515	539	549	543	541	547	539	541	545	551	511	581	565	543	559	581	531	543	519	557	575	539	523	545	551	551	573	535	525	539	547	531	557	553	557	547	567	587	583	569	579	565	589	567	595	593	587	587	595	575	611	619	611	607	575	587	609	619	579	597	621	613	605	613	633	601	667	659	621	653	663	635	665	637	653	683	667	665	659	669	669	659	623	673	665	639	659	687	709	701	705	709	707	699	741	715	697	689	669	647	707	661	667	661	667	661	669	631	675	683	739	743	729	759	747	721	687	673	629	645	635	637	651	635	625	625	643	653	669	663	701	673	689	697	711	765	743	807	875	923	979	927	869	759	749	719	697	689	683	657	677	643	647	627	643	659	651	649	671	639	605	661	679	659	665	687	667	675	667	705	677	709	733	701	721	783	785	795	783	807	789	819	819	809	841	835	877	853	881	871	819	765	725	687	651	633	599	607	593	557	573	581	563	567	563	513	545	561	581	575	559	569	533	519	565	541	565	525	529	541	537	555	527	581	567	545	549	527	553	513	557	553	547	515	529	517	541	515	545	529	525	547	535	537	549	515	571	549	521	537	525	561	551	523	517	541	535	511	535	571	537	569	555	533	573	563	575	557	535	559	585	565	523	531	553	587	575	535	545	571	545	557	541	551	535	549	517	555	555	561	555	569	549	519	539	563	561	545	589	571	579	565	579	555	551	561	573	559	563	525	561	561	539	553	579	543	561	593	573	551	553	553	567	549	595	559	573	563	565	601	605	537	577	579	567	555	569	597	563	583	581	577	589	557	597	587	599	583	595	585	593	613	607	615	609	633	613	625	589	613	623	613	631	583	653	661	631	671	675	631	685	699	679	711	725	719	691	729	727	701	719	727	743	753	721	761	717	767	725	711	691	723	695	671	715	699	671	659	631	647	673	703	665	673	659	681	643	685	633	675	705	685	675	671	663	697	675	697	681	667	731	703	743	743	777	753	809	775	839	883	959	1127	1309	1521	1557	1463	1267	1111	947	823	783	717	697	681	671	629	633	625	623	641	641	597	625	595	579	603	593	575	577	581	555	595	575	559	577	563	537	573	515	567	567	555	523	515	559	537	543	529	503	539	523	533	511	549	541	509	551	531	509	517	525	535	527	501	545	527	559	533	509	511	505	543	509	515	523	501
-10.6649	6.36368	21	13	17	33	23	21	27	33	29	29	25	31	29	37	35	43	31	35	37	35	41	41	31	39	31	41	31	47	43	51	47	61	55	61	65	69	61	63	73	69	81	81	87	85	91	99	107	119	115	137	125	147	143	139	161	145	171	167	183	189	185	195	219	217	239	225	217	235	265	221	245	239	253	257	245	285	277	293	265	267	289	289	275	301	295	281	295	307	309	307	315	321	293	319	317	315	315	317	315	321	325	329	323	329	363	345	307	337	369	397	389	417	407	401	383	391	383	385	355	349	335	331	353	345	359	349	345	339	349	329	355	339	363	351	365	363	381	381	381	361	355	345	369	389	403	435	407	417	411	423	449	433	445	421	453	437	455	465	455	453	455	461	393	387	391	405	403	405	379	381	419	399	393	411	411	407	413	419	413	429	395	395	405	397	405	393	387	401	411	447	471	477	523	511	487	477	491	459	441	443	427	407	387	399	385	399	403	385	377	403	387	369	389	377	379	379	369	343	357	367	365	335	353	365	361	349	367	351	365	345	361	345	321	331	343	325	319	325	353	327	329	367	333	295	353	349	329	321	335	309	313	329	321	315	307	331	327	341	323	325	313	317	325	343	339	319	335	333	311	321	305	311	325	303	319	327	305	319	323	305	321	327	309	327	315	331	309	319	319	331	313	319	341	339	341	325	319	339	327	319	329	319	323	339	343	333	347	331	349	349	359	365	361	339	345	347	333	347	367	349	341	387	353	367	401	435	415	443	413	451	445	457	443	463	445	471	467	475	503	481	505	483	515	519	501	527	489	547	569	561	575	577	571	581	535	557	553	545	495	517	517	477	509	525	503	489	491	469	445	481	473	467	491	503	517	509	509	533	545	543	543	543	563	587	609	615	633	667	699	679	735	807	841	885	879	913	907	941	1009	1025	1065	1097	1145	1191	1273	1335	1515	1909	2505	3907	6531	11747	20139	19757	7987	2741	1587	1253	1065	981	981	985	997	1083	1169	1215	1253	1233	1207	1189	1245	1391	1391	1507	1581	1681	1787	1481	1011	749	677	641	585	617	581	587	585	549	545	513	521	493	497	485	491	489	461	473	499	451	489	455	465	447	433	471	455	447	445	443	439	423	469	423	437	433	407	421	435	409	383	447	403	413	397	395	427	405	377	377	375	369	361	353	375	367	347	357	335	357	341	365	331	361	333	351	341	331	337	395	329	359	351	369	341	345	339	365	347	359	333	329	343	341	329	335	367	337	325	333	335	349	365	337	365	357	357	343	349	347	339	343	347	355	363	347	359	351	369	359	335	379	365	369	369	363	371	353	349	359	355	371	379	385	359	375	353	365	361	385	357	377	375	369	361	377	383	375	375	387	375	377	377	377	387	405	409	405	403	387	435	411	417	411	425	397	427	407	403	407	433	427	421	405	429	407	453	423	437	437	435	431	443	443	447	453	417	435	461	435	451	429	433	413	423	417	455	451	443	463	479	451	427	459	437	415	419	375	413	395	409	431	419	421	417	417	433	427	427	425	425	419	447	409	451	507	527	575	623	645	575	489	443	461	437	457	447	411	417	433	419	419	421	413	413	399	383	405	427	419	387	429	421	423	403	425	451	467	431	437	421	477	445	435	473	485	519	481	517	495	485	513	563	541	541	567	537	525	521	503	489	443	415	411	399	367	373	357	357	351	343	347	363	377	373	337	385	323	359	337	355	351	363	345	353	321	359	339	341	353	325	319	357	343	373	337	349	345	327	347	337	341	345	337	379	345	333	337	341	343	341	319	347	355	361	343	343	345	357	349	329	335	345	349	339	365	353	341	331	335	357	365	351	335	355	345	341	337	355	329	345	355	353	349	341	363	359	359	355	347	339	361	383	339	363	357	341	359	347	365	365	369	343	341	319	369	359	335	367	323	353	363	349	357	367	361	363	361	359	313	335	357	341	357	331	343	357	325	337	353	353	363	373	359	371	375	369	391	365	401	363	367	347	375	375	361	339	355	395	365	369	371	369	371	381	363	373	349	369	365	363	373	401	361	407	383	383	381	381	397	401	383	429	405	411	411	437	447	435	425	445	417	443	457	449	447	461	439	469	443	457	437	459	451	473	471	481	447	443	467	435	421	427	453	445	431	397	419	423	435	423	403	449	451	435	415	437	433	437	407	425	465	445	449	435	429	425	453	473	471	465	511	509	509	557	547	643	643	783	949	1185	1345	1537	1429	1249	1029	829	675	587	555	521	485	475	427	431	423	413	405	373	409	393	389	363	377	389	379	395	375	375	369	355	355	337	347	373	343	345	363	351	345	319	349	345	329	323	341	319	335	347	341	327	345	331	345	311	325	321	349	335	311	335	341	325	329	331	323	331	359	333	339	331	311	301	313
-10.6649	8.45497	21	23	25	31	21	21	25	31	27	29	37	29	37	45	41	27	45	37	41	41	51	35	49	49	43	57	57	59	59	73	67	69	81	67	79	89	71	85	87	95	95	99	113	127	129	133	123	137	155	153	159	173	169	183	183	197	193	209	225	225	253	245	247	263	277	271	295	295	279	311	307	321	323	337	339	349	341	355	349	353	375	371	367	365	369	373	385	381	395	399	399	391	369	403	397	381	393	403	397	395	405	417	451	419	453	427	451	443	475	487	515	483	467	493	465	435	425	427	451	437	453	451	425	405	431	415	449	443	441	449	423	443	435	437	445	423	457	473	467	449	425	481	445	463	475	509	507	517	529	489	509	519	505	523	505	557	567	529	577	535	539	549	533	507	521	497	497	465	491	499	483	453	499	455	477	495	511	459	503	473	515	473	475	495	493	485	501	501	503	521	567	577	583	635	589	599	581	575	547	519	535	487	499	509	487	443	487	473	487	451	467	469	467	453	451	447	453	461	451	447	435	429	435	425	431	431	473	425	419	429	403	415	411	435	413	407	401	419	405	417	407	387	419	437	413	411	399	401	389	407	419	379	409	403	421	425	433	393	415	419	425	419	407	389	405	403	379	427	413	397	399	409	403	385	425	381	393	427	399	403	381	407	405	411	405	407	409	405	419	395	367	377	419	385	433	417	419	419	401	401	421	439	395	399	417	443	429	449	433	415	415	449	425	421	443	453	459	443	439	431	441	477	467	483	463	511	501	517	543	541	499	535	561	543	561	567	571	563	571	587	559	581	605	591	621	609	639	619	639	667	659	681	687	651	657	647	633	633	625	613	599	587	589	593	591	575	579	587	587	571	557	583	575	587	625	615	619	655	643	633	661	649	695	701	697	717	747	795	805	817	851	911	955	957	1037	1047	1065	1131	1143	1201	1241	1275	1375	1453	1475	1613	1929	2371	3123	4625	7795	12257	19117	19393	8831	3223	1925	1497	1257	1155	1161	1143	1191	1223	1281	1387	1391	1341	1341	1369	1437	1479	1567	1595	1743	1773	1801	1581	1177	921	811	779	727	699	681	649	691	681	661	641	657	627	609	617	597	599	617	585	607	579	553	547	563	567	593	579	563	565	575	531	523	553	521	539	557	501	531	535	497	557	505	519	529	545	513	485	525	503	493	483	491	465	495	461	451	455	443	445	441	459	463	473	445	453	453	471	511	445	461	439	463	449	479	479	465	443	429	423	459	465	439	455	415	441	453	453	441	449	447	429	411	461	443	477	435	459	441	435	435	453	457	433	467	455	441	451	445	477	465	429	449	453	429	445	459	429	477	457	461	431	455	453	479	479	449	471	479	497	481	471	453	511	499	479	481	475	493	489	509	483	487	493	505	511	493	517	515	497	533	509	521	519	537	527	501	527	519	525	503	537	527	505	547	525	531	531	553	521	529	517	525	557	537	557	545	539	527	543	547	549	535	499	521	529	503	537	571	577	531	581	595	571	581	545	529	519	519	513	513	497	511	517	521	515	537	519	539	557	523	563	511	543	547	567	585	611	611	659	739	719	707	629	607	565	539	551	559	535	537	549	525	509	523	549	469	519	521	511	523	553	541	537	519	551	565	559	547	557	525	547	559	551	575	577	591	607	611	571	635	641	633	617	629	659	669	641	661	647	645	637	577	507	527	487	483	499	481	473	473	489	479	447	459	445	465	457	463	449	451	455	471	441	435	459	439	423	447	441	467	479	423	457	445	451	459	445	453	455	461	447	445	457	427	459	445	419	463	465	431	479	443	451	449	473	445	469	433	431	437	457	437	443	445	423	451	445	447	441	447	455	475	453	463	435	443	449	453	485	461	467	475	453	467	439	455	479	479	421	433	455	453	471	471	443	451	477	441	465	441	471	423	473	453	473	435	463	453	447	457	479	457	463	457	475	465	453	457	453	443	455	459	461	441	465	461	455	455	409	457	465	461	443	439	471	469	499	489	463	495	493	507	471	455	503	487	447	505	507	503	457	477	459	445	485	467	495	471	485	473	483	491	529	495	505	499	487	479	519	531	503	503	485	517	491	511	525	551	515	545	545	531	549	549	569	549	553	537	541	603	549	583	583	583	579	601	577	601	579	569	579	557	571	533	547	563	561	545	549	555	535	567	543	565	533	543	543	543	605	533	567	555	559	573	567	555	585	583	611	609	647	641	665	683	687	733	781	871	973	1157	1373	1749	2123	2293	2175	1759	1423	1161	965	865	745	705	693	621	587	553	591	519	517	511	511	533	507	495	493	503	493	479	489	505	519	469	483	485	473	509	491	469	459	457	471	477	453	481	465	451	465	455	449	453	443	449	457	447	423	439	453	461	421	421	447	441	451	431	449	433	433	427	427	435	459	429	451	425	441
-10.6649	10.5463	17	15	23	33	25	27	31	37	27	27	31	31	29	31	29	35	33	35	45	43	49	53	45	49	51	43	51	57	53	61	67	71	59	67	65	77	75	83	81	81	89	95	117	101	103	115	141	127	139	145	157	169	163	167	191	207	215	201	211	217	241	235	241	269	253	245	279	269	309	289	305	293	315	307	305	325	345	321	337	349	343	353	347	359	357	361	359	381	379	365	399	363	387	365	387	381	387	375	397	403	403	389	371	401	405	405	403	437	435	443	489	473	451	445	491	451	451	451	399	449	431	429	407	445	423	419	433	399	423	427	393	415	435	425	445	445	425	427	437	435	449	447	427	445	461	497	505	505	501	501	501	509	505	493	549	535	517	533	541	537	549	547	511	475	493	485	489	481	429	477	443	455	449	483	465	477	489	491	489	463	461	497	457	443	443	465	463	487	501	481	547	573	559	585	603	605	565	541	525	525	469	479	473	461	457	437	447	455	451	437	439	455	421	445	437	443	439	435	427	413	391	433	399	455	409	435	413	417	425	393	399	377	391	407	395	401	405	385	381	413	397	401	371	387	407	397	405	397	381	377	387	391	381	369	395	417	393	395	407	375	383	407	371	377	391	377	387	383	375	361	405	423	387	365	395	371	391	353	393	385	369	379	389	407	405	379	399	399	387	371	361	413	397	383	403	379	377	383	397	403	403	379	391	381	411	397	419	393	417	417	417	405	405	411	421	411	433	425	419	401	429	421	431	441	451	463	515	519	523	539	537	511	529	519	545	529	573	519	559	585	567	555	587	595	597	611	593	587	629	629	655	641	647	603	613	591	583	611	597	593	585	573	573	577	567	589	559	559	537	547	573	575	557	585	579	609	615	595	597	649	661	625	669	707	755	741	763	757	813	831	859	901	935	1015	1045	1043	1047	1115	1197	1181	1247	1275	1335	1423	1561	1695	1951	2489	3543	5529	8481	11897	17093	17903	9037	3911	2241	1663	1439	1327	1213	1225	1221	1285	1395	1539	1501	1459	1477	1511	1507	1523	1561	1619	1617	1627	1611	1463	1117	889	787	709	701	669	679	653	651	629	625	645	581	569	569	553	573	541	565	561	531	559	563	563	545	561	521	527	537	547	517	499	537	533	509	533	513	527	535	523	517	537	521	459	487	497	513	501	493	483	479	449	455	481	441	463	411	429	413	433	441	401	451	425	439	423	435	407	437	419	455	411	439	417	423	433	445	411	429	435	417	425	429	449	417	407	407	433	471	473	493	505	495	451	441	433	425	435	393	417	389	405	425	421	417	457	429	437	425	423	435	423	403	413	429	455	407	413	429	431	449	403	423	429	435	465	461	443	447	471	455	471	447	477	457	445	473	445	457	449	453	471	467	441	455	455	473	495	491	493	495	463	483	471	505	497	505	469	477	485	489	503	505	483	493	483	529	487	511	501	541	521	523	533	481	527	511	527	519	535	491	495	513	491	503	501	517	509	517	539	513	523	537	539	547	535	525	493	485	463	445	493	505	475	467	505	483	497	497	493	519	521	515	517	509	511	559	593	605	715	699	681	643	603	591	545	515	521	515	483	495	495	481	481	509	467	509	499	477	477	535	493	495	507	461	495	521	497	481	525	495	521	549	497	573	583	575	561	555	605	583	591	609	615	639	613	649	621	649	581	593	551	509	503	493	437	439	443	445	417	423	443	415	423	419	407	417	419	445	417	423	401	417	375	421	429	427	401	391	413	425	409	385	397	395	407	407	411	413	427	401	409	425	397	391	403	393	435	405	413	377	419	415	383	403	413	419	405	427	421	379	383	429	411	413	425	395	403	445	399	411	401	433	403	405	403	419	425	451	419	409	429	413	407	435	413	379	421	451	429	427	419	395	413	395	421	385	425	409	431	407	439	411	423	383	427	417	425	407	433	413	421	435	423	407	443	409	427	417	437	421	413	419	405	417	437	415	429	425	423	423	409	397	437	437	413	421	421	409	429	429	429	413	427	435	447	439	441	449	425	403	469	441	445	451	433	435	453	443	457	445	415	443	425	449	449	465	449	447	451	455	475	457	473	489	507	471	485	491	497	515	513	499	517	503	517	515	549	521	529	565	519	529	521	535	529	547	529	531	551	511	543	531	521	519	477	539	523	515	491	529	513	517	527	515	515	517	507	515	521	537	517	541	531	537	535	567	579	575	599	601	607	623	671	711	781	761	917	967	1131	1421	1803	2335	2893	3223	3065	2439	1901	1391	1195	939	865	781	733	625	611	593	527	571	515	475	511	469	479	485	479	471	465	493	471	459	459	433	459	415	423	461	419	429	403	419	421	423	419	413	409	431	395	381	413	385	441	395	395	411	419	379	415	403	363	395	383	409	393	395	357	399	387	395	401	399	391	405	403	393	411
-10.6649	12.6375	27	19	25	27	21	23	29	27	21	29	33	21	29	31	25	23	29	31	29	31	31	37	33	41	33	39	45	49	41	47	57	53	51	53	51	55	59	67	67	73	79	57	91	91	95	93	111	97	111	109	127	111	137	137	147	155	143	157	175	175	173	183	179	179	207	211	217	205	235	219	217	219	245	241	229	229	233	263	261	261	267	231	261	255	273	273	267	273	281	285	279	277	295	291	293	293	281	289	291	303	291	317	291	337	355	357	335	369	397	441	433	463	519	537	509	497	511	485	423	463	417	387	391	381	397	403	373	385	381	367	369	389	405	373	385	379	387	389	397	395	413	423	453	493	497	511	549	533	577	573	591	551	601	635	623	617	637	649	619	657	627	607	527	515	487	505	475	473	469	453	437	495	463	493	487	449	485	479	483	489	457	465	469	449	453	467	475	469	543	539	625	703	705	805	763	745	755	695	645	601	519	519	503	499	465	451	469	457	433	435	405	455	423	393	401	373	381	385	389	407	383	361	377	365	361	369	369	339	373	335	327	349	345	295	321	303	319	317	295	287	309	313	305	289	311	321	283	293	285	295	289	297	297	307	293	271	289	263	279	275	257	263	249	273	287	273	281	293	265	295	299	275	277	277	271	269	279	263	297	265	257	283	303	281	275	253	263	267	281	261	285	287	269	275	287	281	273	271	295	303	299	305	279	293	291	297	311	295	279	317	315	303	301	297	293	313	329	333	323	345	339	337	341	361	367	405	461	545	595	575	591	579	605	635	629	597	595	589	605	593	597	629	615	611	633	629	671	677	693	741	773	821	831	825	805	827	771	743	743	753	759	715	707	713	699	671	681	703	685	687	709	705	709	693	733	717	797	803	819	805	825	867	917	941	983	1077	1121	1237	1237	1337	1329	1461	1447	1509	1579	1605	1657	1723	1745	1827	1925	1881	2125	2299	2371	2621	3017	3729	4933	7313	10771	16811	28461	40495	33789	17689	8641	5291	3871	3079	2607	2591	2945	3179	3563	3773	3859	3805	3957	4005	4093	3791	3295	2731	2515	2419	2339	2223	1867	1409	1105	945	897	833	819	811	771	761	709	707	663	631	609	609	579	597	579	557	541	553	557	529	547	517	537	549	527	547	527	537	523	531	551	557	549	507	503	553	537	521	499	473	511	539	507	527	481	465	453	435	417	369	357	337	331	335	343	333	337	343	323	319	329	327	321	331	325	303	317	325	317	315	343	309	333	325	335	329	325	337	367	343	369	411	431	517	687	1113	1637	1673	1119	625	509	427	405	393	389	377	359	361	345	345	343	355	343	331	351	333	331	347	325	337	313	341	347	351	319	347	357	353	351	357	365	355	337	367	369	373	379	361	385	401	403	409	389	415	405	413	395	413	411	403	415	433	425	467	495	513	485	473	463	481	469	521	523	477	471	479	487	483	479	503	503	517	485	523	487	505	513	521	515	525	521	537	531	517	489	493	513	527	503	509	485	465	487	515	559	615	633	651	631	583	565	567	489	481	469	471	453	463	479	443	459	469	459	487	477	509	513	527	491	551	621	655	753	895	987	1037	1133	1029	877	753	657	617	553	515	517	459	459	449	427	455	453	449	443	447	425	485	463	443	453	475	473	515	491	529	529	537	543	561	615	635	641	701	753	785	799	821	843	883	877	925	891	889	831	797	771	697	665	635	561	547	437	413	387	373	363	333	339	327	299	303	291	295	287	303	299	303	315	285	291	293	301	289	299	291	289	267	285	269	279	275	305	281	289	277	275	253	255	273	259	275	269	269	291	263	275	269	281	279	253	285	275	251	281	287	285	263	269	273	279	263	253	275	283	279	287	277	281	259	301	263	273	303	285	289	285	283	263	297	299	309	287	313	285	321	319	309	307	281	303	273	307	297	299	279	285	303	287	301	269	277	285	293	291	317	285	307	311	317	309	301	333	327	333	299	355	313	331	309	303	287	313	315	297	301	313	317	333	335	309	317	315	317	319	349	347	351	347	359	355	367	357	351	365	335	361	353	341	361	327	343	355	341	373	373	375	349	343	375	377	391	391	373	381	407	403	405	391	387	415	409	437	437	483	525	527	555	527	543	533	569	535	551	521	567	569	555	575	565	599	575	593	585	635	599	565	583	565	561	529	581	527	531	515	521	519	529	503	525	487	499	497	475	501	475	503	465	499	485	525	477	505	493	521	481	549	535	493	557	523	517	555	527	571	567	595	649	767	881	1091	1269	1375	1347	1107	919	749	623	549	497	451	469	431	411	383	397	365	371	345	353	355	347	335	355	331	323	319	343	315	335	309	325	323	343	333	287	311	299	293	287	303	291	265	275	271	263	243	267	263	273	285	251	265	247	241	267	273	233	285	255	273	273	245	271	227	251	253	251	249	251	253	253	241	247
-10.6649	14.7288	11	23	27	29	29	29	33	31	37	25	35	31	41	37	31	39	47	51	43	37	45	43	53	61	37	41	59	45	69	77	65	79	67	81	83	81	89	81	89	103	105	101	113	129	119	135	157	153	153	167	171	177	191	201	213	203	239	225	253	239	261	267	283	277	281	289	311	279	319	317	329	347	349	351	355	361	341	363	367	369	377	373	357	393	389	397	395	415	407	423	421	393	411	439	423	427	401	433	425	451	463	447	451	459	499	501	543	583	571	611	639	679	699	747	751	731	713	705	649	681	655	599	575	565	563	547	575	545	547	565	581	537	577	561	589	585	587	569	617	633	607	663	677	729	761	783	749	805	821	841	883	869	827	865	917	869	899	917	967	943	931	863	795	719	729	687	671	681	649	719	677	629	665	689	693	669	703	673	687	691	707	673	677	655	673	695	719	725	745	779	887	1017	1089	1139	1163	1121	1039	1005	913	831	841	787	783	737	749	701	685	631	629	625	629	625	581	599	571	607	549	573	585	583	559	551	547	553	531	521	501	491	515	503	459	457	473	455	469	447	447	441	479	445	441	445	443	447	439	415	435	417	453	435	425	447	403	437	437	423	445	413	409	409	403	411	377	423	415	417	395	401	417	391	375	395	421	411	389	413	413	387	381	435	407	395	415	381	389	409	421	415	403	393	407	419	409	435	413	425	411	429	429	411	431	437	399	435	447	421	447	427	459	453	461	473	449	457	441	515	451	481	455	497	521	507	507	549	543	647	731	767	863	881	859	891	929	873	869	839	895	867	875	851	885	905	893	871	913	975	967	1007	981	1075	1141	1185	1221	1183	1195	1149	1091	1107	1059	1069	1077	1053	1011	1011	1021	999	989	989	1045	1025	1027	1049	1015	1073	1089	1065	1147	1147	1189	1213	1227	1279	1339	1423	1527	1491	1663	1755	1891	1987	2045	2077	2197	2241	2337	2335	2363	2501	2589	2689	2831	2865	2999	3177	3439	3745	4371	5375	7251	10645	15837	25081	43501	60809	47313	23621	11721	7525	5617	4317	3839	3931	4431	4965	5401	5525	5667	5605	5733	5815	5721	5217	4365	3869	3553	3545	3399	3111	2465	1833	1543	1373	1279	1225	1207	1129	1127	1097	1063	1027	999	955	949	833	883	823	839	789	793	795	819	809	817	819	781	779	767	771	769	751	799	829	771	803	795	743	755	751	777	761	741	719	753	739	719	733	705	677	621	593	577	527	501	539	501	529	497	497	475	485	489	469	483	495	487	455	495	463	465	475	445	477	467	459	461	469	485	475	481	519	509	521	569	611	669	837	1113	1833	2579	2211	1393	865	729	603	595	533	549	523	533	519	531	513	507	487	499	495	505	497	493	493	493	515	491	499	503	505	485	521	509	511	507	503	507	537	527	535	545	547	561	587	585	603	603	619	583	603	621	563	605	571	597	621	629	655	655	685	701	735	713	691	743	711	709	693	725	711	743	715	757	759	721	735	755	737	765	761	779	755	789	781	757	799	753	809	787	775	729	803	755	757	723	733	751	723	789	811	859	907	955	937	901	819	831	753	715	699	705	661	651	701	675	667	677	703	715	713	745	763	783	789	799	839	971	1021	1217	1369	1553	1603	1571	1409	1223	1037	893	849	789	785	733	707	727	691	669	659	683	665	665	649	679	657	639	677	703	721	691	723	729	747	743	809	875	871	871	919	955	1055	1087	1169	1157	1217	1251	1267	1319	1325	1309	1243	1253	1189	1087	1033	949	865	741	737	639	605	553	555	521	507	479	461	465	445	457	451	451	439	411	451	431	437	437	433	425	429	411	443	427	395	427	377	469	415	389	413	381	427	413	415	411	387	411	399	399	409	387	389	409	409	399	379	393	421	381	407	409	413	395	391	397	407	415	407	393	411	413	423	419	419	409	379	429	425	417	441	411	433	437	439	421	441	451	445	427	439	447	471	465	465	417	423	443	447	431	437	459	439	463	457	439	435	451	443	421	423	429	435	467	477	453	433	447	475	475	453	445	467	451	465	477	489	489	475	465	485	459	469	465	487	453	487	489	487	485	477	517	489	517	519	545	527	523	529	543	535	533	517	531	509	515	495	501	507	507	505	537	523	521	563	543	545	557	569	519	529	605	599	553	557	581	613	647	663	715	683	713	743	747	795	755	753	801	811	797	809	799	799	843	787	809	867	853	827	871	893	901	903	849	855	839	797	801	777	803	793	783	761	705	715	723	771	747	723	751	705	731	745	723	707	723	743	707	763	737	789	703	769	719	745	743	735	727	727	743	731	749	763	779	799	879	1031	1111	1321	1391	1333	1125	941	809	751	687	647	615	567	553	521	535	527	525	509	495	539	503	491	519	501	469	475	511	477	505	475	509	495	465	449	471	465	457	475	435	435	431	407	407	395	399	379	393	407	367	379	413	379	403	391	397	345	363	411	369	385	367	375	377	377	365	391	373	367	397	379	365	371	367	401
